"../../../Engine/Plugins/2D/Paper2D/Content/PlaceholderTextures/DummySpriteTexture.ubulk" 0
"../../../Engine/Plugins/2D/Paper2D/Content/PlaceholderTextures/DummySpriteTexture.uasset" 1
"../../../Engine/Plugins/2D/Paper2D/Content/PlaceholderTextures/DummySpriteTexture.uexp" 2
"../../../Engine/Plugins/2D/Paper2D/Content/DummySprite.uasset" 3
"../../../Engine/Plugins/2D/Paper2D/Content/DummySprite.uexp" 4
"../../../Engine/Plugins/2D/Paper2D/Content/DefaultPaperTerrainMaterial.uasset" 5
"../../../Engine/Plugins/2D/Paper2D/Content/DefaultPaperTerrainMaterial.uexp" 6
"../../../Engine/Plugins/Animation/ACLPlugin/Content/ACLAnimBoneCompressionSettings.uasset" 7
"../../../Engine/Plugins/Animation/ACLPlugin/Content/ACLAnimBoneCompressionSettings.uexp" 8
"../../../Engine/Content/EngineMaterials/DefaultDestructiblePhysicalMaterial.uasset" 9
"../../../Engine/Content/EngineMaterials/DefaultDestructiblePhysicalMaterial.uexp" 10
"../../../Engine/Content/EngineFonts/Faces/DroidSansFallback.uexp" 11
"../../../Engine/Content/EngineFonts/Faces/DroidSansFallback.uasset" 12
"../../../Engine/Content/EngineFonts/Faces/DroidSansFallback.ufont" 13
"../../../Engine/Content/EngineFonts/Faces/DroidSansMono.uexp" 14
"../../../Engine/Content/EngineFonts/Faces/DroidSansMono.uasset" 15
"../../../Engine/Content/EngineFonts/Faces/DroidSansMono.ufont" 16
"../../../Engine/Content/EngineFonts/DroidSansMono.uasset" 17
"../../../Engine/Content/EngineFonts/DroidSansMono.uexp" 18
"../../../Engine/Plugins/MetaHuman/MetaHumanAnimator/Content/Solver/GenericFaceAnimationSolver.uasset" 19
"../../../Engine/Plugins/MetaHuman/MetaHumanAnimator/Content/Solver/GenericFaceAnimationSolver.uexp" 20
"../../../Engine/Plugins/MetaHuman/MetaHumanAnimator/Content/GenericTracker/GenericFaceContourTracker.uasset" 21
"../../../Engine/Plugins/MetaHuman/MetaHumanAnimator/Content/GenericTracker/GenericFaceContourTracker.uexp" 22
"../../../Engine/Plugins/Interchange/Runtime/Content/Pipelines/DefaultTexturePipeline.uasset" 23
"../../../Engine/Plugins/Interchange/Runtime/Content/Pipelines/DefaultTexturePipeline.uexp" 24
"../../../Engine/Plugins/Interchange/Runtime/Content/Pipelines/DefaultSceneLevelPipeline.uasset" 25
"../../../Engine/Plugins/Interchange/Runtime/Content/Pipelines/DefaultSceneLevelPipeline.uexp" 26
"../../../Engine/Plugins/Interchange/Runtime/Content/Pipelines/DefaultSceneAssetsPipeline.uasset" 27
"../../../Engine/Plugins/Interchange/Runtime/Content/Pipelines/DefaultSceneAssetsPipeline.uexp" 28
"../../../Engine/Plugins/Interchange/Runtime/Content/Pipelines/DefaultMaterialXPipeline.uasset" 29
"../../../Engine/Plugins/Interchange/Runtime/Content/Pipelines/DefaultMaterialXPipeline.uexp" 30
"../../../Engine/Plugins/Interchange/Runtime/Content/Pipelines/DefaultMaterialPipeline.uasset" 31
"../../../Engine/Plugins/Interchange/Runtime/Content/Pipelines/DefaultMaterialPipeline.uexp" 32
"../../../Engine/Plugins/Interchange/Runtime/Content/Pipelines/DefaultGLTFSceneAssetsPipeline.uasset" 33
"../../../Engine/Plugins/Interchange/Runtime/Content/Pipelines/DefaultGLTFSceneAssetsPipeline.uexp" 34
"../../../Engine/Plugins/Interchange/Runtime/Content/Pipelines/DefaultGLTFPipeline.uasset" 35
"../../../Engine/Plugins/Interchange/Runtime/Content/Pipelines/DefaultGLTFPipeline.uexp" 36
"../../../Engine/Plugins/Interchange/Runtime/Content/Pipelines/DefaultGLTFAssetsPipeline.uasset" 37
"../../../Engine/Plugins/Interchange/Runtime/Content/Pipelines/DefaultGLTFAssetsPipeline.uexp" 38
"../../../Engine/Plugins/Interchange/Runtime/Content/Pipelines/DefaultAssetsPipeline.uasset" 39
"../../../Engine/Plugins/Interchange/Runtime/Content/Pipelines/DefaultAssetsPipeline.uexp" 40
"../../../Engine/Plugins/Animation/ControlRig/Content/Controls/DefaultGizmoLibraryNormalized.uasset" 41
"../../../Engine/Plugins/Animation/ControlRig/Content/Controls/DefaultGizmoLibraryNormalized.uexp" 42
"../../../Engine/Content/EngineSounds/Master.uasset" 43
"../../../Engine/Content/EngineSounds/Master.uexp" 44
"../../../Engine/Content/MobileResources/HUD/VirtualJoystick_Thumb.uasset" 45
"../../../Engine/Content/MobileResources/HUD/VirtualJoystick_Thumb.uexp" 46
"../../../Engine/Content/MobileResources/HUD/VirtualJoystick_Background.uasset" 47
"../../../Engine/Content/MobileResources/HUD/VirtualJoystick_Background.uexp" 48
"../../../Engine/Content/MobileResources/HUD/DefaultVirtualJoysticks.uasset" 49
"../../../Engine/Content/MobileResources/HUD/DefaultVirtualJoysticks.uexp" 50
"../../../Engine/Plugins/MetaHuman/MetaHumanCharacter/Content/Animation/Retargeting/IK_MH_IKRig.uasset" 51
"../../../Engine/Plugins/MetaHuman/MetaHumanCharacter/Content/Animation/Retargeting/IK_MH_IKRig.uexp" 52
"../../../Engine/Plugins/MetaHuman/MetaHumanCharacter/Content/Animation/Retargeting/RTG_MH_IKRig.uasset" 53
"../../../Engine/Plugins/MetaHuman/MetaHumanCharacter/Content/Animation/Retargeting/RTG_MH_IKRig.uexp" 54
"../../../Engine/Content/EngineResources/GradientTexture0.uasset" 55
"../../../Engine/Content/EngineResources/GradientTexture0.uexp" 56
"../../../Engine/Content/EditorResources/S_Actor.ubulk" 57
"../../../Engine/Content/EditorResources/S_Actor.uasset" 58
"../../../Engine/Content/EditorResources/S_Actor.uexp" 59
"../../../Engine/Content/EditorResources/S_Trigger.ubulk" 60
"../../../Engine/Content/EditorResources/S_Trigger.uasset" 61
"../../../Engine/Content/EditorResources/S_Trigger.uexp" 62
"../../../Engine/Content/EditorResources/S_BoxReflectionCapture.uasset" 63
"../../../Engine/Content/EditorResources/S_BoxReflectionCapture.uexp" 64
"../../../Engine/Content/EditorResources/S_TriggerBox.uasset" 65
"../../../Engine/Content/EditorResources/S_TriggerBox.uexp" 66
"../../../Engine/Content/EditorResources/S_TriggerCapsule.uasset" 67
"../../../Engine/Content/EditorResources/S_TriggerCapsule.uexp" 68
"../../../Engine/Content/EditorResources/S_TriggerSphere.uasset" 69
"../../../Engine/Content/EditorResources/S_TriggerSphere.uexp" 70
"../../../Engine/Content/EngineMeshes/Sphere.ubulk" 71
"../../../Engine/Content/EngineMeshes/Sphere.uasset" 72
"../../../Engine/Content/EngineMeshes/Sphere.uexp" 73
"../../../Engine/Content/EngineResources/DefaultTextureCube.uasset" 74
"../../../Engine/Content/EngineResources/DefaultTextureCube.uexp" 75
"../../../Engine/Plugins/2D/Paper2D/Content/DefaultSpriteMaterial.uasset" 76
"../../../Engine/Plugins/2D/Paper2D/Content/DefaultSpriteMaterial.uexp" 77
"../../../Engine/Plugins/2D/Paper2D/Content/OpaqueUnlitSpriteMaterial.uasset" 78
"../../../Engine/Plugins/2D/Paper2D/Content/OpaqueUnlitSpriteMaterial.uexp" 79
"../../../Engine/Plugins/2D/Paper2D/Content/MaskedUnlitSpriteMaterial.uasset" 80
"../../../Engine/Plugins/2D/Paper2D/Content/MaskedUnlitSpriteMaterial.uexp" 81
"../../../Engine/Plugins/Runtime/CommonUI/Content/DefaultMediaTexture.uasset" 82
"../../../Engine/Plugins/Runtime/CommonUI/Content/DefaultMediaTexture.uexp" 83
"../../../Engine/Plugins/Runtime/CommonUI/Content/VideoPlayerMaterial.uasset" 84
"../../../Engine/Plugins/Runtime/CommonUI/Content/VideoPlayerMaterial.uexp" 85
"../../../Engine/Content/EngineResources/DefaultTexture.ubulk" 86
"../../../Engine/Content/EngineResources/DefaultTexture.uasset" 87
"../../../Engine/Content/EngineResources/DefaultTexture.uexp" 88
"../../../Engine/Plugins/Runtime/AR/AppleAR/AppleARKit/Content/M_SceneDepthOcclusion.uasset" 89
"../../../Engine/Plugins/Runtime/AR/AppleAR/AppleARKit/Content/M_SceneDepthOcclusion.uexp" 90
"../../../Engine/Plugins/Runtime/AR/AppleAR/AppleARKit/Content/M_OcclusionOverlay.uasset" 91
"../../../Engine/Plugins/Runtime/AR/AppleAR/AppleARKit/Content/M_OcclusionOverlay.uexp" 92
"../../../Engine/Plugins/Runtime/AR/AppleAR/AppleARKit/Content/MI_MatteOcclusionOverlay.uasset" 93
"../../../Engine/Plugins/Runtime/AR/AppleAR/AppleARKit/Content/MI_MatteOcclusionOverlay.uexp" 94
"../../../Engine/Plugins/Runtime/AR/AppleAR/AppleARKit/Content/MI_DepthOcclusionOverlay.uasset" 95
"../../../Engine/Plugins/Runtime/AR/AppleAR/AppleARKit/Content/MI_DepthOcclusionOverlay.uexp" 96
"../../../Engine/Plugins/NNE/NNEDenoiser/Content/NNE_oidn2-3-0_rt_hdr_calb_cnrm_large__dyn__fp16_opset11_ForwardAlpha.uasset" 97
"../../../Engine/Plugins/NNE/NNEDenoiser/Content/NNE_oidn2-3-0_rt_hdr_calb_cnrm_large__dyn__fp16_opset11_ForwardAlpha.uexp" 98
"../../../Engine/Plugins/NNE/NNEDenoiser/Content/NNE_oidn2-3-0_rt_hdr_calb_cnrm_large__dyn__fp16_opset11_DenoiseAlpha.uasset" 99
"../../../Engine/Plugins/NNE/NNEDenoiser/Content/NNE_oidn2-3-0_rt_hdr_calb_cnrm_large__dyn__fp16_opset11_DenoiseAlpha.uexp" 100
"../../../Engine/Plugins/NNE/NNEDenoiser/Content/NNE_oidn2-3-0_rt_hdr_alb_nrm__dyn__fp16_opset11_ForwardAlpha.uasset" 101
"../../../Engine/Plugins/NNE/NNEDenoiser/Content/NNE_oidn2-3-0_rt_hdr_alb_nrm__dyn__fp16_opset11_ForwardAlpha.uexp" 102
"../../../Engine/Plugins/NNE/NNEDenoiser/Content/NNE_oidn2-3-0_rt_hdr_alb_nrm__dyn__fp16_opset11_DenoiseAlpha.uasset" 103
"../../../Engine/Plugins/NNE/NNEDenoiser/Content/NNE_oidn2-3-0_rt_hdr_alb_nrm__dyn__fp16_opset11_DenoiseAlpha.uexp" 104
"../../../Engine/Plugins/NNE/NNEDenoiser/Content/NNE_oidn2-3-0_rt_hdr_alb_nrm_small__dyn__fp16_opset11_ForwardAlpha.uasset" 105
"../../../Engine/Plugins/NNE/NNEDenoiser/Content/NNE_oidn2-3-0_rt_hdr_alb_nrm_small__dyn__fp16_opset11_ForwardAlpha.uexp" 106
"../../../Engine/Plugins/NNE/NNEDenoiser/Content/NNE_oidn2-3-0_rt_hdr_alb_nrm_small__dyn__fp16_opset11_DenoiseAlpha.uasset" 107
"../../../Engine/Plugins/NNE/NNEDenoiser/Content/NNE_oidn2-3-0_rt_hdr_alb_nrm_small__dyn__fp16_opset11_DenoiseAlpha.uexp" 108
"../../../Engine/Plugins/NNE/NNEDenoiser/Content/NNEDTOM_Output_Default.uasset" 109
"../../../Engine/Plugins/NNE/NNEDenoiser/Content/NNEDTOM_Output_Default.uexp" 110
"../../../Engine/Plugins/NNE/NNEDenoiser/Content/NNEDTOM_Output_Alpha.uasset" 111
"../../../Engine/Plugins/NNE/NNEDenoiser/Content/NNEDTOM_Output_Alpha.uexp" 112
"../../../Engine/Plugins/NNE/NNEDenoiser/Content/NNEDTIM_ColorAlbedoNormal_Default.uasset" 113
"../../../Engine/Plugins/NNE/NNEDenoiser/Content/NNEDTIM_ColorAlbedoNormal_Default.uexp" 114
"../../../Engine/Plugins/NNE/NNEDenoiser/Content/NNEDTIM_ColorAlbedoNormal_Alpha.uasset" 115
"../../../Engine/Plugins/NNE/NNEDenoiser/Content/NNEDTIM_ColorAlbedoNormal_Alpha.uexp" 116
"../../../Engine/Plugins/NNE/NNEDenoiser/Content/NNEDOM_Output_Default.uasset" 117
"../../../Engine/Plugins/NNE/NNEDenoiser/Content/NNEDOM_Output_Default.uexp" 118
"../../../Engine/Plugins/NNE/NNEDenoiser/Content/NNEDOM_Output_Alpha.uasset" 119
"../../../Engine/Plugins/NNE/NNEDenoiser/Content/NNEDOM_Output_Alpha.uexp" 120
"../../../Engine/Plugins/NNE/NNEDenoiser/Content/NNEDIM_HighQuality_Default.uasset" 121
"../../../Engine/Plugins/NNE/NNEDenoiser/Content/NNEDIM_HighQuality_Default.uexp" 122
"../../../Engine/Plugins/NNE/NNEDenoiser/Content/NNEDIM_HighQuality_Alpha.uasset" 123
"../../../Engine/Plugins/NNE/NNEDenoiser/Content/NNEDIM_HighQuality_Alpha.uexp" 124
"../../../Engine/Plugins/NNE/NNEDenoiser/Content/NNEDIM_ColorAlbedoNormal_Default.uasset" 125
"../../../Engine/Plugins/NNE/NNEDenoiser/Content/NNEDIM_ColorAlbedoNormal_Default.uexp" 126
"../../../Engine/Plugins/NNE/NNEDenoiser/Content/NNEDIM_ColorAlbedoNormal_Alpha.uasset" 127
"../../../Engine/Plugins/NNE/NNEDenoiser/Content/NNEDIM_ColorAlbedoNormal_Alpha.uexp" 128
"../../../Engine/Content/Functions/Engine_MaterialFunctions01/Opacity/CameraDepthFade.uasset" 129
"../../../Engine/Content/Functions/Engine_MaterialFunctions01/Opacity/CameraDepthFade.uexp" 130
"../../../Engine/Content/EngineMaterials/T_Default_Material_Grid_M.ubulk" 131
"../../../Engine/Content/EngineMaterials/T_Default_Material_Grid_M.uasset" 132
"../../../Engine/Content/EngineMaterials/T_Default_Material_Grid_M.uexp" 133
"../../../Engine/Content/EngineMaterials/T_Default_Material_Grid_N.ubulk" 134
"../../../Engine/Content/EngineMaterials/T_Default_Material_Grid_N.uasset" 135
"../../../Engine/Content/EngineMaterials/T_Default_Material_Grid_N.uexp" 136
"../../../Engine/Content/EngineMaterials/WorldGridMaterial.uasset" 137
"../../../Engine/Content/EngineMaterials/WorldGridMaterial.uexp" 138
"../../../Engine/Plugins/Media/MediaPlate/Content/SM_MediaPlateScreen.ubulk" 139
"../../../Engine/Plugins/Media/MediaPlate/Content/SM_MediaPlateScreen.uasset" 140
"../../../Engine/Plugins/Media/MediaPlate/Content/SM_MediaPlateScreen.uexp" 141
"../../../Engine/Plugins/Media/MediaFrameworkUtilities/Content/T_VideoInputFailed.uasset" 142
"../../../Engine/Plugins/Media/MediaFrameworkUtilities/Content/T_VideoInputFailed.uexp" 143
"../../../Engine/Plugins/Media/MediaFrameworkUtilities/Content/T_DefaultBundle.uasset" 144
"../../../Engine/Plugins/Media/MediaFrameworkUtilities/Content/T_DefaultBundle.uexp" 145
"../../../Engine/Content/Functions/Engine_MaterialFunctions02/Utility/MakeFloat3.uasset" 146
"../../../Engine/Content/Functions/Engine_MaterialFunctions02/Utility/MakeFloat3.uexp" 147
"../../../Engine/Content/Functions/Engine_MaterialFunctions02/SplitComponents.uasset" 148
"../../../Engine/Content/Functions/Engine_MaterialFunctions02/SplitComponents.uexp" 149
"../../../Engine/Content/Functions/Engine_MaterialFunctions01/Chromakeying/DespillByAvg.uasset" 150
"../../../Engine/Content/Functions/Engine_MaterialFunctions01/Chromakeying/DespillByAvg.uexp" 151
"../../../Engine/Content/Functions/Engine_MaterialFunctions02/HueShift.uasset" 152
"../../../Engine/Content/Functions/Engine_MaterialFunctions02/HueShift.uexp" 153
"../../../Engine/Content/Functions/Engine_MaterialFunctions01/ImageAdjustment/SCurve.uasset" 154
"../../../Engine/Content/Functions/Engine_MaterialFunctions01/ImageAdjustment/SCurve.uexp" 155
"../../../Engine/Content/Functions/Engine_MaterialFunctions01/ImageAdjustment/ColorCorrection.uasset" 156
"../../../Engine/Content/Functions/Engine_MaterialFunctions01/ImageAdjustment/ColorCorrection.uexp" 157
"../../../Engine/Content/Functions/Engine_MaterialFunctions02/Utility/BreakOutFloat2Components.uasset" 158
"../../../Engine/Content/Functions/Engine_MaterialFunctions02/Utility/BreakOutFloat2Components.uexp" 159
"../../../Engine/Content/Functions/Engine_MaterialFunctions01/Texturing/UVCropping.uasset" 160
"../../../Engine/Content/Functions/Engine_MaterialFunctions01/Texturing/UVCropping.uexp" 161
"../../../Engine/Content/Functions/Engine_MaterialFunctions01/Chromakeying/DespillManual.uasset" 162
"../../../Engine/Content/Functions/Engine_MaterialFunctions01/Chromakeying/DespillManual.uexp" 163
"../../../Engine/Content/Functions/Engine_MaterialFunctions02/Utility/VectorLength.uasset" 164
"../../../Engine/Content/Functions/Engine_MaterialFunctions02/Utility/VectorLength.uexp" 165
"../../../Engine/Content/Functions/Engine_MaterialFunctions01/Opacity/Chroma_Key_Alpha.uasset" 166
"../../../Engine/Content/Functions/Engine_MaterialFunctions01/Opacity/Chroma_Key_Alpha.uexp" 167
"../../../Engine/Content/EngineResources/Black.uasset" 168
"../../../Engine/Content/EngineResources/Black.uexp" 169
"../../../Engine/Content/MaterialTemplates/Chromakeying/MF_Chromakeyer.uasset" 170
"../../../Engine/Content/MaterialTemplates/Chromakeying/MF_Chromakeyer.uexp" 171
"../../../Engine/Content/Functions/Engine_MaterialFunctions02/PivotPainter2/Black_1x1_EXR_Texture.uasset" 172
"../../../Engine/Content/Functions/Engine_MaterialFunctions02/PivotPainter2/Black_1x1_EXR_Texture.uexp" 173
"../../../Engine/Plugins/Compositing/OpenCVLensDistortion/Content/Materials/MF_UVLensDisplacement.uasset" 174
"../../../Engine/Plugins/Compositing/OpenCVLensDistortion/Content/Materials/MF_UVLensDisplacement.uexp" 175
"../../../Engine/Plugins/Compositing/OpenCVLensDistortion/Content/Materials/MF_UVOutOfBoundMask.uasset" 176
"../../../Engine/Plugins/Compositing/OpenCVLensDistortion/Content/Materials/MF_UVOutOfBoundMask.uexp" 177
"../../../Engine/Plugins/Media/MediaFrameworkUtilities/Content/M_BaseMediaBundle.uasset" 178
"../../../Engine/Plugins/Media/MediaFrameworkUtilities/Content/M_BaseMediaBundle.uexp" 179
"../../../Engine/Content/BasicShapes/Plane.ubulk" 180
"../../../Engine/Content/BasicShapes/Plane.uasset" 181
"../../../Engine/Content/BasicShapes/Plane.uexp" 182
"../../../Engine/Plugins/Media/MediaFrameworkUtilities/Content/T_DefaultMedia.uasset" 183
"../../../Engine/Plugins/Media/MediaFrameworkUtilities/Content/T_DefaultMedia.uexp" 184
"../../../Engine/Plugins/Media/MediaFrameworkUtilities/Content/M_DefaultMedia.uasset" 185
"../../../Engine/Plugins/Media/MediaFrameworkUtilities/Content/M_DefaultMedia.uexp" 186
"../../../Engine/Plugins/Media/MediaFrameworkUtilities/Content/BP_MediaBundle_Plane_16-9.uasset" 187
"../../../Engine/Plugins/Media/MediaFrameworkUtilities/Content/BP_MediaBundle_Plane_16-9.uexp" 188
"../../../Engine/Content/Functions/Engine_MaterialFunctions02/WorldPositionOffset/CameraOffset.uasset" 189
"../../../Engine/Content/Functions/Engine_MaterialFunctions02/WorldPositionOffset/CameraOffset.uexp" 190
"../../../Engine/Plugins/Animation/ControlRig/Content/M_Manip.uasset" 191
"../../../Engine/Plugins/Animation/ControlRig/Content/M_Manip.uexp" 192
"../../../Engine/Content/EditorLandscapeResources/SplineEditorMeshMat.uasset" 193
"../../../Engine/Content/EditorLandscapeResources/SplineEditorMeshMat.uexp" 194
"../../../Engine/Content/EditorLandscapeResources/SplineEditorMesh.ubulk" 195
"../../../Engine/Content/EditorLandscapeResources/SplineEditorMesh.uasset" 196
"../../../Engine/Content/EditorLandscapeResources/SplineEditorMesh.uexp" 197
"../../../Engine/Content/EditorLandscapeResources/DefaultAlphaTexture.uasset" 198
"../../../Engine/Content/EditorLandscapeResources/DefaultAlphaTexture.uexp" 199
"../../../Engine/Content/EditorLandscapeResources/WhiteSquareTexture.uasset" 200
"../../../Engine/Content/EditorLandscapeResources/WhiteSquareTexture.uexp" 201
"../../../Engine/Content/Functions/Engine_MaterialFunctions03/Math/WithinRangeFloat2.uasset" 202
"../../../Engine/Content/Functions/Engine_MaterialFunctions03/Math/WithinRangeFloat2.uexp" 203
"../../../Engine/Content/EditorLandscapeResources/SelectBrushMaterial.uasset" 204
"../../../Engine/Content/EditorLandscapeResources/SelectBrushMaterial.uexp" 205
"../../../Engine/Content/EditorLandscapeResources/SelectBrushMaterial_SelectedRegion.uasset" 206
"../../../Engine/Content/EditorLandscapeResources/SelectBrushMaterial_SelectedRegion.uexp" 207
"../../../Engine/Content/EditorLandscapeResources/SelectBrushMaterial_Selected.uasset" 208
"../../../Engine/Content/EditorLandscapeResources/SelectBrushMaterial_Selected.uexp" 209
"../../../Engine/Content/EditorLandscapeResources/MaskBrushMaterial.uasset" 210
"../../../Engine/Content/EditorLandscapeResources/MaskBrushMaterial.uexp" 211
"../../../Engine/Content/EditorLandscapeResources/MaskBrushMaterial_MaskedRegion.uasset" 212
"../../../Engine/Content/EditorLandscapeResources/MaskBrushMaterial_MaskedRegion.uexp" 213
"../../../Engine/Content/EditorLandscapeResources/LayerVisMaterial.uasset" 214
"../../../Engine/Content/EditorLandscapeResources/LayerVisMaterial.uexp" 215
"../../../Engine/Content/Functions/Engine_MaterialFunctions02/WorldPositionOffset/LocalPosition.uasset" 216
"../../../Engine/Content/Functions/Engine_MaterialFunctions02/WorldPositionOffset/LocalPosition.uexp" 217
"../../../Engine/Content/Functions/Engine_MaterialFunctions01/Texturing/ScaleUVsByCenter.uasset" 218
"../../../Engine/Content/Functions/Engine_MaterialFunctions01/Texturing/ScaleUVsByCenter.uexp" 219
"../../../Engine/Content/EngineMaterials/DefaultDiffuse.ubulk" 220
"../../../Engine/Content/EngineMaterials/DefaultDiffuse.uasset" 221
"../../../Engine/Content/EngineMaterials/DefaultDiffuse.uexp" 222
"../../../Engine/Content/Functions/Engine_MaterialFunctions01/Texturing/TextureCropping.uasset" 223
"../../../Engine/Content/Functions/Engine_MaterialFunctions01/Texturing/TextureCropping.uexp" 224
"../../../Engine/Content/Functions/Engine_MaterialFunctions02/ExampleContent/DebugNumberStrip.uasset" 225
"../../../Engine/Content/Functions/Engine_MaterialFunctions02/ExampleContent/DebugNumberStrip.uexp" 226
"../../../Engine/Content/Functions/Engine_MaterialFunctions01/Debug/DebugIntValues.uasset" 227
"../../../Engine/Content/Functions/Engine_MaterialFunctions01/Debug/DebugIntValues.uexp" 228
"../../../Engine/Content/EditorLandscapeResources/LandscapeLayerUsageMaterial.uasset" 229
"../../../Engine/Content/EditorLandscapeResources/LandscapeLayerUsageMaterial.uexp" 230
"../../../Engine/Content/EditorLandscapeResources/LandscapeDirtyMaterial.uasset" 231
"../../../Engine/Content/EditorLandscapeResources/LandscapeDirtyMaterial.uexp" 232
"../../../Engine/Content/EditorLandscapeResources/ColorMaskBrushMaterial.uasset" 233
"../../../Engine/Content/EditorLandscapeResources/ColorMaskBrushMaterial.uexp" 234
"../../../Engine/Content/EditorLandscapeResources/ColorMaskBrushMaterial_MaskedRegion.uasset" 235
"../../../Engine/Content/EditorLandscapeResources/ColorMaskBrushMaterial_MaskedRegion.uexp" 236
"../../../Engine/Content/EngineMaterials/DefaultMaterial.uasset" 237
"../../../Engine/Content/EngineMaterials/DefaultMaterial.uexp" 238
"../../../Engine/Content/BasicShapes/Sphere.ubulk" 239
"../../../Engine/Content/BasicShapes/Sphere.uasset" 240
"../../../Engine/Content/BasicShapes/Sphere.uexp" 241
"../../../Engine/Content/EngineResources/LandscapeVisibilityLayerInfo.uasset" 242
"../../../Engine/Content/EngineResources/LandscapeVisibilityLayerInfo.uexp" 243
"../../../Engine/Content/EngineResources/WhiteSquareTexture.uasset" 244
"../../../Engine/Content/EngineResources/WhiteSquareTexture.uexp" 245
"../../../Engine/Content/EngineMaterials/Widget3DPassThrough.uasset" 246
"../../../Engine/Content/EngineMaterials/Widget3DPassThrough.uexp" 247
"../../../Engine/Content/EngineMaterials/Widget3DPassThrough_Translucent.uasset" 248
"../../../Engine/Content/EngineMaterials/Widget3DPassThrough_Translucent.uexp" 249
"../../../Engine/Content/EngineMaterials/Widget3DPassThrough_Translucent_OneSided.uasset" 250
"../../../Engine/Content/EngineMaterials/Widget3DPassThrough_Translucent_OneSided.uexp" 251
"../../../Engine/Content/EngineMaterials/Widget3DPassThrough_Opaque.uasset" 252
"../../../Engine/Content/EngineMaterials/Widget3DPassThrough_Opaque.uexp" 253
"../../../Engine/Content/EngineMaterials/Widget3DPassThrough_Opaque_OneSided.uasset" 254
"../../../Engine/Content/EngineMaterials/Widget3DPassThrough_Opaque_OneSided.uexp" 255
"../../../Engine/Content/EngineMaterials/Widget3DPassThrough_Masked_OneSided.uasset" 256
"../../../Engine/Content/EngineMaterials/Widget3DPassThrough_Masked_OneSided.uexp" 257
"../../../Engine/Content/EngineMaterials/Widget3DPassThrough_Masked.uasset" 258
"../../../Engine/Content/EngineMaterials/Widget3DPassThrough_Masked.uexp" 259
"../../../Engine/Content/EngineMaterials/WeightMapPlaceholderTexture.uasset" 260
"../../../Engine/Content/EngineMaterials/WeightMapPlaceholderTexture.uexp" 261
"../../../Engine/Content/EngineMaterials/WeightMapArrayPlaceholderTexture.uasset" 262
"../../../Engine/Content/EngineMaterials/WeightMapArrayPlaceholderTexture.uexp" 263
"../../../Engine/Content/EngineMaterials/RemoveSurfaceMaterial.uasset" 264
"../../../Engine/Content/EngineMaterials/RemoveSurfaceMaterial.uexp" 265
"../../../Engine/Content/EngineMaterials/PreintegratedSkinBRDF.uasset" 266
"../../../Engine/Content/EngineMaterials/PreintegratedSkinBRDF.uexp" 267
"../../../Engine/Content/EngineMaterials/DefaultCalibrationGrayscale.uasset" 268
"../../../Engine/Content/EngineMaterials/DefaultCalibrationGrayscale.uexp" 269
"../../../Engine/Content/EngineMaterials/PPM_DefaultCalibrationGrayscale.uasset" 270
"../../../Engine/Content/EngineMaterials/PPM_DefaultCalibrationGrayscale.uexp" 271
"../../../Engine/Content/EngineMaterials/DefaultCalibrationColor.uasset" 272
"../../../Engine/Content/EngineMaterials/DefaultCalibrationColor.uexp" 273
"../../../Engine/Content/EngineMaterials/PPM_DefaultCalibrationColor.uasset" 274
"../../../Engine/Content/EngineMaterials/PPM_DefaultCalibrationColor.uexp" 275
"../../../Engine/Content/EngineMaterials/PhAT_JointLimitMaterial.uasset" 276
"../../../Engine/Content/EngineMaterials/PhAT_JointLimitMaterial.uexp" 277
"../../../Engine/Content/EngineMaterials/NaniteHiddenSectionMaterial.uasset" 278
"../../../Engine/Content/EngineMaterials/NaniteHiddenSectionMaterial.uexp" 279
"../../../Engine/Content/EngineMaterials/InvalidLightmapSettings.ubulk" 280
"../../../Engine/Content/EngineMaterials/InvalidLightmapSettings.uasset" 281
"../../../Engine/Content/EngineMaterials/InvalidLightmapSettings.uexp" 282
"../../../Engine/Content/EngineMaterials/M_InvalidLightmapSettings.uasset" 283
"../../../Engine/Content/EngineMaterials/M_InvalidLightmapSettings.uexp" 284
"../../../Engine/Content/EngineMaterials/MiniFont.uasset" 285
"../../../Engine/Content/EngineMaterials/MiniFont.uexp" 286
"../../../Engine/Content/EngineMaterials/GizmoMaterial.uasset" 287
"../../../Engine/Content/EngineMaterials/GizmoMaterial.uexp" 288
"../../../Engine/Content/EngineMaterials/BaseFlattenDiffuseMap_VT.ubulk" 289
"../../../Engine/Content/EngineMaterials/BaseFlattenDiffuseMap_VT.uasset" 290
"../../../Engine/Content/EngineMaterials/BaseFlattenDiffuseMap_VT.uexp" 291
"../../../Engine/Content/EngineMaterials/BaseFlattenEmissiveMap_VT.ubulk" 292
"../../../Engine/Content/EngineMaterials/BaseFlattenEmissiveMap_VT.uasset" 293
"../../../Engine/Content/EngineMaterials/BaseFlattenEmissiveMap_VT.uexp" 294
"../../../Engine/Content/EngineMaterials/BaseFlattenGrayscaleMap_VT.ubulk" 295
"../../../Engine/Content/EngineMaterials/BaseFlattenGrayscaleMap_VT.uasset" 296
"../../../Engine/Content/EngineMaterials/BaseFlattenGrayscaleMap_VT.uexp" 297
"../../../Engine/Content/EngineMaterials/BaseFlattenLinearColor_VT.ubulk" 298
"../../../Engine/Content/EngineMaterials/BaseFlattenLinearColor_VT.uasset" 299
"../../../Engine/Content/EngineMaterials/BaseFlattenLinearColor_VT.uexp" 300
"../../../Engine/Content/EngineMaterials/BaseFlattenNormalMap_VT.ubulk" 301
"../../../Engine/Content/EngineMaterials/BaseFlattenNormalMap_VT.uasset" 302
"../../../Engine/Content/EngineMaterials/BaseFlattenNormalMap_VT.uexp" 303
"../../../Engine/Content/EngineMaterials/Black_1x1_EXR_Texture_VT.ubulk" 304
"../../../Engine/Content/EngineMaterials/Black_1x1_EXR_Texture_VT.uasset" 305
"../../../Engine/Content/EngineMaterials/Black_1x1_EXR_Texture_VT.uexp" 306
"../../../Engine/Content/EngineMaterials/FlattenMaterial_WS_Normal_VT.uasset" 307
"../../../Engine/Content/EngineMaterials/FlattenMaterial_WS_Normal_VT.uexp" 308
"../../../Engine/Content/EngineMaterials/FlattenMaterial_VT.uasset" 309
"../../../Engine/Content/EngineMaterials/FlattenMaterial_VT.uexp" 310
"../../../Engine/Content/EngineMaterials/BaseFlattenNormalMap.uasset" 311
"../../../Engine/Content/EngineMaterials/BaseFlattenNormalMap.uexp" 312
"../../../Engine/Content/EngineMaterials/BaseFlattenDiffuseMap.uasset" 313
"../../../Engine/Content/EngineMaterials/BaseFlattenDiffuseMap.uexp" 314
"../../../Engine/Content/EngineMaterials/BaseFlattenEmissiveMap.uasset" 315
"../../../Engine/Content/EngineMaterials/BaseFlattenEmissiveMap.uexp" 316
"../../../Engine/Content/EngineMaterials/BaseFlattenGrayscaleMap.uasset" 317
"../../../Engine/Content/EngineMaterials/BaseFlattenGrayscaleMap.uexp" 318
"../../../Engine/Content/EngineMaterials/BaseFlattenLinearColor.uasset" 319
"../../../Engine/Content/EngineMaterials/BaseFlattenLinearColor.uexp" 320
"../../../Engine/Content/EngineMaterials/FlattenMaterial.uasset" 321
"../../../Engine/Content/EngineMaterials/FlattenMaterial.uexp" 322
"../../../Engine/Content/EngineMaterials/FastBlueNoise_vec2_128x128x64.uasset" 323
"../../../Engine/Content/EngineMaterials/FastBlueNoise_vec2_128x128x64.uexp" 324
"../../../Engine/Content/EngineMaterials/FastBlueNoise_scalar_128x128x8.uasset" 325
"../../../Engine/Content/EngineMaterials/FastBlueNoise_scalar_128x128x8.uexp" 326
"../../../Engine/Content/EngineMaterials/FastBlueNoise_scalar_128x128x64.uasset" 327
"../../../Engine/Content/EngineMaterials/FastBlueNoise_scalar_128x128x64.uexp" 328
"../../../Engine/Content/EngineMaterials/DefaultWhiteGrid_Low.uasset" 329
"../../../Engine/Content/EngineMaterials/DefaultWhiteGrid_Low.uexp" 330
"../../../Engine/Content/EngineMaterials/EmissiveMeshMaterial.uasset" 331
"../../../Engine/Content/EngineMaterials/EmissiveMeshMaterial.uexp" 332
"../../../Engine/Content/EngineMaterials/DefaultWhiteGrid.ubulk" 333
"../../../Engine/Content/EngineMaterials/DefaultWhiteGrid.uasset" 334
"../../../Engine/Content/EngineMaterials/DefaultWhiteGrid.uexp" 335
"../../../Engine/Content/EngineFonts/RobotoDistanceField.uasset" 336
"../../../Engine/Content/EngineFonts/RobotoDistanceField.uexp" 337
"../../../Engine/Content/EngineMaterials/DefaultTextMaterialOpaque.uasset" 338
"../../../Engine/Content/EngineMaterials/DefaultTextMaterialOpaque.uexp" 339
"../../../Engine/Content/EngineMaterials/DefaultPostProcessMaterial.uasset" 340
"../../../Engine/Content/EngineMaterials/DefaultPostProcessMaterial.uexp" 341
"../../../Engine/Content/EngineMaterials/DefaultLightFunctionMaterial.uasset" 342
"../../../Engine/Content/EngineMaterials/DefaultLightFunctionMaterial.uexp" 343
"../../../Engine/Content/EngineMaterials/DefaultDeferredDecalMaterial.uasset" 344
"../../../Engine/Content/EngineMaterials/DefaultDeferredDecalMaterial.uexp" 345
"../../../Engine/Content/EngineMaterials/DefaultBokeh.uasset" 346
"../../../Engine/Content/EngineMaterials/DefaultBokeh.uexp" 347
"../../../Engine/Content/EngineMaterials/DefaultBloomKernel.uasset" 348
"../../../Engine/Content/EngineMaterials/DefaultBloomKernel.uexp" 349
"../../../Engine/Content/Functions/Engine_MaterialFunctions02/Utility/CameraDirectionVector.uasset" 350
"../../../Engine/Content/Functions/Engine_MaterialFunctions02/Utility/CameraDirectionVector.uexp" 351
"../../../Engine/Content/EngineDebugMaterials/VolumeToRender.uasset" 352
"../../../Engine/Content/EngineDebugMaterials/VolumeToRender.uexp" 353
"../../../Engine/Content/EngineDebugMaterials/M_VolumeRenderSphereTracePP.uasset" 354
"../../../Engine/Content/EngineDebugMaterials/M_VolumeRenderSphereTracePP.uexp" 355
"../../../Engine/Content/EngineDebugMaterials/M_SimpleUnlitTranslucent.uasset" 356
"../../../Engine/Content/EngineDebugMaterials/M_SimpleUnlitTranslucent.uexp" 357
"../../../Engine/Content/EngineDebugMaterials/DebugMeshMaterial.uasset" 358
"../../../Engine/Content/EngineDebugMaterials/DebugMeshMaterial.uexp" 359
"../../../Engine/Content/EngineDebugMaterials/DebugEditorMaterial.uasset" 360
"../../../Engine/Content/EngineDebugMaterials/DebugEditorMaterial.uexp" 361
"../../../Engine/Content/EngineDamageTypes/DmgTypeBP_Environmental.uasset" 362
"../../../Engine/Content/EngineDamageTypes/DmgTypeBP_Environmental.uexp" 363
"../../../Engine/Content/EditorResources/S_Solver.ubulk" 364
"../../../Engine/Content/EditorResources/S_Solver.uasset" 365
"../../../Engine/Content/EditorResources/S_Solver.uexp" 366
"../../../Engine/Content/EditorResources/BSPVertex.uasset" 367
"../../../Engine/Content/EditorResources/BSPVertex.uexp" 368
"../../../Engine/Content/EditorMaterials/PreviewShadowIndicator.ubulk" 369
"../../../Engine/Content/EditorMaterials/PreviewShadowIndicator.uasset" 370
"../../../Engine/Content/EditorMaterials/PreviewShadowIndicator.uexp" 371
"../../../Engine/Content/EditorMaterials/PreviewShadowIndicatorMaterial.uasset" 372
"../../../Engine/Content/EditorMaterials/PreviewShadowIndicatorMaterial.uexp" 373
"../../../Engine/Content/EditorMaterials/PhAT_UnselectedMaterial.uasset" 374
"../../../Engine/Content/EditorMaterials/PhAT_UnselectedMaterial.uexp" 375
"../../../Engine/Content/EditorMaterials/PhAT_NoCollisionMaterial.uasset" 376
"../../../Engine/Content/EditorMaterials/PhAT_NoCollisionMaterial.uexp" 377
"../../../Engine/Plugins/VirtualProduction/CameraCalibrationCore/Content/Materials/M_DefaultOddSquare.uasset" 378
"../../../Engine/Plugins/VirtualProduction/CameraCalibrationCore/Content/Materials/M_DefaultOddSquare.uexp" 379
"../../../Engine/Plugins/VirtualProduction/CameraCalibrationCore/Content/Materials/M_DefaultEvenSquare.uasset" 380
"../../../Engine/Plugins/VirtualProduction/CameraCalibrationCore/Content/Materials/M_DefaultEvenSquare.uexp" 381
"../../../Engine/Plugins/Runtime/HairStrands/Content/Materials/HairMeshesDefaultMaterial.uasset" 382
"../../../Engine/Plugins/Runtime/HairStrands/Content/Materials/HairMeshesDefaultMaterial.uexp" 383
"../../../Engine/Plugins/Runtime/HairStrands/Content/Materials/HairDefaultMaterial.uasset" 384
"../../../Engine/Plugins/Runtime/HairStrands/Content/Materials/HairDefaultMaterial.uexp" 385
"../../../Engine/Content/Functions/Engine_MaterialFunctions02/Utility/MakeFloat2.uasset" 386
"../../../Engine/Content/Functions/Engine_MaterialFunctions02/Utility/MakeFloat2.uexp" 387
"../../../Engine/Content/EngineMaterials/HairDebugColor.uasset" 388
"../../../Engine/Content/EngineMaterials/HairDebugColor.uexp" 389
"../../../Engine/Content/EngineMaterials/HairColorMap.uasset" 390
"../../../Engine/Content/EngineMaterials/HairColorMap.uexp" 391
"../../../Engine/Plugins/Runtime/HairStrands/Content/Materials/HairGroupColors.uasset" 392
"../../../Engine/Plugins/Runtime/HairStrands/Content/Materials/HairGroupColors.uexp" 393
"../../../Engine/Plugins/Runtime/HairStrands/Content/Materials/HairDebugMaterial.uasset" 394
"../../../Engine/Plugins/Runtime/HairStrands/Content/Materials/HairDebugMaterial.uexp" 395
"../../../Engine/Plugins/Runtime/HairStrands/Content/Materials/HairCardsDefaultMaterial.uasset" 396
"../../../Engine/Plugins/Runtime/HairStrands/Content/Materials/HairCardsDefaultMaterial.uexp" 397
"../../../Engine/Plugins/Runtime/AudioWidgets/Content/Resources/ScrubHandleDown_Clamped.uasset" 398
"../../../Engine/Plugins/Runtime/AudioWidgets/Content/Resources/ScrubHandleDown_Clamped.uexp" 399
"../../../Engine/Plugins/Runtime/AR/ARUtilities/Content/Materials/DummyExternalTexture.uasset" 400
"../../../Engine/Plugins/Runtime/AR/ARUtilities/Content/Materials/DummyExternalTexture.uexp" 401
"../../../Engine/Plugins/Runtime/AR/ARUtilities/Content/Materials/M_PassthroughCamera.uasset" 402
"../../../Engine/Plugins/Runtime/AR/ARUtilities/Content/Materials/M_PassthroughCamera.uexp" 403
"../../../Engine/Plugins/Runtime/AR/ARUtilities/Content/Materials/MF_DistanceColorLerp.uasset" 404
"../../../Engine/Plugins/Runtime/AR/ARUtilities/Content/Materials/MF_DistanceColorLerp.uexp" 405
"../../../Engine/Plugins/Runtime/AR/ARUtilities/Content/Materials/M_DepthColoration.uasset" 406
"../../../Engine/Plugins/Runtime/AR/ARUtilities/Content/Materials/M_DepthColoration.uexp" 407
"../../../Engine/Plugins/Runtime/AR/ARUtilities/Content/Materials/M_ScreenSpacePassthroughCamera.uasset" 408
"../../../Engine/Plugins/Runtime/AR/ARUtilities/Content/Materials/M_ScreenSpacePassthroughCamera.uexp" 409
"../../../Engine/Plugins/Runtime/AR/ARUtilities/Content/Materials/MI_ScreenSpacePassthroughCameraExternalTexture.uasset" 410
"../../../Engine/Plugins/Runtime/AR/ARUtilities/Content/Materials/MI_ScreenSpacePassthroughCameraExternalTexture.uexp" 411
"../../../Engine/Plugins/MetaHuman/MetaHumanCoreTechLib/Content/RealtimeMono/landmark_tracker_v0_6.uasset" 412
"../../../Engine/Plugins/MetaHuman/MetaHumanCoreTechLib/Content/RealtimeMono/landmark_tracker_v0_6.uexp" 413
"../../../Engine/Plugins/MetaHuman/MetaHumanCoreTechLib/Content/RealtimeMono/generic_rig_solver_v0_5_pt_onnx_fp16.uasset" 414
"../../../Engine/Plugins/MetaHuman/MetaHumanCoreTechLib/Content/RealtimeMono/generic_rig_solver_v0_5_pt_onnx_fp16.uexp" 415
"../../../Engine/Plugins/MetaHuman/MetaHumanCoreTechLib/Content/RealtimeAudio/ethereal-2_80ms_kalman.uasset" 416
"../../../Engine/Plugins/MetaHuman/MetaHumanCoreTechLib/Content/RealtimeAudio/ethereal-2_80ms_kalman.uexp" 417
"../../../Engine/Plugins/MetaHuman/MetaHumanCoreTechLib/Content/GenericTracker/FaceDetector.uasset" 418
"../../../Engine/Plugins/MetaHuman/MetaHumanCoreTechLib/Content/GenericTracker/FaceDetector.uexp" 419
"../../../Engine/Plugins/MetaHuman/MetaHumanCharacter/Content/Controls/M_RigControlActor_Black.uasset" 420
"../../../Engine/Plugins/MetaHuman/MetaHumanCharacter/Content/Controls/M_RigControlActor_Black.uexp" 421
"../../../Engine/Plugins/MetaHuman/MetaHumanCharacter/Content/Controls/SM_MetaHuman_Faceboard_FollowGrp.ubulk" 422
"../../../Engine/Plugins/MetaHuman/MetaHumanCharacter/Content/Controls/SM_MetaHuman_Faceboard_FollowGrp.uasset" 423
"../../../Engine/Plugins/MetaHuman/MetaHumanCharacter/Content/Controls/SM_MetaHuman_Faceboard_FollowGrp.uexp" 424
"../../../Engine/Plugins/MetaHuman/MetaHumanCharacter/Content/Controls/SM_MetaHuman_Faceboard_Convergence.ubulk" 425
"../../../Engine/Plugins/MetaHuman/MetaHumanCharacter/Content/Controls/SM_MetaHuman_Faceboard_Convergence.uasset" 426
"../../../Engine/Plugins/MetaHuman/MetaHumanCharacter/Content/Controls/SM_MetaHuman_Faceboard_Convergence.uexp" 427
"../../../Engine/Plugins/MetaHuman/MetaHumanCharacter/Content/Controls/SM_MetaHuman_Faceboard_2x.ubulk" 428
"../../../Engine/Plugins/MetaHuman/MetaHumanCharacter/Content/Controls/SM_MetaHuman_Faceboard_2x.uasset" 429
"../../../Engine/Plugins/MetaHuman/MetaHumanCharacter/Content/Controls/SM_MetaHuman_Faceboard_2x.uexp" 430
"../../../Engine/Plugins/MetaHuman/MetaHumanCharacter/Content/BuildPipeline/DefaultWardobePipeline/DefaultSkeletalMeshPipeline.uasset" 431
"../../../Engine/Plugins/MetaHuman/MetaHumanCharacter/Content/BuildPipeline/DefaultWardobePipeline/DefaultSkeletalMeshPipeline.uexp" 432
"../../../Engine/Plugins/MetaHuman/MetaHumanCharacter/Content/BuildPipeline/DefaultWardobePipeline/DefaultOutfitPipeline.uasset" 433
"../../../Engine/Plugins/MetaHuman/MetaHumanCharacter/Content/BuildPipeline/DefaultWardobePipeline/DefaultOutfitPipeline.uexp" 434
"../../../Engine/Plugins/MetaHuman/MetaHumanCharacter/Content/BuildPipeline/DefaultWardobePipeline/DefaultGroomPipeline.uasset" 435
"../../../Engine/Plugins/MetaHuman/MetaHumanCharacter/Content/BuildPipeline/DefaultWardobePipeline/DefaultGroomPipeline.uexp" 436
"../../../Engine/Plugins/MetaHuman/MetaHumanCharacter/Content/BuildPipeline/BP_DefaultUEFNPipeline_High.uasset" 437
"../../../Engine/Plugins/MetaHuman/MetaHumanCharacter/Content/BuildPipeline/BP_DefaultUEFNPipeline_High.uexp" 438
"../../../Engine/Plugins/MetaHuman/MetaHumanCharacter/Content/BuildPipeline/BP_DefaultUEFNPipeline_Medium.uasset" 439
"../../../Engine/Plugins/MetaHuman/MetaHumanCharacter/Content/BuildPipeline/BP_DefaultUEFNPipeline_Medium.uexp" 440
"../../../Engine/Plugins/MetaHuman/MetaHumanCharacter/Content/BuildPipeline/BP_DefaultUEFNPipeline_Low.uasset" 441
"../../../Engine/Plugins/MetaHuman/MetaHumanCharacter/Content/BuildPipeline/BP_DefaultUEFNPipeline_Low.uexp" 442
"../../../Engine/Plugins/Animation/DeformerGraph/Content/DeformerFunctions/DG_Function_LinearBlendSkin_Morph_Cloth_PositionOnly.uasset" 443
"../../../Engine/Plugins/Animation/DeformerGraph/Content/DeformerFunctions/DG_Function_LinearBlendSkin_Morph_Cloth_PositionOnly.uexp" 444
"../../../Engine/Plugins/Animation/DeformerGraph/Content/DeformerFunctions/DG_Function_ComputeNormalsTangents.uasset" 445
"../../../Engine/Plugins/Animation/DeformerGraph/Content/DeformerFunctions/DG_Function_ComputeNormalsTangents.uexp" 446
"../../../Engine/Plugins/Animation/DeformerGraph/Content/Deformers/DG_LinearBlendSkin_Morph_Cloth_RecomputeNormals.uasset" 447
"../../../Engine/Plugins/Animation/DeformerGraph/Content/Deformers/DG_LinearBlendSkin_Morph_Cloth_RecomputeNormals.uexp" 448
"../../../Engine/Plugins/MetaHuman/MetaHumanCharacter/Content/BuildPipeline/BP_MetaHuman.uasset" 449
"../../../Engine/Plugins/MetaHuman/MetaHumanCharacter/Content/BuildPipeline/BP_MetaHuman.uexp" 450
"../../../Engine/Plugins/MetaHuman/MetaHumanCharacter/Content/BuildPipeline/BP_DefaultPipeline.uasset" 451
"../../../Engine/Plugins/MetaHuman/MetaHumanCharacter/Content/BuildPipeline/BP_DefaultPipeline.uexp" 452
"../../../Engine/Plugins/MetaHuman/MetaHumanCharacter/Content/BuildPipeline/BP_DefaultLegacyPipeline.uasset" 453
"../../../Engine/Plugins/MetaHuman/MetaHumanCharacter/Content/BuildPipeline/BP_DefaultLegacyPipeline.uexp" 454
"../../../Engine/Plugins/MetaHuman/MetaHumanCharacter/Content/BuildPipeline/BP_DefaultLegacyPipeline_High.uasset" 455
"../../../Engine/Plugins/MetaHuman/MetaHumanCharacter/Content/BuildPipeline/BP_DefaultLegacyPipeline_High.uexp" 456
"../../../Engine/Plugins/MetaHuman/MetaHumanCharacter/Content/BuildPipeline/BP_DefaultLegacyPipeline_Medium.uasset" 457
"../../../Engine/Plugins/MetaHuman/MetaHumanCharacter/Content/BuildPipeline/BP_DefaultLegacyPipeline_Medium.uexp" 458
"../../../Engine/Plugins/MetaHuman/MetaHumanCharacter/Content/BuildPipeline/BP_DefaultLegacyPipeline_Low.uasset" 459
"../../../Engine/Plugins/MetaHuman/MetaHumanCharacter/Content/BuildPipeline/BP_DefaultLegacyPipeline_Low.uexp" 460
"../../../Engine/Plugins/MetaHuman/MetaHumanCharacter/Content/Female/Medium/NormalWeight/Body/metahuman_base_skel.uasset" 461
"../../../Engine/Plugins/MetaHuman/MetaHumanCharacter/Content/Female/Medium/NormalWeight/Body/metahuman_base_skel.uexp" 462
"../../../Engine/Plugins/MetaHuman/MetaHumanCharacter/Content/Face/Face_Archetype_Skeleton.uasset" 463
"../../../Engine/Plugins/MetaHuman/MetaHumanCharacter/Content/Face/Face_Archetype_Skeleton.uexp" 464
"../../../Engine/Content/Animation/DefaultVariableFrameStrippingSettings.uasset" 465
"../../../Engine/Content/Animation/DefaultVariableFrameStrippingSettings.uexp" 466
"../../../Engine/Content/Animation/DefaultRecorderBoneCompression.uasset" 467
"../../../Engine/Content/Animation/DefaultRecorderBoneCompression.uexp" 468
"../../../Engine/Content/Animation/DefaultAnimCurveCompressionSettings.uasset" 469
"../../../Engine/Content/Animation/DefaultAnimCurveCompressionSettings.uexp" 470
"../../../Engine/Plugins/MetaHuman/MetaHumanCharacter/Content/Face/ARKit/AS_MetaHuman_ARKit_Mapping.uasset" 471
"../../../Engine/Plugins/MetaHuman/MetaHumanCharacter/Content/Face/ARKit/AS_MetaHuman_ARKit_Mapping.uexp" 472
"../../../Engine/Plugins/MetaHuman/MetaHumanCharacter/Content/Face/ARKit/PA_MetaHuman_ARKit_Mapping.uasset" 473
"../../../Engine/Plugins/MetaHuman/MetaHumanCharacter/Content/Face/ARKit/PA_MetaHuman_ARKit_Mapping.uexp" 474
"../../../Engine/Plugins/MetaHuman/MetaHumanCharacter/Content/Animation/ABP_MH_LiveLink.uasset" 475
"../../../Engine/Plugins/MetaHuman/MetaHumanCharacter/Content/Animation/ABP_MH_LiveLink.uexp" 476
"../../../Engine/Plugins/MetaHuman/MetaHumanAnimator/Content/GenericTracker/TeethConfidence.uasset" 477
"../../../Engine/Plugins/MetaHuman/MetaHumanAnimator/Content/GenericTracker/TeethConfidence.uexp" 478
"../../../Engine/Plugins/MetaHuman/MetaHumanAnimator/Content/GenericTracker/Teeth.uasset" 479
"../../../Engine/Plugins/MetaHuman/MetaHumanAnimator/Content/GenericTracker/Teeth.uexp" 480
"../../../Engine/Plugins/MetaHuman/MetaHumanAnimator/Content/GenericTracker/NasolabialNose.uasset" 481
"../../../Engine/Plugins/MetaHuman/MetaHumanAnimator/Content/GenericTracker/NasolabialNose.uexp" 482
"../../../Engine/Plugins/MetaHuman/MetaHumanAnimator/Content/GenericTracker/LipZip.uasset" 483
"../../../Engine/Plugins/MetaHuman/MetaHumanAnimator/Content/GenericTracker/LipZip.uexp" 484
"../../../Engine/Plugins/MetaHuman/MetaHumanAnimator/Content/GenericTracker/Lips.uasset" 485
"../../../Engine/Plugins/MetaHuman/MetaHumanAnimator/Content/GenericTracker/Lips.uexp" 486
"../../../Engine/Plugins/MetaHuman/MetaHumanAnimator/Content/GenericTracker/LeftEye.uasset" 487
"../../../Engine/Plugins/MetaHuman/MetaHumanAnimator/Content/GenericTracker/LeftEye.uexp" 488
"../../../Engine/Plugins/MetaHuman/MetaHumanAnimator/Content/GenericTracker/LeftBrowWholeFace.uasset" 489
"../../../Engine/Plugins/MetaHuman/MetaHumanAnimator/Content/GenericTracker/LeftBrowWholeFace.uexp" 490
"../../../Engine/Plugins/MetaHuman/MetaHumanAnimator/Content/GenericTracker/FaceTracker.uasset" 491
"../../../Engine/Plugins/MetaHuman/MetaHumanAnimator/Content/GenericTracker/FaceTracker.uexp" 492
"../../../Engine/Plugins/MetaHuman/MetaHumanAnimator/Content/GenericTracker/Chin.uasset" 493
"../../../Engine/Plugins/MetaHuman/MetaHumanAnimator/Content/GenericTracker/Chin.uexp" 494
"../../../Engine/Plugins/Interchange/Assets/Content/Functions/MX_UsdPreviewSurface.uasset" 495
"../../../Engine/Plugins/Interchange/Assets/Content/Functions/MX_UsdPreviewSurface.uexp" 496
"../../../Engine/Plugins/Interchange/Assets/Content/Functions/MX_UniformEDF.uasset" 497
"../../../Engine/Plugins/Interchange/Assets/Content/Functions/MX_UniformEDF.uexp" 498
"../../../Engine/Plugins/Interchange/Assets/Content/Functions/MX_TranslucentBSDF.uasset" 499
"../../../Engine/Plugins/Interchange/Assets/Content/Functions/MX_TranslucentBSDF.uexp" 500
"../../../Engine/Plugins/Interchange/Assets/Content/Functions/MX_ThinFilmBSDF.uasset" 501
"../../../Engine/Plugins/Interchange/Assets/Content/Functions/MX_ThinFilmBSDF.uexp" 502
"../../../Engine/Plugins/Interchange/Assets/Content/Functions/MX_SurfaceUnlit.uasset" 503
"../../../Engine/Plugins/Interchange/Assets/Content/Functions/MX_SurfaceUnlit.uexp" 504
"../../../Engine/Plugins/Interchange/Assets/Content/Functions/MX_Surface.uasset" 505
"../../../Engine/Plugins/Interchange/Assets/Content/Functions/MX_Surface.uexp" 506
"../../../Engine/Plugins/Interchange/Assets/Content/Functions/MX_SubsurfaceBSDF.uasset" 507
"../../../Engine/Plugins/Interchange/Assets/Content/Functions/MX_SubsurfaceBSDF.uexp" 508
"../../../Engine/Plugins/Interchange/Assets/Content/Functions/MX_SheenBSDF.uasset" 509
"../../../Engine/Plugins/Interchange/Assets/Content/Functions/MX_SheenBSDF.uexp" 510
"../../../Engine/Plugins/Interchange/Assets/Content/Functions/MX_OrenNayarBSDF.uasset" 511
"../../../Engine/Plugins/Interchange/Assets/Content/Functions/MX_OrenNayarBSDF.uexp" 512
"../../../Engine/Plugins/Interchange/Assets/Content/Functions/MF_IridescenceNoLUT.uasset" 513
"../../../Engine/Plugins/Interchange/Assets/Content/Functions/MF_IridescenceNoLUT.uexp" 514
"../../../Engine/Plugins/Interchange/Assets/Content/Functions/MX_StandardSurface.uasset" 515
"../../../Engine/Plugins/Interchange/Assets/Content/Functions/MX_StandardSurface.uexp" 516
"../../../Engine/Plugins/Interchange/Assets/Content/Functions/MX_TransmissionSurface.uasset" 517
"../../../Engine/Plugins/Interchange/Assets/Content/Functions/MX_TransmissionSurface.uexp" 518
"../../../Engine/Plugins/Interchange/Assets/Content/Functions/MX_OpenPBR_Translucent.uasset" 519
"../../../Engine/Plugins/Interchange/Assets/Content/Functions/MX_OpenPBR_Translucent.uexp" 520
"../../../Engine/Plugins/Interchange/Assets/Content/Functions/MX_OpenPBR_Opaque.uasset" 521
"../../../Engine/Plugins/Interchange/Assets/Content/Functions/MX_OpenPBR_Opaque.uexp" 522
"../../../Engine/Plugins/Interchange/Assets/Content/Functions/MX_MeasuredEDF.uasset" 523
"../../../Engine/Plugins/Interchange/Assets/Content/Functions/MX_MeasuredEDF.uexp" 524
"../../../Engine/Plugins/Interchange/Assets/Content/Functions/MX_GeneralizedSchlickBSDF.uasset" 525
"../../../Engine/Plugins/Interchange/Assets/Content/Functions/MX_GeneralizedSchlickBSDF.uexp" 526
"../../../Engine/Content/Functions/Engine_MaterialFunctions02/Utility/BlendAngleCorrectedNormals.uasset" 527
"../../../Engine/Content/Functions/Engine_MaterialFunctions02/Utility/BlendAngleCorrectedNormals.uexp" 528
"../../../Engine/Plugins/Interchange/Assets/Content/Functions/MX_Displacement.uasset" 529
"../../../Engine/Plugins/Interchange/Assets/Content/Functions/MX_Displacement.uexp" 530
"../../../Engine/Plugins/Interchange/Assets/Content/Functions/MX_DielectricBSDF.uasset" 531
"../../../Engine/Plugins/Interchange/Assets/Content/Functions/MX_DielectricBSDF.uexp" 532
"../../../Engine/Plugins/Interchange/Assets/Content/Functions/MX_ConicalEDF.uasset" 533
"../../../Engine/Plugins/Interchange/Assets/Content/Functions/MX_ConicalEDF.uexp" 534
"../../../Engine/Plugins/Interchange/Assets/Content/Functions/MX_ConductorBSDF.uasset" 535
"../../../Engine/Plugins/Interchange/Assets/Content/Functions/MX_ConductorBSDF.uexp" 536
"../../../Engine/Plugins/Interchange/Assets/Content/Functions/MX_BurleyDiffuseBSDF.uasset" 537
"../../../Engine/Plugins/Interchange/Assets/Content/Functions/MX_BurleyDiffuseBSDF.uexp" 538
"../../../Engine/Plugins/Interchange/Assets/Content/Functions/MX_AnisotropicVDF.uasset" 539
"../../../Engine/Plugins/Interchange/Assets/Content/Functions/MX_AnisotropicVDF.uexp" 540
"../../../Engine/Plugins/Interchange/Assets/Content/Functions/MX_AbsorptionVDF.uasset" 541
"../../../Engine/Plugins/Interchange/Assets/Content/Functions/MX_AbsorptionVDF.uexp" 542
"../../../Engine/Content/Functions/Engine_MaterialFunctions02/Utility/BreakOutFloat3Components.uasset" 543
"../../../Engine/Content/Functions/Engine_MaterialFunctions02/Utility/BreakOutFloat3Components.uexp" 544
"../../../Engine/Content/Functions/Engine_MaterialFunctions02/WorldPositionOffset/ObjectScale.uasset" 545
"../../../Engine/Content/Functions/Engine_MaterialFunctions02/WorldPositionOffset/ObjectScale.uexp" 546
"../../../Engine/Content/Functions/Engine_MaterialFunctions02/SafeNormalize.uasset" 547
"../../../Engine/Content/Functions/Engine_MaterialFunctions02/SafeNormalize.uexp" 548
"../../../Engine/Plugins/Editor/SpeedTreeImporter/Content/SpeedTree9/UnpackInteger3.uasset" 549
"../../../Engine/Plugins/Editor/SpeedTreeImporter/Content/SpeedTree9/UnpackInteger3.uexp" 550
"../../../Engine/Plugins/Editor/SpeedTreeImporter/Content/SpeedTree9/UnpackDirection.uasset" 551
"../../../Engine/Plugins/Editor/SpeedTreeImporter/Content/SpeedTree9/UnpackDirection.uexp" 552
"../../../Engine/Plugins/Editor/SpeedTreeImporter/Content/SpeedTree9/game_wind_noise.ubulk" 553
"../../../Engine/Plugins/Editor/SpeedTreeImporter/Content/SpeedTree9/game_wind_noise.uasset" 554
"../../../Engine/Plugins/Editor/SpeedTreeImporter/Content/SpeedTree9/game_wind_noise.uexp" 555
"../../../Engine/Plugins/Editor/SpeedTreeImporter/Content/SpeedTree9/SpeedTreeWindMotion.uasset" 556
"../../../Engine/Plugins/Editor/SpeedTreeImporter/Content/SpeedTree9/SpeedTreeWindMotion.uexp" 557
"../../../Engine/Plugins/Editor/SpeedTreeImporter/Content/SpeedTree9/SpeedTreeBranchMotion.uasset" 558
"../../../Engine/Plugins/Editor/SpeedTreeImporter/Content/SpeedTree9/SpeedTreeBranchMotion.uexp" 559
"../../../Engine/Content/Functions/Engine_MaterialFunctions02/ObjectLocalBounds.uasset" 560
"../../../Engine/Content/Functions/Engine_MaterialFunctions02/ObjectLocalBounds.uexp" 561
"../../../Engine/Content/Functions/Engine_MaterialFunctions02/UVs/BoundingBoxBased_0-1_UVW.uasset" 562
"../../../Engine/Content/Functions/Engine_MaterialFunctions02/UVs/BoundingBoxBased_0-1_UVW.uexp" 563
"../../../Engine/Plugins/Editor/SpeedTreeImporter/Content/SpeedTree9/SpeedTreeWind.uasset" 564
"../../../Engine/Plugins/Editor/SpeedTreeImporter/Content/SpeedTree9/SpeedTreeWind.uexp" 565
"../../../Engine/Plugins/Editor/SpeedTreeImporter/Content/SpeedTree9/SpeedTreeCameraFacing.uasset" 566
"../../../Engine/Plugins/Editor/SpeedTreeImporter/Content/SpeedTree9/SpeedTreeCameraFacing.uexp" 567
"../../../Engine/Plugins/Editor/SpeedTreeImporter/Content/SpeedTree9/Empty.uasset" 568
"../../../Engine/Plugins/Editor/SpeedTreeImporter/Content/SpeedTree9/Empty.uexp" 569
"../../../Engine/Plugins/Editor/SpeedTreeImporter/Content/SpeedTree9/EmptyNormal.uasset" 570
"../../../Engine/Plugins/Editor/SpeedTreeImporter/Content/SpeedTree9/EmptyNormal.uexp" 571
"../../../Engine/Plugins/Editor/SpeedTreeImporter/Content/SpeedTree9/SpeedTreeMaster.uasset" 572
"../../../Engine/Plugins/Editor/SpeedTreeImporter/Content/SpeedTree9/SpeedTreeMaster.uexp" 573
"../../../Engine/Plugins/Editor/SpeedTreeImporter/Content/SpeedTree9/SpeedTreeBillboard.uasset" 574
"../../../Engine/Plugins/Editor/SpeedTreeImporter/Content/SpeedTree9/SpeedTreeBillboard.uexp" 575
"../../../Engine/Plugins/Editor/SpeedTreeImporter/Content/SpeedTree9/SpeedTreeBillboardMaster.uasset" 576
"../../../Engine/Plugins/Editor/SpeedTreeImporter/Content/SpeedTree9/SpeedTreeBillboardMaster.uexp" 577
"../../../Engine/Plugins/Animation/ControlRig/Content/Controls/ControlRig_Wedge_solid.ubulk" 578
"../../../Engine/Plugins/Animation/ControlRig/Content/Controls/ControlRig_Wedge_solid.uasset" 579
"../../../Engine/Plugins/Animation/ControlRig/Content/Controls/ControlRig_Wedge_solid.uexp" 580
"../../../Engine/Plugins/Animation/ControlRig/Content/Controls/ControlRig_Wedge_3mm.ubulk" 581
"../../../Engine/Plugins/Animation/ControlRig/Content/Controls/ControlRig_Wedge_3mm.uasset" 582
"../../../Engine/Plugins/Animation/ControlRig/Content/Controls/ControlRig_Wedge_3mm.uexp" 583
"../../../Engine/Plugins/Animation/ControlRig/Content/Controls/ControlRig_Wedge_1mm.ubulk" 584
"../../../Engine/Plugins/Animation/ControlRig/Content/Controls/ControlRig_Wedge_1mm.uasset" 585
"../../../Engine/Plugins/Animation/ControlRig/Content/Controls/ControlRig_Wedge_1mm.uexp" 586
"../../../Engine/Plugins/Animation/ControlRig/Content/Controls/ControlRig_Triangle_solid.ubulk" 587
"../../../Engine/Plugins/Animation/ControlRig/Content/Controls/ControlRig_Triangle_solid.uasset" 588
"../../../Engine/Plugins/Animation/ControlRig/Content/Controls/ControlRig_Triangle_solid.uexp" 589
"../../../Engine/Plugins/Animation/ControlRig/Content/Controls/ControlRig_Triangle_3mm.ubulk" 590
"../../../Engine/Plugins/Animation/ControlRig/Content/Controls/ControlRig_Triangle_3mm.uasset" 591
"../../../Engine/Plugins/Animation/ControlRig/Content/Controls/ControlRig_Triangle_3mm.uexp" 592
"../../../Engine/Plugins/Animation/ControlRig/Content/Controls/ControlRig_Triangle_1mm.ubulk" 593
"../../../Engine/Plugins/Animation/ControlRig/Content/Controls/ControlRig_Triangle_1mm.uasset" 594
"../../../Engine/Plugins/Animation/ControlRig/Content/Controls/ControlRig_Triangle_1mm.uexp" 595
"../../../Engine/Plugins/Animation/ControlRig/Content/Controls/ControlRig_Star4_solid.ubulk" 596
"../../../Engine/Plugins/Animation/ControlRig/Content/Controls/ControlRig_Star4_solid.uasset" 597
"../../../Engine/Plugins/Animation/ControlRig/Content/Controls/ControlRig_Star4_solid.uexp" 598
"../../../Engine/Plugins/Animation/ControlRig/Content/Controls/ControlRig_Star4_3mm.ubulk" 599
"../../../Engine/Plugins/Animation/ControlRig/Content/Controls/ControlRig_Star4_3mm.uasset" 600
"../../../Engine/Plugins/Animation/ControlRig/Content/Controls/ControlRig_Star4_3mm.uexp" 601
"../../../Engine/Plugins/Animation/ControlRig/Content/Controls/ControlRig_Star4_1mm.ubulk" 602
"../../../Engine/Plugins/Animation/ControlRig/Content/Controls/ControlRig_Star4_1mm.uasset" 603
"../../../Engine/Plugins/Animation/ControlRig/Content/Controls/ControlRig_Star4_1mm.uexp" 604
"../../../Engine/Plugins/Animation/ControlRig/Content/Controls/ControlRig_Square_solid.ubulk" 605
"../../../Engine/Plugins/Animation/ControlRig/Content/Controls/ControlRig_Square_solid.uasset" 606
"../../../Engine/Plugins/Animation/ControlRig/Content/Controls/ControlRig_Square_solid.uexp" 607
"../../../Engine/Plugins/Animation/ControlRig/Content/Controls/ControlRig_Square_Joystick.ubulk" 608
"../../../Engine/Plugins/Animation/ControlRig/Content/Controls/ControlRig_Square_Joystick.uasset" 609
"../../../Engine/Plugins/Animation/ControlRig/Content/Controls/ControlRig_Square_Joystick.uexp" 610
"../../../Engine/Plugins/Animation/ControlRig/Content/Controls/ControlRig_Square_3mm.ubulk" 611
"../../../Engine/Plugins/Animation/ControlRig/Content/Controls/ControlRig_Square_3mm.uasset" 612
"../../../Engine/Plugins/Animation/ControlRig/Content/Controls/ControlRig_Square_3mm.uexp" 613
"../../../Engine/Plugins/Animation/ControlRig/Content/Controls/ControlRig_Square_1mm.ubulk" 614
"../../../Engine/Plugins/Animation/ControlRig/Content/Controls/ControlRig_Square_1mm.uasset" 615
"../../../Engine/Plugins/Animation/ControlRig/Content/Controls/ControlRig_Square_1mm.uexp" 616
"../../../Engine/Plugins/Animation/ControlRig/Content/Controls/ControlRig_Sphere_solid.ubulk" 617
"../../../Engine/Plugins/Animation/ControlRig/Content/Controls/ControlRig_Sphere_solid.uasset" 618
"../../../Engine/Plugins/Animation/ControlRig/Content/Controls/ControlRig_Sphere_solid.uexp" 619
"../../../Engine/Plugins/Animation/ControlRig/Content/Controls/ControlRig_Sphere_3mm.ubulk" 620
"../../../Engine/Plugins/Animation/ControlRig/Content/Controls/ControlRig_Sphere_3mm.uasset" 621
"../../../Engine/Plugins/Animation/ControlRig/Content/Controls/ControlRig_Sphere_3mm.uexp" 622
"../../../Engine/Plugins/Animation/ControlRig/Content/Controls/ControlRig_Sphere_1mm.ubulk" 623
"../../../Engine/Plugins/Animation/ControlRig/Content/Controls/ControlRig_Sphere_1mm.uasset" 624
"../../../Engine/Plugins/Animation/ControlRig/Content/Controls/ControlRig_Sphere_1mm.uexp" 625
"../../../Engine/Plugins/Animation/ControlRig/Content/Controls/ControlRig_RoundedTriangle_solid.ubulk" 626
"../../../Engine/Plugins/Animation/ControlRig/Content/Controls/ControlRig_RoundedTriangle_solid.uasset" 627
"../../../Engine/Plugins/Animation/ControlRig/Content/Controls/ControlRig_RoundedTriangle_solid.uexp" 628
"../../../Engine/Plugins/Animation/ControlRig/Content/Controls/ControlRig_RoundedTriangle_3mm.ubulk" 629
"../../../Engine/Plugins/Animation/ControlRig/Content/Controls/ControlRig_RoundedTriangle_3mm.uasset" 630
"../../../Engine/Plugins/Animation/ControlRig/Content/Controls/ControlRig_RoundedTriangle_3mm.uexp" 631
"../../../Engine/Plugins/Animation/ControlRig/Content/Controls/ControlRig_RoundedTriangle_1mm.ubulk" 632
"../../../Engine/Plugins/Animation/ControlRig/Content/Controls/ControlRig_RoundedTriangle_1mm.uasset" 633
"../../../Engine/Plugins/Animation/ControlRig/Content/Controls/ControlRig_RoundedTriangle_1mm.uexp" 634
"../../../Engine/Plugins/Animation/ControlRig/Content/Controls/ControlRig_RoundedSquare_solid.ubulk" 635
"../../../Engine/Plugins/Animation/ControlRig/Content/Controls/ControlRig_RoundedSquare_solid.uasset" 636
"../../../Engine/Plugins/Animation/ControlRig/Content/Controls/ControlRig_RoundedSquare_solid.uexp" 637
"../../../Engine/Plugins/Animation/ControlRig/Content/Controls/ControlRig_RoundedSquare_3mm.ubulk" 638
"../../../Engine/Plugins/Animation/ControlRig/Content/Controls/ControlRig_RoundedSquare_3mm.uasset" 639
"../../../Engine/Plugins/Animation/ControlRig/Content/Controls/ControlRig_RoundedSquare_3mm.uexp" 640
"../../../Engine/Plugins/Animation/ControlRig/Content/Controls/ControlRig_RoundedSquare_1mm.ubulk" 641
"../../../Engine/Plugins/Animation/ControlRig/Content/Controls/ControlRig_RoundedSquare_1mm.uasset" 642
"../../../Engine/Plugins/Animation/ControlRig/Content/Controls/ControlRig_RoundedSquare_1mm.uexp" 643
"../../../Engine/Plugins/Animation/ControlRig/Content/Controls/ControlRig_QuarterCircle_solid.ubulk" 644
"../../../Engine/Plugins/Animation/ControlRig/Content/Controls/ControlRig_QuarterCircle_solid.uasset" 645
"../../../Engine/Plugins/Animation/ControlRig/Content/Controls/ControlRig_QuarterCircle_solid.uexp" 646
"../../../Engine/Plugins/Animation/ControlRig/Content/Controls/ControlRig_QuarterCircle_3mm.ubulk" 647
"../../../Engine/Plugins/Animation/ControlRig/Content/Controls/ControlRig_QuarterCircle_3mm.uasset" 648
"../../../Engine/Plugins/Animation/ControlRig/Content/Controls/ControlRig_QuarterCircle_3mm.uexp" 649
"../../../Engine/Plugins/Animation/ControlRig/Content/Controls/ControlRig_QuarterCircle_1mm.ubulk" 650
"../../../Engine/Plugins/Animation/ControlRig/Content/Controls/ControlRig_QuarterCircle_1mm.uasset" 651
"../../../Engine/Plugins/Animation/ControlRig/Content/Controls/ControlRig_QuarterCircle_1mm.uexp" 652
"../../../Engine/Plugins/Animation/ControlRig/Content/Controls/ControlRig_Pyramid_solid.ubulk" 653
"../../../Engine/Plugins/Animation/ControlRig/Content/Controls/ControlRig_Pyramid_solid.uasset" 654
"../../../Engine/Plugins/Animation/ControlRig/Content/Controls/ControlRig_Pyramid_solid.uexp" 655
"../../../Engine/Plugins/Animation/ControlRig/Content/Controls/ControlRig_Pyramid_3mm.ubulk" 656
"../../../Engine/Plugins/Animation/ControlRig/Content/Controls/ControlRig_Pyramid_3mm.uasset" 657
"../../../Engine/Plugins/Animation/ControlRig/Content/Controls/ControlRig_Pyramid_3mm.uexp" 658
"../../../Engine/Plugins/Animation/ControlRig/Content/Controls/ControlRig_Pyramid_1mm.ubulk" 659
"../../../Engine/Plugins/Animation/ControlRig/Content/Controls/ControlRig_Pyramid_1mm.uasset" 660
"../../../Engine/Plugins/Animation/ControlRig/Content/Controls/ControlRig_Pyramid_1mm.uexp" 661
"../../../Engine/Plugins/Animation/ControlRig/Content/Controls/ControlRig_Octagon_solid.ubulk" 662
"../../../Engine/Plugins/Animation/ControlRig/Content/Controls/ControlRig_Octagon_solid.uasset" 663
"../../../Engine/Plugins/Animation/ControlRig/Content/Controls/ControlRig_Octagon_solid.uexp" 664
"../../../Engine/Plugins/Animation/ControlRig/Content/Controls/ControlRig_Octagon_3mm.ubulk" 665
"../../../Engine/Plugins/Animation/ControlRig/Content/Controls/ControlRig_Octagon_3mm.uasset" 666
"../../../Engine/Plugins/Animation/ControlRig/Content/Controls/ControlRig_Octagon_3mm.uexp" 667
"../../../Engine/Plugins/Animation/ControlRig/Content/Controls/ControlRig_Octagon_1mm.ubulk" 668
"../../../Engine/Plugins/Animation/ControlRig/Content/Controls/ControlRig_Octagon_1mm.uasset" 669
"../../../Engine/Plugins/Animation/ControlRig/Content/Controls/ControlRig_Octagon_1mm.uexp" 670
"../../../Engine/Plugins/Animation/ControlRig/Content/Controls/ControlRig_Line.ubulk" 671
"../../../Engine/Plugins/Animation/ControlRig/Content/Controls/ControlRig_Line.uasset" 672
"../../../Engine/Plugins/Animation/ControlRig/Content/Controls/ControlRig_Line.uexp" 673
"../../../Engine/Plugins/Animation/ControlRig/Content/Controls/ControlRig_Hexagon_solid.ubulk" 674
"../../../Engine/Plugins/Animation/ControlRig/Content/Controls/ControlRig_Hexagon_solid.uasset" 675
"../../../Engine/Plugins/Animation/ControlRig/Content/Controls/ControlRig_Hexagon_solid.uexp" 676
"../../../Engine/Plugins/Animation/ControlRig/Content/Controls/ControlRig_Hexagon_3mm.ubulk" 677
"../../../Engine/Plugins/Animation/ControlRig/Content/Controls/ControlRig_Hexagon_3mm.uasset" 678
"../../../Engine/Plugins/Animation/ControlRig/Content/Controls/ControlRig_Hexagon_3mm.uexp" 679
"../../../Engine/Plugins/Animation/ControlRig/Content/Controls/ControlRig_Hexagon_1mm.ubulk" 680
"../../../Engine/Plugins/Animation/ControlRig/Content/Controls/ControlRig_Hexagon_1mm.uasset" 681
"../../../Engine/Plugins/Animation/ControlRig/Content/Controls/ControlRig_Hexagon_1mm.uexp" 682
"../../../Engine/Plugins/Animation/ControlRig/Content/Controls/ControlRig_HalfCircle_solid.ubulk" 683
"../../../Engine/Plugins/Animation/ControlRig/Content/Controls/ControlRig_HalfCircle_solid.uasset" 684
"../../../Engine/Plugins/Animation/ControlRig/Content/Controls/ControlRig_HalfCircle_solid.uexp" 685
"../../../Engine/Plugins/Animation/ControlRig/Content/Controls/ControlRig_HalfCircle_3mm.ubulk" 686
"../../../Engine/Plugins/Animation/ControlRig/Content/Controls/ControlRig_HalfCircle_3mm.uasset" 687
"../../../Engine/Plugins/Animation/ControlRig/Content/Controls/ControlRig_HalfCircle_3mm.uexp" 688
"../../../Engine/Plugins/Animation/ControlRig/Content/Controls/ControlRig_HalfCircle_1mm.ubulk" 689
"../../../Engine/Plugins/Animation/ControlRig/Content/Controls/ControlRig_HalfCircle_1mm.uasset" 690
"../../../Engine/Plugins/Animation/ControlRig/Content/Controls/ControlRig_HalfCircle_1mm.uexp" 691
"../../../Engine/Plugins/Animation/ControlRig/Content/Controls/ControlRig_Diamond_solid.ubulk" 692
"../../../Engine/Plugins/Animation/ControlRig/Content/Controls/ControlRig_Diamond_solid.uasset" 693
"../../../Engine/Plugins/Animation/ControlRig/Content/Controls/ControlRig_Diamond_solid.uexp" 694
"../../../Engine/Plugins/Animation/ControlRig/Content/Controls/ControlRig_Diamond_3mm.ubulk" 695
"../../../Engine/Plugins/Animation/ControlRig/Content/Controls/ControlRig_Diamond_3mm.uasset" 696
"../../../Engine/Plugins/Animation/ControlRig/Content/Controls/ControlRig_Diamond_3mm.uexp" 697
"../../../Engine/Plugins/Animation/ControlRig/Content/Controls/ControlRig_Diamond_1mm.ubulk" 698
"../../../Engine/Plugins/Animation/ControlRig/Content/Controls/ControlRig_Diamond_1mm.uasset" 699
"../../../Engine/Plugins/Animation/ControlRig/Content/Controls/ControlRig_Diamond_1mm.uexp" 700
"../../../Engine/Plugins/Animation/ControlRig/Content/Controls/ControlRig_Circle_solid.ubulk" 701
"../../../Engine/Plugins/Animation/ControlRig/Content/Controls/ControlRig_Circle_solid.uasset" 702
"../../../Engine/Plugins/Animation/ControlRig/Content/Controls/ControlRig_Circle_solid.uexp" 703
"../../../Engine/Plugins/Animation/ControlRig/Content/Controls/ControlRig_Circle_3mm.ubulk" 704
"../../../Engine/Plugins/Animation/ControlRig/Content/Controls/ControlRig_Circle_3mm.uasset" 705
"../../../Engine/Plugins/Animation/ControlRig/Content/Controls/ControlRig_Circle_3mm.uexp" 706
"../../../Engine/Plugins/Animation/ControlRig/Content/Controls/ControlRig_Circle_1mm.ubulk" 707
"../../../Engine/Plugins/Animation/ControlRig/Content/Controls/ControlRig_Circle_1mm.uasset" 708
"../../../Engine/Plugins/Animation/ControlRig/Content/Controls/ControlRig_Circle_1mm.uexp" 709
"../../../Engine/Plugins/Animation/ControlRig/Content/Controls/ControlRig_Box_solid.ubulk" 710
"../../../Engine/Plugins/Animation/ControlRig/Content/Controls/ControlRig_Box_solid.uasset" 711
"../../../Engine/Plugins/Animation/ControlRig/Content/Controls/ControlRig_Box_solid.uexp" 712
"../../../Engine/Plugins/Animation/ControlRig/Content/Controls/ControlRig_Box_3mm.ubulk" 713
"../../../Engine/Plugins/Animation/ControlRig/Content/Controls/ControlRig_Box_3mm.uasset" 714
"../../../Engine/Plugins/Animation/ControlRig/Content/Controls/ControlRig_Box_3mm.uexp" 715
"../../../Engine/Plugins/Animation/ControlRig/Content/Controls/ControlRig_Box_1mm.ubulk" 716
"../../../Engine/Plugins/Animation/ControlRig/Content/Controls/ControlRig_Box_1mm.uasset" 717
"../../../Engine/Plugins/Animation/ControlRig/Content/Controls/ControlRig_Box_1mm.uexp" 718
"../../../Engine/Plugins/Animation/ControlRig/Content/Controls/ControlRig_Arrow_solid.ubulk" 719
"../../../Engine/Plugins/Animation/ControlRig/Content/Controls/ControlRig_Arrow_solid.uasset" 720
"../../../Engine/Plugins/Animation/ControlRig/Content/Controls/ControlRig_Arrow_solid.uexp" 721
"../../../Engine/Plugins/Animation/ControlRig/Content/Controls/ControlRig_Arrow_3mm.ubulk" 722
"../../../Engine/Plugins/Animation/ControlRig/Content/Controls/ControlRig_Arrow_3mm.uasset" 723
"../../../Engine/Plugins/Animation/ControlRig/Content/Controls/ControlRig_Arrow_3mm.uexp" 724
"../../../Engine/Plugins/Animation/ControlRig/Content/Controls/ControlRig_Arrow_1mm.ubulk" 725
"../../../Engine/Plugins/Animation/ControlRig/Content/Controls/ControlRig_Arrow_1mm.uasset" 726
"../../../Engine/Plugins/Animation/ControlRig/Content/Controls/ControlRig_Arrow_1mm.uexp" 727
"../../../Engine/Plugins/Animation/ControlRig/Content/Controls/ControlRig_Arrow4_solid.ubulk" 728
"../../../Engine/Plugins/Animation/ControlRig/Content/Controls/ControlRig_Arrow4_solid.uasset" 729
"../../../Engine/Plugins/Animation/ControlRig/Content/Controls/ControlRig_Arrow4_solid.uexp" 730
"../../../Engine/Plugins/Animation/ControlRig/Content/Controls/ControlRig_Arrow4_3mm.ubulk" 731
"../../../Engine/Plugins/Animation/ControlRig/Content/Controls/ControlRig_Arrow4_3mm.uasset" 732
"../../../Engine/Plugins/Animation/ControlRig/Content/Controls/ControlRig_Arrow4_3mm.uexp" 733
"../../../Engine/Plugins/Animation/ControlRig/Content/Controls/ControlRig_Arrow4_1mm.ubulk" 734
"../../../Engine/Plugins/Animation/ControlRig/Content/Controls/ControlRig_Arrow4_1mm.uasset" 735
"../../../Engine/Plugins/Animation/ControlRig/Content/Controls/ControlRig_Arrow4_1mm.uexp" 736
"../../../Engine/Plugins/Animation/ControlRig/Content/Controls/ControlRig_Arrow2_solid.ubulk" 737
"../../../Engine/Plugins/Animation/ControlRig/Content/Controls/ControlRig_Arrow2_solid.uasset" 738
"../../../Engine/Plugins/Animation/ControlRig/Content/Controls/ControlRig_Arrow2_solid.uexp" 739
"../../../Engine/Plugins/Animation/ControlRig/Content/Controls/ControlRig_Arrow2_3mm.ubulk" 740
"../../../Engine/Plugins/Animation/ControlRig/Content/Controls/ControlRig_Arrow2_3mm.uasset" 741
"../../../Engine/Plugins/Animation/ControlRig/Content/Controls/ControlRig_Arrow2_3mm.uexp" 742
"../../../Engine/Plugins/Animation/ControlRig/Content/Controls/ControlRig_Arrow2_1mm.ubulk" 743
"../../../Engine/Plugins/Animation/ControlRig/Content/Controls/ControlRig_Arrow2_1mm.uasset" 744
"../../../Engine/Plugins/Animation/ControlRig/Content/Controls/ControlRig_Arrow2_1mm.uexp" 745
"../../../Engine/Plugins/Animation/ControlRig/Content/Controls/ControlRigXRayMaterial.uasset" 746
"../../../Engine/Plugins/Animation/ControlRig/Content/Controls/ControlRigXRayMaterial.uexp" 747
"../../../Engine/Plugins/Animation/ControlRig/Content/Controls/ControlRigGizmoMaterial.uasset" 748
"../../../Engine/Plugins/Animation/ControlRig/Content/Controls/ControlRigGizmoMaterial.uexp" 749
"../../../Engine/Content/EditorMaterials/Dataflow/DataflowVertexMaterial.uasset" 750
"../../../Engine/Content/EditorMaterials/Dataflow/DataflowVertexMaterial.uexp" 751
"../../../Engine/Content/EditorMaterials/Dataflow/DataflowTwoSidedVertexMaterial.uasset" 752
"../../../Engine/Content/EditorMaterials/Dataflow/DataflowTwoSidedVertexMaterial.uexp" 753
"../../../Engine/Content/EngineResources/FilmGrains/Marcie_Grain_v3_128_M2_000.uasset" 754
"../../../Engine/Content/EngineResources/FilmGrains/Marcie_Grain_v3_128_M2_000.uexp" 755
"../../../Engine/Content/EngineResources/Development/ZenLogo_64.uasset" 756
"../../../Engine/Content/EngineResources/Development/ZenLogo_64.uexp" 757
"../../../Engine/Content/EngineMaterials/LTC/Sheen_LTC.uasset" 758
"../../../Engine/Content/EngineMaterials/LTC/Sheen_LTC.uexp" 759
"../../../Engine/Content/EngineMaterials/LTC/GGX_LTCMat.uasset" 760
"../../../Engine/Content/EngineMaterials/LTC/GGX_LTCMat.uexp" 761
"../../../Engine/Content/EngineMaterials/LTC/GGX_LTCAmp.uasset" 762
"../../../Engine/Content/EngineMaterials/LTC/GGX_LTCAmp.uexp" 763
"../../../Engine/Content/EngineMaterials/EnergyConservation/Sheen_Energy.uasset" 764
"../../../Engine/Content/EngineMaterials/EnergyConservation/Sheen_Energy.uexp" 765
"../../../Engine/Content/EngineMaterials/EnergyConservation/SheenLegacy_Energy.uasset" 766
"../../../Engine/Content/EngineMaterials/EnergyConservation/SheenLegacy_Energy.uexp" 767
"../../../Engine/Content/EngineMaterials/EnergyConservation/GGX_TransmissionEnergyArray.uasset" 768
"../../../Engine/Content/EngineMaterials/EnergyConservation/GGX_TransmissionEnergyArray.uexp" 769
"../../../Engine/Content/EngineMaterials/EnergyConservation/GGX_ReflectionEnergy.uasset" 770
"../../../Engine/Content/EngineMaterials/EnergyConservation/GGX_ReflectionEnergy.uexp" 771
"../../../Engine/Content/EngineMaterials/EnergyConservation/Diffuse_Energy.uasset" 772
"../../../Engine/Content/EngineMaterials/EnergyConservation/Diffuse_Energy.uexp" 773
"../../../Engine/Content/EditorResources/SequenceRecorder/RecordingIndicator.uasset" 774
"../../../Engine/Content/EditorResources/SequenceRecorder/RecordingIndicator.uexp" 775
"../../../Engine/Content/EditorResources/SequenceRecorder/Countdown.uasset" 776
"../../../Engine/Content/EditorResources/SequenceRecorder/Countdown.uexp" 777
"../../../Engine/Content/EditorMaterials/Camera/CineMat.uasset" 778
"../../../Engine/Content/EditorMaterials/Camera/CineMat.uexp" 779
"../../../Engine/Content/EditorMaterials/Camera/MI_CineMat_Rig.uasset" 780
"../../../Engine/Content/EditorMaterials/Camera/MI_CineMat_Rig.uexp" 781
"../../../Engine/Content/EditorMeshes/Camera/SM_RailRig_Track.ubulk" 782
"../../../Engine/Content/EditorMeshes/Camera/SM_RailRig_Track.uasset" 783
"../../../Engine/Content/EditorMeshes/Camera/SM_RailRig_Track.uexp" 784
"../../../Engine/Content/EditorMeshes/Camera/SM_RailRig_Mount.ubulk" 785
"../../../Engine/Content/EditorMeshes/Camera/SM_RailRig_Mount.uasset" 786
"../../../Engine/Content/EditorMeshes/Camera/SM_RailRig_Mount.uexp" 787
"../../../Engine/Content/EditorMeshes/Camera/SM_CraneRig_Mount.ubulk" 788
"../../../Engine/Content/EditorMeshes/Camera/SM_CraneRig_Mount.uasset" 789
"../../../Engine/Content/EditorMeshes/Camera/SM_CraneRig_Mount.uexp" 790
"../../../Engine/Content/EditorMeshes/Camera/SM_CraneRig_Body.ubulk" 791
"../../../Engine/Content/EditorMeshes/Camera/SM_CraneRig_Body.uasset" 792
"../../../Engine/Content/EditorMeshes/Camera/SM_CraneRig_Body.uexp" 793
"../../../Engine/Content/EditorMeshes/Camera/SM_CraneRig_Base.ubulk" 794
"../../../Engine/Content/EditorMeshes/Camera/SM_CraneRig_Base.uasset" 795
"../../../Engine/Content/EditorMeshes/Camera/SM_CraneRig_Base.uexp" 796
"../../../Engine/Content/EditorMeshes/Camera/SM_CraneRig_Arm.ubulk" 797
"../../../Engine/Content/EditorMeshes/Camera/SM_CraneRig_Arm.uasset" 798
"../../../Engine/Content/EditorMeshes/Camera/SM_CraneRig_Arm.uexp" 799
"../../../Engine/Content/EditorMaterials/ParticleSystems/PSysThumbnail_OOD.ubulk" 800
"../../../Engine/Content/EditorMaterials/ParticleSystems/PSysThumbnail_OOD.uasset" 801
"../../../Engine/Content/EditorMaterials/ParticleSystems/PSysThumbnail_OOD.uexp" 802
"../../../Engine/Content/EditorMaterials/ParticleSystems/PSysThumbnail_NoImage.ubulk" 803
"../../../Engine/Content/EditorMaterials/ParticleSystems/PSysThumbnail_NoImage.uasset" 804
"../../../Engine/Content/EditorMaterials/ParticleSystems/PSysThumbnail_NoImage.uexp" 805
"../../../Engine/Plugins/Experimental/Landmass/Content/Landscape/Meshes/S_SpritePlane.ubulk" 806
"../../../Engine/Plugins/Experimental/Landmass/Content/Landscape/Meshes/S_SpritePlane.uasset" 807
"../../../Engine/Plugins/Experimental/Landmass/Content/Landscape/Meshes/S_SpritePlane.uexp" 808
"../../../Engine/Content/VREditor/TransformGizmo/Xray.uasset" 809
"../../../Engine/Content/VREditor/TransformGizmo/Xray.uexp" 810
"../../../Engine/Content/VREditor/TransformGizmo/Main.uasset" 811
"../../../Engine/Content/VREditor/TransformGizmo/Main.uexp" 812
"../../../Engine/Content/VREditor/TransformGizmo/SM_Sequencer_Node.ubulk" 813
"../../../Engine/Content/VREditor/TransformGizmo/SM_Sequencer_Node.uasset" 814
"../../../Engine/Content/VREditor/TransformGizmo/SM_Sequencer_Node.uexp" 815
"../../../Engine/Content/VREditor/TransformGizmo/TranslucentTransformGizmoMaterial.uasset" 816
"../../../Engine/Content/VREditor/TransformGizmo/TranslucentTransformGizmoMaterial.uexp" 817
"../../../Engine/Content/VREditor/LaserPointer/VR_LaserPower_01.ubulk" 818
"../../../Engine/Content/VREditor/LaserPointer/VR_LaserPower_01.uasset" 819
"../../../Engine/Content/VREditor/LaserPointer/VR_LaserPower_01.uexp" 820
"../../../Engine/Content/VREditor/TransformGizmo/TransformGizmoMaterial.uasset" 821
"../../../Engine/Content/VREditor/TransformGizmo/TransformGizmoMaterial.uexp" 822
"../../../Engine/Content/VREditor/TransformGizmo/BoundingBoxEdge.ubulk" 823
"../../../Engine/Content/VREditor/TransformGizmo/BoundingBoxEdge.uasset" 824
"../../../Engine/Content/VREditor/TransformGizmo/BoundingBoxEdge.uexp" 825
"../../../Engine/Content/VREditor/TransformGizmo/BoundingBoxCorner.ubulk" 826
"../../../Engine/Content/VREditor/TransformGizmo/BoundingBoxCorner.uasset" 827
"../../../Engine/Content/VREditor/TransformGizmo/BoundingBoxCorner.uexp" 828
"../../../Engine/Plugins/MetaHuman/MetaHumanCharacter/Content/Textures/T_Gray_N.uasset" 829
"../../../Engine/Plugins/MetaHuman/MetaHumanCharacter/Content/Textures/T_Gray_N.uexp" 830
"../../../Engine/Plugins/MetaHuman/MetaHumanCharacter/Content/Textures/T_Gray_Body_R.ubulk" 831
"../../../Engine/Plugins/MetaHuman/MetaHumanCharacter/Content/Textures/T_Gray_Body_R.uasset" 832
"../../../Engine/Plugins/MetaHuman/MetaHumanCharacter/Content/Textures/T_Gray_Body_R.uexp" 833
"../../../Engine/Plugins/MetaHuman/MetaHumanCharacter/Content/Textures/T_Gray_Body_D.ubulk" 834
"../../../Engine/Plugins/MetaHuman/MetaHumanCharacter/Content/Textures/T_Gray_Body_D.uasset" 835
"../../../Engine/Plugins/MetaHuman/MetaHumanCharacter/Content/Textures/T_Gray_Body_D.uexp" 836
"../../../Engine/Plugins/MetaHuman/MetaHumanCharacter/Content/Textures/T_Default_BaseColor_White.uasset" 837
"../../../Engine/Plugins/MetaHuman/MetaHumanCharacter/Content/Textures/T_Default_BaseColor_White.uexp" 838
"../../../Engine/Plugins/MetaHuman/MetaHumanCharacter/Content/Textures/T_BodyHideMask.ubulk" 839
"../../../Engine/Plugins/MetaHuman/MetaHumanCharacter/Content/Textures/T_BodyHideMask.uasset" 840
"../../../Engine/Plugins/MetaHuman/MetaHumanCharacter/Content/Textures/T_BodyHideMask.uexp" 841
"../../../Engine/Content/Functions/Engine_MaterialFunctions02/SmoothStep.uasset" 842
"../../../Engine/Content/Functions/Engine_MaterialFunctions02/SmoothStep.uexp" 843
"../../../Engine/Content/Functions/Engine_MaterialFunctions01/Texturing/FlattenNormal.uasset" 844
"../../../Engine/Content/Functions/Engine_MaterialFunctions01/Texturing/FlattenNormal.uexp" 845
"../../../Engine/Plugins/MetaHuman/MetaHumanCharacter/Content/Materials/MF_GrayNormal.uasset" 846
"../../../Engine/Plugins/MetaHuman/MetaHumanCharacter/Content/Materials/MF_GrayNormal.uexp" 847
"../../../Engine/Plugins/MetaHuman/MetaHumanCharacter/Content/Materials/M_GrayTexture_Body.uasset" 848
"../../../Engine/Plugins/MetaHuman/MetaHumanCharacter/Content/Materials/M_GrayTexture_Body.uexp" 849
"../../../Engine/Plugins/Animation/ControlRig/Content/Controls/DefaultGizmoLibrary.uasset" 850
"../../../Engine/Plugins/Animation/ControlRig/Content/Controls/DefaultGizmoLibrary.uexp" 851
"../../../Engine/Plugins/MetaHuman/MetaHumanCharacter/Content/Controls/CRSL_MetaHuman_Gizmo.uasset" 852
"../../../Engine/Plugins/MetaHuman/MetaHumanCharacter/Content/Controls/CRSL_MetaHuman_Gizmo.uexp" 853
"../../../Engine/Plugins/MetaHuman/MetaHumanCharacter/Content/Face/CR_MetaHuman_HeadMovement_IK_Proc.uasset" 854
"../../../Engine/Plugins/MetaHuman/MetaHumanCharacter/Content/Face/CR_MetaHuman_HeadMovement_IK_Proc.uexp" 855
"../../../Engine/Plugins/MetaHuman/MetaHumanCharacter/Content/Body/ABP_Body_PostProcess.uasset" 856
"../../../Engine/Plugins/MetaHuman/MetaHumanCharacter/Content/Body/ABP_Body_PostProcess.uexp" 857
"../../../Engine/Plugins/MetaHuman/MetaHumanCharacter/Content/Body/IdentityTemplate/PHYS_Body.uasset" 858
"../../../Engine/Plugins/MetaHuman/MetaHumanCharacter/Content/Body/IdentityTemplate/PHYS_Body.uexp" 859
"../../../Engine/Plugins/MetaHuman/MetaHumanCharacter/Content/Body/IdentityTemplate/SKM_Body.uasset" 860
"../../../Engine/Plugins/MetaHuman/MetaHumanCharacter/Content/Body/IdentityTemplate/SKM_Body.uexp" 861
"../../../Engine/Plugins/Interchange/Assets/Content/gltf/Textures/T_White_srgb.uasset" 862
"../../../Engine/Plugins/Interchange/Assets/Content/gltf/Textures/T_White_srgb.uexp" 863
"../../../Engine/Plugins/Interchange/Assets/Content/gltf/MaterialFunctions/MF_BaseColor.uasset" 864
"../../../Engine/Plugins/Interchange/Assets/Content/gltf/MaterialFunctions/MF_BaseColor.uexp" 865
"../../../Engine/Plugins/Interchange/Assets/Content/gltf/MaterialFunctions/MF_RotateV2.uasset" 866
"../../../Engine/Plugins/Interchange/Assets/Content/gltf/MaterialFunctions/MF_RotateV2.uexp" 867
"../../../Engine/Plugins/Interchange/Assets/Content/gltf/MaterialFunctions/MF_TransformUVs.uasset" 868
"../../../Engine/Plugins/Interchange/Assets/Content/gltf/MaterialFunctions/MF_TransformUVs.uexp" 869
"../../../Engine/Plugins/Interchange/Assets/Content/gltf/MaterialBodies/MF_Unlit_Body.uasset" 870
"../../../Engine/Plugins/Interchange/Assets/Content/gltf/MaterialBodies/MF_Unlit_Body.uexp" 871
"../../../Engine/Plugins/Interchange/Assets/Content/gltf/M_Unlit.uasset" 872
"../../../Engine/Plugins/Interchange/Assets/Content/gltf/M_Unlit.uexp" 873
"../../../Engine/Plugins/Interchange/Assets/Content/gltf/MaterialInstances/MI_Unlit_Opaque_DS.uasset" 874
"../../../Engine/Plugins/Interchange/Assets/Content/gltf/MaterialInstances/MI_Unlit_Opaque_DS.uexp" 875
"../../../Engine/Plugins/Interchange/Assets/Content/gltf/MaterialInstances/MI_Unlit_Opaque.uasset" 876
"../../../Engine/Plugins/Interchange/Assets/Content/gltf/MaterialInstances/MI_Unlit_Opaque.uexp" 877
"../../../Engine/Plugins/Interchange/Assets/Content/gltf/MaterialInstances/MI_Unlit_Mask_DS.uasset" 878
"../../../Engine/Plugins/Interchange/Assets/Content/gltf/MaterialInstances/MI_Unlit_Mask_DS.uexp" 879
"../../../Engine/Plugins/Interchange/Assets/Content/gltf/MaterialInstances/MI_Unlit_Mask.uasset" 880
"../../../Engine/Plugins/Interchange/Assets/Content/gltf/MaterialInstances/MI_Unlit_Mask.uexp" 881
"../../../Engine/Plugins/Interchange/Assets/Content/gltf/MaterialInstances/MI_Unlit_Blend_DS.uasset" 882
"../../../Engine/Plugins/Interchange/Assets/Content/gltf/MaterialInstances/MI_Unlit_Blend_DS.uexp" 883
"../../../Engine/Plugins/Interchange/Assets/Content/gltf/MaterialInstances/MI_Unlit_Blend.uasset" 884
"../../../Engine/Plugins/Interchange/Assets/Content/gltf/MaterialInstances/MI_Unlit_Blend.uexp" 885
"../../../Engine/Content/EngineMaterials/Good64x64TilingNoiseHighFreq.uasset" 886
"../../../Engine/Content/EngineMaterials/Good64x64TilingNoiseHighFreq.uexp" 887
"../../../Engine/Content/Functions/Engine_MaterialFunctions02/Texturing/ScreenAlignedPixelToPixelUVs.uasset" 888
"../../../Engine/Content/Functions/Engine_MaterialFunctions02/Texturing/ScreenAlignedPixelToPixelUVs.uexp" 889
"../../../Engine/Content/Functions/Engine_MaterialFunctions02/Math/Transform3x3Matrix.uasset" 890
"../../../Engine/Content/Functions/Engine_MaterialFunctions02/Math/Transform3x3Matrix.uexp" 891
"../../../Engine/Plugins/Interchange/Assets/Content/Utilities/New_LUT.uasset" 892
"../../../Engine/Plugins/Interchange/Assets/Content/Utilities/New_LUT.uexp" 893
"../../../Engine/Content/Functions/Engine_MaterialFunctions03/Math/RemapValueRange.uasset" 894
"../../../Engine/Content/Functions/Engine_MaterialFunctions03/Math/RemapValueRange.uexp" 895
"../../../Engine/Plugins/Interchange/Assets/Content/Functions/MF_Iridescence.uasset" 896
"../../../Engine/Plugins/Interchange/Assets/Content/Functions/MF_Iridescence.uexp" 897
"../../../Engine/Plugins/Interchange/Assets/Content/gltf/MaterialFunctions/MF_Fresnel_DS.uasset" 898
"../../../Engine/Plugins/Interchange/Assets/Content/gltf/MaterialFunctions/MF_Fresnel_DS.uexp" 899
"../../../Engine/Plugins/Interchange/Assets/Content/gltf/MaterialFunctions/MF_IOR.uasset" 900
"../../../Engine/Plugins/Interchange/Assets/Content/gltf/MaterialFunctions/MF_IOR.uexp" 901
"../../../Engine/Plugins/Interchange/Assets/Content/gltf/MaterialFunctions/MF_Iridescence.uasset" 902
"../../../Engine/Plugins/Interchange/Assets/Content/gltf/MaterialFunctions/MF_Iridescence.uexp" 903
"../../../Engine/Plugins/Interchange/Assets/Content/gltf/Textures/T_White_Linear.uasset" 904
"../../../Engine/Plugins/Interchange/Assets/Content/gltf/Textures/T_White_Linear.uexp" 905
"../../../Engine/Plugins/Interchange/Assets/Content/gltf/MaterialFunctions/MF_MetallicRoughness.uasset" 906
"../../../Engine/Plugins/Interchange/Assets/Content/gltf/MaterialFunctions/MF_MetallicRoughness.uexp" 907
"../../../Engine/Plugins/Interchange/Assets/Content/gltf/MaterialFunctions/MF_RotateNormals_TS.uasset" 908
"../../../Engine/Plugins/Interchange/Assets/Content/gltf/MaterialFunctions/MF_RotateNormals_TS.uexp" 909
"../../../Engine/Plugins/Interchange/Assets/Content/gltf/MaterialFunctions/MF_ScaleNormal.uasset" 910
"../../../Engine/Plugins/Interchange/Assets/Content/gltf/MaterialFunctions/MF_ScaleNormal.uexp" 911
"../../../Engine/Plugins/Interchange/Assets/Content/gltf/Textures/T_Generic_N.uasset" 912
"../../../Engine/Plugins/Interchange/Assets/Content/gltf/Textures/T_Generic_N.uexp" 913
"../../../Engine/Plugins/Interchange/Assets/Content/gltf/MaterialFunctions/MF_Normals.uasset" 914
"../../../Engine/Plugins/Interchange/Assets/Content/gltf/MaterialFunctions/MF_Normals.uexp" 915
"../../../Engine/Plugins/Interchange/Assets/Content/gltf/MaterialFunctions/MF_Occlusion.uasset" 916
"../../../Engine/Plugins/Interchange/Assets/Content/gltf/MaterialFunctions/MF_Occlusion.uexp" 917
"../../../Engine/Plugins/Interchange/Assets/Content/gltf/MaterialFunctions/MF_Specular.uasset" 918
"../../../Engine/Plugins/Interchange/Assets/Content/gltf/MaterialFunctions/MF_Specular.uexp" 919
"../../../Engine/Plugins/Interchange/Assets/Content/gltf/Textures/T_Anisotropy_Direction_Linear.uasset" 920
"../../../Engine/Plugins/Interchange/Assets/Content/gltf/Textures/T_Anisotropy_Direction_Linear.uexp" 921
"../../../Engine/Plugins/Interchange/Assets/Content/gltf/MaterialFunctions/MF_SpecularAnisotropy.uasset" 922
"../../../Engine/Plugins/Interchange/Assets/Content/gltf/MaterialFunctions/MF_SpecularAnisotropy.uexp" 923
"../../../Engine/Plugins/Interchange/Assets/Content/gltf/MaterialFunctions/MF_Temporal_Blur.uasset" 924
"../../../Engine/Plugins/Interchange/Assets/Content/gltf/MaterialFunctions/MF_Temporal_Blur.uexp" 925
"../../../Engine/Plugins/Interchange/Assets/Content/gltf/MaterialFunctions/MF_Transmission.uasset" 926
"../../../Engine/Plugins/Interchange/Assets/Content/gltf/MaterialFunctions/MF_Transmission.uexp" 927
"../../../Engine/Plugins/Interchange/Assets/Content/gltf/MaterialBodies/MF_Transmission_Body.uasset" 928
"../../../Engine/Plugins/Interchange/Assets/Content/gltf/MaterialBodies/MF_Transmission_Body.uexp" 929
"../../../Engine/Plugins/Interchange/Assets/Content/gltf/M_Transmission.uasset" 930
"../../../Engine/Plugins/Interchange/Assets/Content/gltf/M_Transmission.uexp" 931
"../../../Engine/Plugins/Interchange/Assets/Content/gltf/MaterialInstances/MI_Transmission_DS.uasset" 932
"../../../Engine/Plugins/Interchange/Assets/Content/gltf/MaterialInstances/MI_Transmission_DS.uexp" 933
"../../../Engine/Plugins/Interchange/Assets/Content/gltf/MaterialInstances/MI_Transmission.uasset" 934
"../../../Engine/Plugins/Interchange/Assets/Content/gltf/MaterialInstances/MI_Transmission.uexp" 935
"../../../Engine/Content/Functions/Engine_MaterialFunctions02/Math/AddComponents.uasset" 936
"../../../Engine/Content/Functions/Engine_MaterialFunctions02/Math/AddComponents.uexp" 937
"../../../Engine/Plugins/Interchange/Assets/Content/gltf/MaterialFunctions/MF_DiffuseSpecGloss.uasset" 938
"../../../Engine/Plugins/Interchange/Assets/Content/gltf/MaterialFunctions/MF_DiffuseSpecGloss.uexp" 939
"../../../Engine/Plugins/Interchange/Assets/Content/gltf/MaterialFunctions/MF_Emissive.uasset" 940
"../../../Engine/Plugins/Interchange/Assets/Content/gltf/MaterialFunctions/MF_Emissive.uexp" 941
"../../../Engine/Plugins/Interchange/Assets/Content/gltf/MaterialFunctions/MF_MaxComponentValue.uasset" 942
"../../../Engine/Plugins/Interchange/Assets/Content/gltf/MaterialFunctions/MF_MaxComponentValue.uexp" 943
"../../../Engine/Plugins/Interchange/Assets/Content/gltf/MaterialFunctions/MF_PerceivedBrightness.uasset" 944
"../../../Engine/Plugins/Interchange/Assets/Content/gltf/MaterialFunctions/MF_PerceivedBrightness.uexp" 945
"../../../Engine/Plugins/Interchange/Assets/Content/gltf/MaterialFunctions/MF_SpecGlossToMetalRoughness.uasset" 946
"../../../Engine/Plugins/Interchange/Assets/Content/gltf/MaterialFunctions/MF_SpecGlossToMetalRoughness.uexp" 947
"../../../Engine/Plugins/Interchange/Assets/Content/gltf/MaterialBodies/MF_SpecularGlossiness_Body.uasset" 948
"../../../Engine/Plugins/Interchange/Assets/Content/gltf/MaterialBodies/MF_SpecularGlossiness_Body.uexp" 949
"../../../Engine/Plugins/Interchange/Assets/Content/gltf/M_SpecularGlossiness.uasset" 950
"../../../Engine/Plugins/Interchange/Assets/Content/gltf/M_SpecularGlossiness.uexp" 951
"../../../Engine/Plugins/Interchange/Assets/Content/gltf/MaterialInstances/MI_SpecularGlossiness_Opaque_DS.uasset" 952
"../../../Engine/Plugins/Interchange/Assets/Content/gltf/MaterialInstances/MI_SpecularGlossiness_Opaque_DS.uexp" 953
"../../../Engine/Plugins/Interchange/Assets/Content/gltf/MaterialInstances/MI_SpecularGlossiness_Opaque.uasset" 954
"../../../Engine/Plugins/Interchange/Assets/Content/gltf/MaterialInstances/MI_SpecularGlossiness_Opaque.uexp" 955
"../../../Engine/Plugins/Interchange/Assets/Content/gltf/MaterialInstances/MI_SpecularGlossiness_Mask_DS.uasset" 956
"../../../Engine/Plugins/Interchange/Assets/Content/gltf/MaterialInstances/MI_SpecularGlossiness_Mask_DS.uexp" 957
"../../../Engine/Plugins/Interchange/Assets/Content/gltf/MaterialInstances/MI_SpecularGlossiness_Mask.uasset" 958
"../../../Engine/Plugins/Interchange/Assets/Content/gltf/MaterialInstances/MI_SpecularGlossiness_Mask.uexp" 959
"../../../Engine/Plugins/Interchange/Assets/Content/gltf/MaterialInstances/MI_SpecularGlossiness_Blend_DS.uasset" 960
"../../../Engine/Plugins/Interchange/Assets/Content/gltf/MaterialInstances/MI_SpecularGlossiness_Blend_DS.uexp" 961
"../../../Engine/Plugins/Interchange/Assets/Content/gltf/MaterialInstances/MI_SpecularGlossiness_Blend.uasset" 962
"../../../Engine/Plugins/Interchange/Assets/Content/gltf/MaterialInstances/MI_SpecularGlossiness_Blend.uexp" 963
"../../../Engine/Plugins/Interchange/Assets/Content/gltf/MaterialFunctions/MF_Sheen.uasset" 964
"../../../Engine/Plugins/Interchange/Assets/Content/gltf/MaterialFunctions/MF_Sheen.uexp" 965
"../../../Engine/Plugins/Interchange/Assets/Content/gltf/MaterialBodies/MF_Sheen_Body.uasset" 966
"../../../Engine/Plugins/Interchange/Assets/Content/gltf/MaterialBodies/MF_Sheen_Body.uexp" 967
"../../../Engine/Plugins/Interchange/Assets/Content/gltf/M_Sheen.uasset" 968
"../../../Engine/Plugins/Interchange/Assets/Content/gltf/M_Sheen.uexp" 969
"../../../Engine/Plugins/Interchange/Assets/Content/gltf/MaterialInstances/MI_Sheen_Opaque_DS.uasset" 970
"../../../Engine/Plugins/Interchange/Assets/Content/gltf/MaterialInstances/MI_Sheen_Opaque_DS.uexp" 971
"../../../Engine/Plugins/Interchange/Assets/Content/gltf/MaterialInstances/MI_Sheen_Opaque.uasset" 972
"../../../Engine/Plugins/Interchange/Assets/Content/gltf/MaterialInstances/MI_Sheen_Opaque.uexp" 973
"../../../Engine/Plugins/Interchange/Assets/Content/gltf/MaterialInstances/MI_Sheen_Mask_DS.uasset" 974
"../../../Engine/Plugins/Interchange/Assets/Content/gltf/MaterialInstances/MI_Sheen_Mask_DS.uexp" 975
"../../../Engine/Plugins/Interchange/Assets/Content/gltf/MaterialInstances/MI_Sheen_Mask.uasset" 976
"../../../Engine/Plugins/Interchange/Assets/Content/gltf/MaterialInstances/MI_Sheen_Mask.uexp" 977
"../../../Engine/Plugins/Interchange/Assets/Content/gltf/MaterialInstances/MI_Sheen_Blend_DS.uasset" 978
"../../../Engine/Plugins/Interchange/Assets/Content/gltf/MaterialInstances/MI_Sheen_Blend_DS.uexp" 979
"../../../Engine/Plugins/Interchange/Assets/Content/gltf/MaterialInstances/MI_Sheen_Blend.uasset" 980
"../../../Engine/Plugins/Interchange/Assets/Content/gltf/MaterialInstances/MI_Sheen_Blend.uexp" 981
"../../../Engine/Plugins/Interchange/Assets/Content/gltf/MaterialBodies/MF_Default_Body.uasset" 982
"../../../Engine/Plugins/Interchange/Assets/Content/gltf/MaterialBodies/MF_Default_Body.uexp" 983
"../../../Engine/Plugins/Interchange/Assets/Content/gltf/M_Default.uasset" 984
"../../../Engine/Plugins/Interchange/Assets/Content/gltf/M_Default.uexp" 985
"../../../Engine/Plugins/Interchange/Assets/Content/gltf/MaterialInstances/MI_Default_Opaque_DS.uasset" 986
"../../../Engine/Plugins/Interchange/Assets/Content/gltf/MaterialInstances/MI_Default_Opaque_DS.uexp" 987
"../../../Engine/Plugins/Interchange/Assets/Content/gltf/MaterialInstances/MI_Default_Opaque.uasset" 988
"../../../Engine/Plugins/Interchange/Assets/Content/gltf/MaterialInstances/MI_Default_Opaque.uexp" 989
"../../../Engine/Plugins/Interchange/Assets/Content/gltf/MaterialInstances/MI_Default_Mask_DS.uasset" 990
"../../../Engine/Plugins/Interchange/Assets/Content/gltf/MaterialInstances/MI_Default_Mask_DS.uexp" 991
"../../../Engine/Plugins/Interchange/Assets/Content/gltf/MaterialInstances/MI_Default_Mask.uasset" 992
"../../../Engine/Plugins/Interchange/Assets/Content/gltf/MaterialInstances/MI_Default_Mask.uexp" 993
"../../../Engine/Plugins/Interchange/Assets/Content/gltf/MaterialInstances/MI_Default_Blend_DS.uasset" 994
"../../../Engine/Plugins/Interchange/Assets/Content/gltf/MaterialInstances/MI_Default_Blend_DS.uexp" 995
"../../../Engine/Plugins/Interchange/Assets/Content/gltf/MaterialInstances/MI_Default_Blend.uasset" 996
"../../../Engine/Plugins/Interchange/Assets/Content/gltf/MaterialInstances/MI_Default_Blend.uexp" 997
"../../../Engine/Plugins/Interchange/Assets/Content/gltf/MaterialFunctions/MF_Clearcoat.uasset" 998
"../../../Engine/Plugins/Interchange/Assets/Content/gltf/MaterialFunctions/MF_Clearcoat.uexp" 999
"../../../Engine/Plugins/Interchange/Assets/Content/gltf/MaterialBodies/MF_ClearCoat_Body.uasset" 1000
"../../../Engine/Plugins/Interchange/Assets/Content/gltf/MaterialBodies/MF_ClearCoat_Body.uexp" 1001
"../../../Engine/Plugins/Interchange/Assets/Content/gltf/M_ClearCoat.uasset" 1002
"../../../Engine/Plugins/Interchange/Assets/Content/gltf/M_ClearCoat.uexp" 1003
"../../../Engine/Plugins/Interchange/Assets/Content/gltf/MaterialInstances/MI_ClearCoat_Opaque_DS.uasset" 1004
"../../../Engine/Plugins/Interchange/Assets/Content/gltf/MaterialInstances/MI_ClearCoat_Opaque_DS.uexp" 1005
"../../../Engine/Plugins/Interchange/Assets/Content/gltf/MaterialInstances/MI_ClearCoat_Opaque.uasset" 1006
"../../../Engine/Plugins/Interchange/Assets/Content/gltf/MaterialInstances/MI_ClearCoat_Opaque.uexp" 1007
"../../../Engine/Plugins/Interchange/Assets/Content/gltf/MaterialInstances/MI_ClearCoat_Mask_DS.uasset" 1008
"../../../Engine/Plugins/Interchange/Assets/Content/gltf/MaterialInstances/MI_ClearCoat_Mask_DS.uexp" 1009
"../../../Engine/Plugins/Interchange/Assets/Content/gltf/MaterialInstances/MI_ClearCoat_Mask.uasset" 1010
"../../../Engine/Plugins/Interchange/Assets/Content/gltf/MaterialInstances/MI_ClearCoat_Mask.uexp" 1011
"../../../Engine/Plugins/Interchange/Assets/Content/gltf/MaterialInstances/MI_ClearCoat_Blend_DS.uasset" 1012
"../../../Engine/Plugins/Interchange/Assets/Content/gltf/MaterialInstances/MI_ClearCoat_Blend_DS.uexp" 1013
"../../../Engine/Plugins/Interchange/Assets/Content/gltf/MaterialInstances/MI_ClearCoat_Blend.uasset" 1014
"../../../Engine/Plugins/Interchange/Assets/Content/gltf/MaterialInstances/MI_ClearCoat_Blend.uexp" 1015
"../../../Engine/Content/EngineMaterials/Substrate/Volume/SubstrateSimpleVolumeLUT3D.uasset" 1016
"../../../Engine/Content/EngineMaterials/Substrate/Volume/SubstrateSimpleVolumeLUT3D.uexp" 1017
"../../../Engine/Content/EngineMaterials/Substrate/Volume/SubstrateSimpleVolumeEnvLUT3D.uasset" 1018
"../../../Engine/Content/EngineMaterials/Substrate/Volume/SubstrateSimpleVolumeEnvLUT3D.uexp" 1019
"../../../Engine/Content/EngineMaterials/Substrate/Glints2/AGlintTex2dArray2.uasset" 1020
"../../../Engine/Content/EngineMaterials/Substrate/Glints2/AGlintTex2dArray2.uexp" 1021
"../../../Engine/Content/EngineMaterials/Substrate/GLints/AGlintTex2dArray.uasset" 1022
"../../../Engine/Content/EngineMaterials/Substrate/GLints/AGlintTex2dArray.uexp" 1023
"../../../Engine/Content/ArtTools/RenderToTexture/Meshes/S_1_Unit_Plane.ubulk" 1024
"../../../Engine/Content/ArtTools/RenderToTexture/Meshes/S_1_Unit_Plane.uasset" 1025
"../../../Engine/Content/ArtTools/RenderToTexture/Meshes/S_1_Unit_Plane.uexp" 1026
"../../../Engine/Content/Functions/Engine_MaterialFunctions01/Shading/PowerToRoughness.uasset" 1027
"../../../Engine/Content/Functions/Engine_MaterialFunctions01/Shading/PowerToRoughness.uexp" 1028
"../../../Engine/Content/Functions/Engine_MaterialFunctions01/Shading/ConvertFromDiffSpec.uasset" 1029
"../../../Engine/Content/Functions/Engine_MaterialFunctions01/Shading/ConvertFromDiffSpec.uexp" 1030
"../../../Engine/Content/Functions/Engine_MaterialFunctions02/WorldPositionOffset/ComponentPivotLocation.uasset" 1031
"../../../Engine/Content/Functions/Engine_MaterialFunctions02/WorldPositionOffset/ComponentPivotLocation.uexp" 1032
"../../../Engine/Content/EditorResources/S_Terrain.ubulk" 1033
"../../../Engine/Content/EditorResources/S_Terrain.uasset" 1034
"../../../Engine/Content/EditorResources/S_Terrain.uexp" 1035
"../../../Engine/Content/Functions/Engine_MaterialFunctions02/WorldPositionOffset/V2/ObjectScale.uasset" 1036
"../../../Engine/Content/Functions/Engine_MaterialFunctions02/WorldPositionOffset/V2/ObjectScale.uexp" 1037
"../../../Engine/Content/Functions/Engine_MaterialFunctions02/WorldPositionOffset/Sprite.uasset" 1038
"../../../Engine/Content/Functions/Engine_MaterialFunctions02/WorldPositionOffset/Sprite.uexp" 1039
"../../../Engine/Plugins/Experimental/Landmass/Content/Landscape/BlueprintBrushes/Materials/Sprite/M_BrushSprite_01.uasset" 1040
"../../../Engine/Plugins/Experimental/Landmass/Content/Landscape/BlueprintBrushes/Materials/Sprite/M_BrushSprite_01.uexp" 1041
"../../../Engine/Content/EngineResources/Black_Low.uasset" 1042
"../../../Engine/Content/EngineResources/Black_Low.uexp" 1043
"../../../Engine/Content/EngineMaterials/BlendFunc_DefBlend.uasset" 1044
"../../../Engine/Content/EngineMaterials/BlendFunc_DefBlend.uexp" 1045
"../../../Engine/Content/EngineMaterials/BlendFunc_DefBase.uasset" 1046
"../../../Engine/Content/EngineMaterials/BlendFunc_DefBase.uexp" 1047
"../../../Engine/Content/Functions/Engine_MaterialFunctions03/Procedurals/ComputeFilterWidth.uasset" 1048
"../../../Engine/Content/Functions/Engine_MaterialFunctions03/Procedurals/ComputeFilterWidth.uexp" 1049
"../../../Engine/Content/EditorMaterials/TilingAALineIntegral.uasset" 1050
"../../../Engine/Content/EditorMaterials/TilingAALineIntegral.uexp" 1051
"../../../Engine/Content/EditorMaterials/TilingAALineBoxFiltered.uasset" 1052
"../../../Engine/Content/EditorMaterials/TilingAALineBoxFiltered.uexp" 1053
"../../../Engine/Content/Functions/Engine_MaterialFunctions03/Blends/Blend_Screen.uasset" 1054
"../../../Engine/Content/Functions/Engine_MaterialFunctions03/Blends/Blend_Screen.uexp" 1055
"../../../Engine/Content/EditorMaterials/TilingAAGrid.uasset" 1056
"../../../Engine/Content/EditorMaterials/TilingAAGrid.uexp" 1057
"../../../Engine/Plugins/Experimental/Landmass/Content/Landscape/BlueprintBrushes/MPC/MPC_Landscape.uasset" 1058
"../../../Engine/Plugins/Experimental/Landmass/Content/Landscape/BlueprintBrushes/MPC/MPC_Landscape.uexp" 1059
"../../../Engine/Content/ArtTools/RenderToTexture/Textures/T_EV_BlankWhite_01.uasset" 1060
"../../../Engine/Content/ArtTools/RenderToTexture/Textures/T_EV_BlankWhite_01.uexp" 1061
"../../../Engine/Plugins/Experimental/Landmass/Content/Landscape/OldPrototype_BP/Mats/MF/UnpackRG8Height.uasset" 1062
"../../../Engine/Plugins/Experimental/Landmass/Content/Landscape/OldPrototype_BP/Mats/MF/UnpackRG8Height.uexp" 1063
"../../../Engine/Plugins/Experimental/Landmass/Content/Landscape/BlueprintBrushes/MF/LandmassBrush_UVs.uasset" 1064
"../../../Engine/Plugins/Experimental/Landmass/Content/Landscape/BlueprintBrushes/MF/LandmassBrush_UVs.uexp" 1065
"../../../Engine/Plugins/Experimental/Landmass/Content/Landscape/BlueprintBrushes/MF/Landmass_BrushTilt.uasset" 1066
"../../../Engine/Plugins/Experimental/Landmass/Content/Landscape/BlueprintBrushes/MF/Landmass_BrushTilt.uexp" 1067
"../../../Engine/Plugins/Experimental/Landmass/Content/Landscape/BlueprintBrushes/MF/LandmassBrush_EdgeFalloff.uasset" 1068
"../../../Engine/Plugins/Experimental/Landmass/Content/Landscape/BlueprintBrushes/MF/LandmassBrush_EdgeFalloff.uexp" 1069
"../../../Engine/Plugins/Experimental/Landmass/Content/Landscape/BlueprintBrushes/MF/LandmassBrush_Noise.uasset" 1070
"../../../Engine/Plugins/Experimental/Landmass/Content/Landscape/BlueprintBrushes/MF/LandmassBrush_Noise.uexp" 1071
"../../../Engine/Plugins/Experimental/Landmass/Content/Landscape/BlueprintBrushes/MF/PointSampleLandscapeUVs.uasset" 1072
"../../../Engine/Plugins/Experimental/Landmass/Content/Landscape/BlueprintBrushes/MF/PointSampleLandscapeUVs.uexp" 1073
"../../../Engine/Plugins/Experimental/Landmass/Content/Landscape/BlueprintBrushes/Materials/BrushMaterials/BasicFunctions/LandmassBrush_ShapeMask.uasset" 1074
"../../../Engine/Plugins/Experimental/Landmass/Content/Landscape/BlueprintBrushes/Materials/BrushMaterials/BasicFunctions/LandmassBrush_ShapeMask.uexp" 1075
"../../../Engine/Plugins/Experimental/Landmass/Content/Landscape/BlueprintBrushes/Materials/Internal/BrushBounds.uasset" 1076
"../../../Engine/Plugins/Experimental/Landmass/Content/Landscape/BlueprintBrushes/Materials/Internal/BrushBounds.uexp" 1077
"C:/Users/Xande/Documents/GitHub/DMM_Vertical_Slice/Content/DavidsMightyMen/Characters/MetaHumans/Common/Controls/M_RigControlActor_Black.uasset" 1078
"C:/Users/Xande/Documents/GitHub/DMM_Vertical_Slice/Content/DavidsMightyMen/Characters/MetaHumans/Common/Controls/M_RigControlActor_Black.uexp" 1079
"C:/Users/Xande/Documents/GitHub/DMM_Vertical_Slice/Content/DavidsMightyMen/Characters/MetaHumans/Common/Controls/SM_MetaHuman_Faceboard_FollowGrp.ubulk" 1080
"C:/Users/Xande/Documents/GitHub/DMM_Vertical_Slice/Content/DavidsMightyMen/Characters/MetaHumans/Common/Controls/SM_MetaHuman_Faceboard_FollowGrp.uasset" 1081
"C:/Users/Xande/Documents/GitHub/DMM_Vertical_Slice/Content/DavidsMightyMen/Characters/MetaHumans/Common/Controls/SM_MetaHuman_Faceboard_FollowGrp.uexp" 1082
"C:/Users/Xande/Documents/GitHub/DMM_Vertical_Slice/Content/DavidsMightyMen/Characters/MetaHumans/Common/Controls/SM_MetaHuman_Faceboard_Convergence.ubulk" 1083
"C:/Users/Xande/Documents/GitHub/DMM_Vertical_Slice/Content/DavidsMightyMen/Characters/MetaHumans/Common/Controls/SM_MetaHuman_Faceboard_Convergence.uasset" 1084
"C:/Users/Xande/Documents/GitHub/DMM_Vertical_Slice/Content/DavidsMightyMen/Characters/MetaHumans/Common/Controls/SM_MetaHuman_Faceboard_Convergence.uexp" 1085
"C:/Users/Xande/Documents/GitHub/DMM_Vertical_Slice/Content/DavidsMightyMen/Characters/MetaHumans/Common/Controls/SM_MetaHuman_Faceboard_2x.ubulk" 1086
"C:/Users/Xande/Documents/GitHub/DMM_Vertical_Slice/Content/DavidsMightyMen/Characters/MetaHumans/Common/Controls/SM_MetaHuman_Faceboard_2x.uasset" 1087
"C:/Users/Xande/Documents/GitHub/DMM_Vertical_Slice/Content/DavidsMightyMen/Characters/MetaHumans/Common/Controls/SM_MetaHuman_Faceboard_2x.uexp" 1088
"C:/Users/Xande/Documents/GitHub/DMM_Vertical_Slice/Content/DavidsMightyMen/Characters/Enemy_grunt_export/MetaHumans/Common/Controls/M_RigControlActor_Black.uasset" 1089
"C:/Users/Xande/Documents/GitHub/DMM_Vertical_Slice/Content/DavidsMightyMen/Characters/Enemy_grunt_export/MetaHumans/Common/Controls/M_RigControlActor_Black.uexp" 1090
"C:/Users/Xande/Documents/GitHub/DMM_Vertical_Slice/Content/DavidsMightyMen/Characters/Enemy_grunt_export/MetaHumans/Common/Controls/SM_MetaHuman_Faceboard_FollowGrp.ubulk" 1091
"C:/Users/Xande/Documents/GitHub/DMM_Vertical_Slice/Content/DavidsMightyMen/Characters/Enemy_grunt_export/MetaHumans/Common/Controls/SM_MetaHuman_Faceboard_FollowGrp.uasset" 1092
"C:/Users/Xande/Documents/GitHub/DMM_Vertical_Slice/Content/DavidsMightyMen/Characters/Enemy_grunt_export/MetaHumans/Common/Controls/SM_MetaHuman_Faceboard_FollowGrp.uexp" 1093
"C:/Users/Xande/Documents/GitHub/DMM_Vertical_Slice/Content/DavidsMightyMen/Characters/Enemy_grunt_export/MetaHumans/Common/Controls/SM_MetaHuman_Faceboard_Convergence.ubulk" 1094
"C:/Users/Xande/Documents/GitHub/DMM_Vertical_Slice/Content/DavidsMightyMen/Characters/Enemy_grunt_export/MetaHumans/Common/Controls/SM_MetaHuman_Faceboard_Convergence.uasset" 1095
"C:/Users/Xande/Documents/GitHub/DMM_Vertical_Slice/Content/DavidsMightyMen/Characters/Enemy_grunt_export/MetaHumans/Common/Controls/SM_MetaHuman_Faceboard_Convergence.uexp" 1096
"C:/Users/Xande/Documents/GitHub/DMM_Vertical_Slice/Content/DavidsMightyMen/Characters/Enemy_grunt_export/MetaHumans/Common/Controls/SM_MetaHuman_Faceboard_2x.ubulk" 1097
"C:/Users/Xande/Documents/GitHub/DMM_Vertical_Slice/Content/DavidsMightyMen/Characters/Enemy_grunt_export/MetaHumans/Common/Controls/SM_MetaHuman_Faceboard_2x.uasset" 1098
"C:/Users/Xande/Documents/GitHub/DMM_Vertical_Slice/Content/DavidsMightyMen/Characters/Enemy_grunt_export/MetaHumans/Common/Controls/SM_MetaHuman_Faceboard_2x.uexp" 1099
"../../../Engine/Content/VREditor/Sounds/UI/Drop_Item_From_ContentBrowser.ubulk" 1100
"../../../Engine/Content/VREditor/Sounds/UI/Drop_Item_From_ContentBrowser.uasset" 1101
"../../../Engine/Content/VREditor/Sounds/UI/Drop_Item_From_ContentBrowser.uexp" 1102
"../../../Engine/Content/VREditor/TransformGizmo/TransformGizmoMaterial_Inst.uasset" 1103
"../../../Engine/Content/VREditor/TransformGizmo/TransformGizmoMaterial_Inst.uexp" 1104
"../../../Engine/Content/VREditor/TransformGizmo/TranslucentTransformGizmoMaterial_Inst.uasset" 1105
"../../../Engine/Content/VREditor/TransformGizmo/TranslucentTransformGizmoMaterial_Inst.uexp" 1106
"../../../Engine/Content/VREditor/SnapGrid/SnapGridMaterial.uasset" 1107
"../../../Engine/Content/VREditor/SnapGrid/SnapGridMaterial.uexp" 1108
"../../../Engine/Content/VREditor/SnapGrid/SnapGridPlaneMesh.ubulk" 1109
"../../../Engine/Content/VREditor/SnapGrid/SnapGridPlaneMesh.uasset" 1110
"../../../Engine/Content/VREditor/SnapGrid/SnapGridPlaneMesh.uexp" 1111
"../../../Engine/Content/VREditor/Sounds/UI/Gizmo_Handle_Clicked.ubulk" 1112
"../../../Engine/Content/VREditor/Sounds/UI/Gizmo_Handle_Clicked.uasset" 1113
"../../../Engine/Content/VREditor/Sounds/UI/Gizmo_Handle_Clicked.uexp" 1114
"../../../Engine/Content/VREditor/Sounds/UI/Object_PickUp.ubulk" 1115
"../../../Engine/Content/VREditor/Sounds/UI/Object_PickUp.uasset" 1116
"../../../Engine/Content/VREditor/Sounds/UI/Object_PickUp.uexp" 1117
"../../../Engine/Content/VREditor/Sounds/UI/Object_Snaps_To_Another_Actor.ubulk" 1118
"../../../Engine/Content/VREditor/Sounds/UI/Object_Snaps_To_Another_Actor.uasset" 1119
"../../../Engine/Content/VREditor/Sounds/UI/Object_Snaps_To_Another_Actor.uexp" 1120
"../../../Engine/Content/VREditor/Sounds/UI/Object_Snaps_To_Grid.ubulk" 1121
"../../../Engine/Content/VREditor/Sounds/UI/Object_Snaps_To_Grid.uasset" 1122
"../../../Engine/Content/VREditor/Sounds/UI/Object_Snaps_To_Grid.uexp" 1123
"../../../Engine/Content/VREditor/Sounds/UI/Scaling_Down.ubulk" 1124
"../../../Engine/Content/VREditor/Sounds/UI/Scaling_Down.uasset" 1125
"../../../Engine/Content/VREditor/Sounds/UI/Scaling_Down.uexp" 1126
"../../../Engine/Content/VREditor/Sounds/UI/Scaling_Up.ubulk" 1127
"../../../Engine/Content/VREditor/Sounds/UI/Scaling_Up.uasset" 1128
"../../../Engine/Content/VREditor/Sounds/UI/Scaling_Up.uexp" 1129
"../../../Engine/Content/VREditor/Sounds/UI/Selection_Changes.ubulk" 1130
"../../../Engine/Content/VREditor/Sounds/UI/Selection_Changes.uasset" 1131
"../../../Engine/Content/VREditor/Sounds/UI/Selection_Changes.uexp" 1132
"../../../Engine/Content/VREditor/TransformGizmo/PlaneTranslationHandle.ubulk" 1133
"../../../Engine/Content/VREditor/TransformGizmo/PlaneTranslationHandle.uasset" 1134
"../../../Engine/Content/VREditor/TransformGizmo/PlaneTranslationHandle.uexp" 1135
"../../../Engine/Content/VREditor/TransformGizmo/RotationHandleFull.ubulk" 1136
"../../../Engine/Content/VREditor/TransformGizmo/RotationHandleFull.uasset" 1137
"../../../Engine/Content/VREditor/TransformGizmo/RotationHandleFull.uexp" 1138
"../../../Engine/Content/VREditor/TransformGizmo/RotationHandleIndicator.ubulk" 1139
"../../../Engine/Content/VREditor/TransformGizmo/RotationHandleIndicator.uasset" 1140
"../../../Engine/Content/VREditor/TransformGizmo/RotationHandleIndicator.uexp" 1141
"../../../Engine/Content/VREditor/TransformGizmo/RotationHandleQuarter.ubulk" 1142
"../../../Engine/Content/VREditor/TransformGizmo/RotationHandleQuarter.uasset" 1143
"../../../Engine/Content/VREditor/TransformGizmo/RotationHandleQuarter.uexp" 1144
"../../../Engine/Content/VREditor/TransformGizmo/StartRotationHandleIndicator.ubulk" 1145
"../../../Engine/Content/VREditor/TransformGizmo/StartRotationHandleIndicator.uasset" 1146
"../../../Engine/Content/VREditor/TransformGizmo/StartRotationHandleIndicator.uexp" 1147
"../../../Engine/Content/VREditor/TransformGizmo/TransformGizmoFreeRotation.ubulk" 1148
"../../../Engine/Content/VREditor/TransformGizmo/TransformGizmoFreeRotation.uasset" 1149
"../../../Engine/Content/VREditor/TransformGizmo/TransformGizmoFreeRotation.uexp" 1150
"../../../Engine/Content/VREditor/TransformGizmo/TranslateArrowHandle.ubulk" 1151
"../../../Engine/Content/VREditor/TransformGizmo/TranslateArrowHandle.uasset" 1152
"../../../Engine/Content/VREditor/TransformGizmo/TranslateArrowHandle.uexp" 1153
"../../../Engine/Content/VREditor/TransformGizmo/UniformScaleHandle.ubulk" 1154
"../../../Engine/Content/VREditor/TransformGizmo/UniformScaleHandle.uasset" 1155
"../../../Engine/Content/VREditor/TransformGizmo/UniformScaleHandle.uexp" 1156
"../../../Engine/Plugins/Animation/DeformerGraph/Content/DeformerFunctions/DG_Function_LinearBlendSkin_Morph_Cloth.uasset" 1157
"../../../Engine/Plugins/Animation/DeformerGraph/Content/DeformerFunctions/DG_Function_LinearBlendSkin_Morph_Cloth.uexp" 1158
"../../../Engine/Plugins/Animation/DeformerGraph/Content/Deformers/DG_LinearBlendSkin_Morph_Cloth.uasset" 1159
"../../../Engine/Plugins/Animation/DeformerGraph/Content/Deformers/DG_LinearBlendSkin_Morph_Cloth.uexp" 1160
"../../../Engine/Plugins/MetaHuman/MetaHumanCoreTechLib/Content/RealtimeMono/DefaultSmoothing.uasset" 1161
"../../../Engine/Plugins/MetaHuman/MetaHumanCoreTechLib/Content/RealtimeMono/DefaultSmoothing.uexp" 1162
"../../../Engine/Plugins/MetaHuman/MetaHumanCoreTechLib/Content/RealtimeMono/HeavySmoothing.uasset" 1163
"../../../Engine/Plugins/MetaHuman/MetaHumanCoreTechLib/Content/RealtimeMono/HeavySmoothing.uexp" 1164
"../../../Engine/Plugins/NNE/NNEDenoiser/Content/NNEDT_Oidn2-3_Balanced.uasset" 1165
"../../../Engine/Plugins/NNE/NNEDenoiser/Content/NNEDT_Oidn2-3_Balanced.uexp" 1166
"../../../Engine/Plugins/NNE/NNEDenoiser/Content/NNEDT_Oidn2-3_Balanced_Alpha.uasset" 1167
"../../../Engine/Plugins/NNE/NNEDenoiser/Content/NNEDT_Oidn2-3_Balanced_Alpha.uexp" 1168
"../../../Engine/Plugins/NNE/NNEDenoiser/Content/NNED_Oidn2-3_Balanced.uasset" 1169
"../../../Engine/Plugins/NNE/NNEDenoiser/Content/NNED_Oidn2-3_Balanced.uexp" 1170
"../../../Engine/Plugins/NNE/NNEDenoiser/Content/NNED_Oidn2-3_Balanced_Alpha.uasset" 1171
"../../../Engine/Plugins/NNE/NNEDenoiser/Content/NNED_Oidn2-3_Balanced_Alpha.uexp" 1172
"../../../Engine/Plugins/NNE/NNEDenoiser/Content/NNED_Oidn2-3_Fast.uasset" 1173
"../../../Engine/Plugins/NNE/NNEDenoiser/Content/NNED_Oidn2-3_Fast.uexp" 1174
"../../../Engine/Plugins/NNE/NNEDenoiser/Content/NNED_Oidn2-3_Fast_Alpha.uasset" 1175
"../../../Engine/Plugins/NNE/NNEDenoiser/Content/NNED_Oidn2-3_Fast_Alpha.uexp" 1176
"../../../Engine/Plugins/NNE/NNEDenoiser/Content/NNED_Oidn2-3_HighQuality.uasset" 1177
"../../../Engine/Plugins/NNE/NNEDenoiser/Content/NNED_Oidn2-3_HighQuality.uexp" 1178
"../../../Engine/Plugins/NNE/NNEDenoiser/Content/NNED_Oidn2-3_HighQuality_Alpha.uasset" 1179
"../../../Engine/Plugins/NNE/NNEDenoiser/Content/NNED_Oidn2-3_HighQuality_Alpha.uexp" 1180
"../../../Engine/Content/Maps/Entry_BuiltData.uasset" 1181
"../../../Engine/Content/Maps/Entry_BuiltData.uexp" 1182
"../../../Engine/Content/Maps/Entry.uexp" 1183
"../../../Engine/Content/Maps/Entry.umap" 1184
"../../../Engine/Content/BasicShapes/Cube.ubulk" 1185
"../../../Engine/Content/BasicShapes/Cube.uasset" 1186
"../../../Engine/Content/BasicShapes/Cube.uexp" 1187
"../../../Engine/Content/BasicShapes/Cylinder.ubulk" 1188
"../../../Engine/Content/BasicShapes/Cylinder.uasset" 1189
"../../../Engine/Content/BasicShapes/Cylinder.uexp" 1190
"../../../Engine/Content/BasicShapes/BasicShapeMaterial.uasset" 1191
"../../../Engine/Content/BasicShapes/BasicShapeMaterial.uexp" 1192
"C:/Users/Xande/Documents/GitHub/DMM_Vertical_Slice/Content/DavidsMightyMen/Characters/MetaHumans/MHC_David/Body/PHYS_MHC_David.uasset" 1193
"C:/Users/Xande/Documents/GitHub/DMM_Vertical_Slice/Content/DavidsMightyMen/Characters/MetaHumans/MHC_David/Body/PHYS_MHC_David.uexp" 1194
"C:/Users/Xande/Documents/GitHub/DMM_Vertical_Slice/Content/DavidsMightyMen/Characters/MetaHumans/Common/Lookdev_UHM/Skin/Materials/SSP_skin_unified.uasset" 1195
"C:/Users/Xande/Documents/GitHub/DMM_Vertical_Slice/Content/DavidsMightyMen/Characters/MetaHumans/Common/Lookdev_UHM/Skin/Materials/SSP_skin_unified.uexp" 1196
"../../../Engine/Content/Functions/Engine_MaterialFunctions02/Utility/MakeFloat4.uasset" 1197
"../../../Engine/Content/Functions/Engine_MaterialFunctions02/Utility/MakeFloat4.uexp" 1198
"../../../Engine/Content/Functions/Engine_MaterialFunctions01/ImageAdjustment/sRGBToLinear.uasset" 1199
"../../../Engine/Content/Functions/Engine_MaterialFunctions01/ImageAdjustment/sRGBToLinear.uexp" 1200
"../../../Engine/Content/Functions/Engine_MaterialFunctions01/Texturing/ComputeMipLevel.uasset" 1201
"../../../Engine/Content/Functions/Engine_MaterialFunctions01/Texturing/ComputeMipLevel.uexp" 1202
"../../../Engine/Content/Functions/Engine_MaterialFunctions02/ExampleContent/Textures/DebugNumberPeriod.uasset" 1203
"../../../Engine/Content/Functions/Engine_MaterialFunctions02/ExampleContent/Textures/DebugNumberPeriod.uexp" 1204
"../../../Engine/Content/Functions/Engine_MaterialFunctions02/Utility/DebugScalarValues.uasset" 1205
"../../../Engine/Content/Functions/Engine_MaterialFunctions02/Utility/DebugScalarValues.uexp" 1206
"../../../Engine/Content/Functions/Engine_MaterialFunctions01/ImageAdjustment/LinearTosRGB.uasset" 1207
"../../../Engine/Content/Functions/Engine_MaterialFunctions01/ImageAdjustment/LinearTosRGB.uexp" 1208
"C:/Users/Xande/Documents/GitHub/DMM_Vertical_Slice/Content/DavidsMightyMen/Characters/MetaHumans/Common/Lookdev_UHM/Common/Textures/Placeholders/T_Flat_Black_M.uasset" 1209
"C:/Users/Xande/Documents/GitHub/DMM_Vertical_Slice/Content/DavidsMightyMen/Characters/MetaHumans/Common/Lookdev_UHM/Common/Textures/Placeholders/T_Flat_Black_M.uexp" 1210
"C:/Users/Xande/Documents/GitHub/DMM_Vertical_Slice/Content/DavidsMightyMen/Characters/MetaHumans/Common/Lookdev_UHM/Common/Textures/Placeholders/T_Flat_Grey_C.uasset" 1211
"C:/Users/Xande/Documents/GitHub/DMM_Vertical_Slice/Content/DavidsMightyMen/Characters/MetaHumans/Common/Lookdev_UHM/Common/Textures/Placeholders/T_Flat_Grey_C.uexp" 1212
"C:/Users/Xande/Documents/GitHub/DMM_Vertical_Slice/Content/DavidsMightyMen/Characters/MetaHumans/Common/Lookdev_UHM/Common/Textures/Placeholders/T_Flat_N.uasset" 1213
"C:/Users/Xande/Documents/GitHub/DMM_Vertical_Slice/Content/DavidsMightyMen/Characters/MetaHumans/Common/Lookdev_UHM/Common/Textures/Placeholders/T_Flat_N.uexp" 1214
"C:/Users/Xande/Documents/GitHub/DMM_Vertical_Slice/Content/DavidsMightyMen/Characters/MetaHumans/Common/Lookdev_UHM/Common/Textures/Placeholders/T_Flat_White_C.uasset" 1215
"C:/Users/Xande/Documents/GitHub/DMM_Vertical_Slice/Content/DavidsMightyMen/Characters/MetaHumans/Common/Lookdev_UHM/Common/Textures/Placeholders/T_Flat_White_C.uexp" 1216
"C:/Users/Xande/Documents/GitHub/DMM_Vertical_Slice/Content/DavidsMightyMen/Characters/MetaHumans/Common/Lookdev_UHM/Common/Material_Functions/MF_normalStrength.uasset" 1217
"C:/Users/Xande/Documents/GitHub/DMM_Vertical_Slice/Content/DavidsMightyMen/Characters/MetaHumans/Common/Lookdev_UHM/Common/Material_Functions/MF_normalStrength.uexp" 1218
"C:/Users/Xande/Documents/GitHub/DMM_Vertical_Slice/Content/DavidsMightyMen/Characters/MetaHumans/Common/Lookdev_UHM/Common/Material_Functions/MF_UHM_QualitySwitch_MaterialAttributes.uasset" 1219
"C:/Users/Xande/Documents/GitHub/DMM_Vertical_Slice/Content/DavidsMightyMen/Characters/MetaHumans/Common/Lookdev_UHM/Common/Material_Functions/MF_UHM_QualitySwitch_MaterialAttributes.uexp" 1220
"C:/Users/Xande/Documents/GitHub/DMM_Vertical_Slice/Content/DavidsMightyMen/Characters/MetaHumans/Common/Lookdev_UHM/Skin/Textures/T_SkinMicro3_N.ubulk" 1221
"C:/Users/Xande/Documents/GitHub/DMM_Vertical_Slice/Content/DavidsMightyMen/Characters/MetaHumans/Common/Lookdev_UHM/Skin/Textures/T_SkinMicro3_N.uasset" 1222
"C:/Users/Xande/Documents/GitHub/DMM_Vertical_Slice/Content/DavidsMightyMen/Characters/MetaHumans/Common/Lookdev_UHM/Skin/Textures/T_SkinMicro3_N.uexp" 1223
"C:/Users/Xande/Documents/GitHub/DMM_Vertical_Slice/Content/DavidsMightyMen/Characters/MetaHumans/Common/Lookdev_UHM/Skin/Textures/T_skinMicro3_CAV.ubulk" 1224
"C:/Users/Xande/Documents/GitHub/DMM_Vertical_Slice/Content/DavidsMightyMen/Characters/MetaHumans/Common/Lookdev_UHM/Skin/Textures/T_skinMicro3_CAV.uasset" 1225
"C:/Users/Xande/Documents/GitHub/DMM_Vertical_Slice/Content/DavidsMightyMen/Characters/MetaHumans/Common/Lookdev_UHM/Skin/Textures/T_skinMicro3_CAV.uexp" 1226
"C:/Users/Xande/Documents/GitHub/DMM_Vertical_Slice/Content/DavidsMightyMen/Characters/MetaHumans/Common/Lookdev_UHM/Skin/Textures/Skin_Animated/T_head_wm_msk_Array.uasset" 1227
"C:/Users/Xande/Documents/GitHub/DMM_Vertical_Slice/Content/DavidsMightyMen/Characters/MetaHumans/Common/Lookdev_UHM/Skin/Textures/Skin_Animated/T_head_wm_msk_Array.uexp" 1228
"C:/Users/Xande/Documents/GitHub/DMM_Vertical_Slice/Content/DavidsMightyMen/Characters/MetaHumans/Common/Lookdev_UHM/Skin/Material_Functions/MF_skin_utils.uasset" 1229
"C:/Users/Xande/Documents/GitHub/DMM_Vertical_Slice/Content/DavidsMightyMen/Characters/MetaHumans/Common/Lookdev_UHM/Skin/Material_Functions/MF_skin_utils.uexp" 1230
"C:/Users/Xande/Documents/GitHub/DMM_Vertical_Slice/Content/DavidsMightyMen/Characters/MetaHumans/Common/Lookdev_UHM/Skin/Material_Functions/MF_skin_scatterAnisotropyPT.uasset" 1231
"C:/Users/Xande/Documents/GitHub/DMM_Vertical_Slice/Content/DavidsMightyMen/Characters/MetaHumans/Common/Lookdev_UHM/Skin/Material_Functions/MF_skin_scatterAnisotropyPT.uexp" 1232
"C:/Users/Xande/Documents/GitHub/DMM_Vertical_Slice/Content/DavidsMightyMen/Characters/MetaHumans/Common/Lookdev_UHM/Common/Material_Functions/MF_UHM_QualitySwitch_Scalar.uasset" 1233
"C:/Users/Xande/Documents/GitHub/DMM_Vertical_Slice/Content/DavidsMightyMen/Characters/MetaHumans/Common/Lookdev_UHM/Common/Material_Functions/MF_UHM_QualitySwitch_Scalar.uexp" 1234
"C:/Users/Xande/Documents/GitHub/DMM_Vertical_Slice/Content/DavidsMightyMen/Characters/MetaHumans/Common/Lookdev_UHM/Common/Material_Functions/MF_UHM_QualitySwitch_Vector3.uasset" 1235
"C:/Users/Xande/Documents/GitHub/DMM_Vertical_Slice/Content/DavidsMightyMen/Characters/MetaHumans/Common/Lookdev_UHM/Common/Material_Functions/MF_UHM_QualitySwitch_Vector3.uexp" 1236
"C:/Users/Xande/Documents/GitHub/DMM_Vertical_Slice/Content/DavidsMightyMen/Characters/MetaHumans/Common/Lookdev_UHM/Skin/Material_Functions/MF_skin_scalability.uasset" 1237
"C:/Users/Xande/Documents/GitHub/DMM_Vertical_Slice/Content/DavidsMightyMen/Characters/MetaHumans/Common/Lookdev_UHM/Skin/Material_Functions/MF_skin_scalability.uexp" 1238
"C:/Users/Xande/Documents/GitHub/DMM_Vertical_Slice/Content/DavidsMightyMen/Characters/MetaHumans/Common/Lookdev_UHM/Common/Material_Functions/MF_UDIMs.uasset" 1239
"C:/Users/Xande/Documents/GitHub/DMM_Vertical_Slice/Content/DavidsMightyMen/Characters/MetaHumans/Common/Lookdev_UHM/Common/Material_Functions/MF_UDIMs.uexp" 1240
"C:/Users/Xande/Documents/GitHub/DMM_Vertical_Slice/Content/DavidsMightyMen/Characters/MetaHumans/Common/Lookdev_UHM/Skin/Material_Functions/MF_skin_mipmapAdjustments.uasset" 1241
"C:/Users/Xande/Documents/GitHub/DMM_Vertical_Slice/Content/DavidsMightyMen/Characters/MetaHumans/Common/Lookdev_UHM/Skin/Material_Functions/MF_skin_mipmapAdjustments.uexp" 1242
"C:/Users/Xande/Documents/GitHub/DMM_Vertical_Slice/Content/DavidsMightyMen/Characters/MetaHumans/Common/Lookdev_UHM/Common/Material_Functions/MF_blendNormals.uasset" 1243
"C:/Users/Xande/Documents/GitHub/DMM_Vertical_Slice/Content/DavidsMightyMen/Characters/MetaHumans/Common/Lookdev_UHM/Common/Material_Functions/MF_blendNormals.uexp" 1244
"C:/Users/Xande/Documents/GitHub/DMM_Vertical_Slice/Content/DavidsMightyMen/Characters/MetaHumans/Common/Lookdev_UHM/Common/Material_Functions/MF_ruler.uasset" 1245
"C:/Users/Xande/Documents/GitHub/DMM_Vertical_Slice/Content/DavidsMightyMen/Characters/MetaHumans/Common/Lookdev_UHM/Common/Material_Functions/MF_ruler.uexp" 1246
"C:/Users/Xande/Documents/GitHub/DMM_Vertical_Slice/Content/DavidsMightyMen/Characters/MetaHumans/Common/Lookdev_UHM/Skin/Material_Functions/MF_skin_microSkinDetails.uasset" 1247
"C:/Users/Xande/Documents/GitHub/DMM_Vertical_Slice/Content/DavidsMightyMen/Characters/MetaHumans/Common/Lookdev_UHM/Skin/Material_Functions/MF_skin_microSkinDetails.uexp" 1248
"C:/Users/Xande/Documents/GitHub/DMM_Vertical_Slice/Content/DavidsMightyMen/Characters/MetaHumans/Common/Lookdev_UHM/Skin/Material_Functions/MF_skin_globalAdjustmentsPostBake.uasset" 1249
"C:/Users/Xande/Documents/GitHub/DMM_Vertical_Slice/Content/DavidsMightyMen/Characters/MetaHumans/Common/Lookdev_UHM/Skin/Material_Functions/MF_skin_globalAdjustmentsPostBake.uexp" 1250
"C:/Users/Xande/Documents/GitHub/DMM_Vertical_Slice/Content/DavidsMightyMen/Characters/MetaHumans/Common/Lookdev_UHM/Skin/Material_Functions/MF_skin_fuzzApply.uasset" 1251
"C:/Users/Xande/Documents/GitHub/DMM_Vertical_Slice/Content/DavidsMightyMen/Characters/MetaHumans/Common/Lookdev_UHM/Skin/Material_Functions/MF_skin_fuzzApply.uexp" 1252
"C:/Users/Xande/Documents/GitHub/DMM_Vertical_Slice/Content/DavidsMightyMen/Characters/MetaHumans/Common/Lookdev_UHM/Skin/Material_Functions/MF_skin_fakeAO.uasset" 1253
"C:/Users/Xande/Documents/GitHub/DMM_Vertical_Slice/Content/DavidsMightyMen/Characters/MetaHumans/Common/Lookdev_UHM/Skin/Material_Functions/MF_skin_fakeAO.uexp" 1254
"C:/Users/Xande/Documents/GitHub/DMM_Vertical_Slice/Content/DavidsMightyMen/Characters/MetaHumans/Common/Lookdev_UHM/Common/Textures/T_MH_BentNormal_AO.ubulk" 1255
"C:/Users/Xande/Documents/GitHub/DMM_Vertical_Slice/Content/DavidsMightyMen/Characters/MetaHumans/Common/Lookdev_UHM/Common/Textures/T_MH_BentNormal_AO.uasset" 1256
"C:/Users/Xande/Documents/GitHub/DMM_Vertical_Slice/Content/DavidsMightyMen/Characters/MetaHumans/Common/Lookdev_UHM/Common/Textures/T_MH_BentNormal_AO.uexp" 1257
"C:/Users/Xande/Documents/GitHub/DMM_Vertical_Slice/Content/DavidsMightyMen/Characters/MetaHumans/Common/Lookdev_UHM/Skin/Material_Functions/MF_skin_bentNormalsAO.uasset" 1258
"C:/Users/Xande/Documents/GitHub/DMM_Vertical_Slice/Content/DavidsMightyMen/Characters/MetaHumans/Common/Lookdev_UHM/Skin/Material_Functions/MF_skin_bentNormalsAO.uexp" 1259
"C:/Users/Xande/Documents/GitHub/DMM_Vertical_Slice/Content/DavidsMightyMen/Characters/MetaHumans/Common/Lookdev_UHM/Common/Textures/Placeholders/T_Flat_Black_M_VT.ubulk" 1260
"C:/Users/Xande/Documents/GitHub/DMM_Vertical_Slice/Content/DavidsMightyMen/Characters/MetaHumans/Common/Lookdev_UHM/Common/Textures/Placeholders/T_Flat_Black_M_VT.uasset" 1261
"C:/Users/Xande/Documents/GitHub/DMM_Vertical_Slice/Content/DavidsMightyMen/Characters/MetaHumans/Common/Lookdev_UHM/Common/Textures/Placeholders/T_Flat_Black_M_VT.uexp" 1262
"C:/Users/Xande/Documents/GitHub/DMM_Vertical_Slice/Content/DavidsMightyMen/Characters/MetaHumans/Common/Lookdev_UHM/Common/Textures/Placeholders/T_Flat_Grey_C_VT.ubulk" 1263
"C:/Users/Xande/Documents/GitHub/DMM_Vertical_Slice/Content/DavidsMightyMen/Characters/MetaHumans/Common/Lookdev_UHM/Common/Textures/Placeholders/T_Flat_Grey_C_VT.uasset" 1264
"C:/Users/Xande/Documents/GitHub/DMM_Vertical_Slice/Content/DavidsMightyMen/Characters/MetaHumans/Common/Lookdev_UHM/Common/Textures/Placeholders/T_Flat_Grey_C_VT.uexp" 1265
"C:/Users/Xande/Documents/GitHub/DMM_Vertical_Slice/Content/DavidsMightyMen/Characters/MetaHumans/Common/Lookdev_UHM/Common/Textures/Placeholders/T_Flat_N_VT.ubulk" 1266
"C:/Users/Xande/Documents/GitHub/DMM_Vertical_Slice/Content/DavidsMightyMen/Characters/MetaHumans/Common/Lookdev_UHM/Common/Textures/Placeholders/T_Flat_N_VT.uasset" 1267
"C:/Users/Xande/Documents/GitHub/DMM_Vertical_Slice/Content/DavidsMightyMen/Characters/MetaHumans/Common/Lookdev_UHM/Common/Textures/Placeholders/T_Flat_N_VT.uexp" 1268
"C:/Users/Xande/Documents/GitHub/DMM_Vertical_Slice/Content/DavidsMightyMen/Characters/MetaHumans/Common/Lookdev_UHM/Common/Textures/Placeholders/T_Flat_White_C_VT.ubulk" 1269
"C:/Users/Xande/Documents/GitHub/DMM_Vertical_Slice/Content/DavidsMightyMen/Characters/MetaHumans/Common/Lookdev_UHM/Common/Textures/Placeholders/T_Flat_White_C_VT.uasset" 1270
"C:/Users/Xande/Documents/GitHub/DMM_Vertical_Slice/Content/DavidsMightyMen/Characters/MetaHumans/Common/Lookdev_UHM/Common/Textures/Placeholders/T_Flat_White_C_VT.uexp" 1271
"C:/Users/Xande/Documents/GitHub/DMM_Vertical_Slice/Content/DavidsMightyMen/Characters/MetaHumans/Common/Lookdev_UHM/Skin/Material_Functions/MF_skin_bakedInputs.uasset" 1272
"C:/Users/Xande/Documents/GitHub/DMM_Vertical_Slice/Content/DavidsMightyMen/Characters/MetaHumans/Common/Lookdev_UHM/Skin/Material_Functions/MF_skin_bakedInputs.uexp" 1273
"C:/Users/Xande/Documents/GitHub/DMM_Vertical_Slice/Content/DavidsMightyMen/Characters/MetaHumans/Common/Lookdev_UHM/Skin/Material_Functions/Skin_Animated/MF_HeadMask_TexArraySample.uasset" 1274
"C:/Users/Xande/Documents/GitHub/DMM_Vertical_Slice/Content/DavidsMightyMen/Characters/MetaHumans/Common/Lookdev_UHM/Skin/Material_Functions/Skin_Animated/MF_HeadMask_TexArraySample.uexp" 1275
"C:/Users/Xande/Documents/GitHub/DMM_Vertical_Slice/Content/DavidsMightyMen/Characters/MetaHumans/Common/Lookdev_UHM/Skin/Material_Functions/Skin_Animated/MF_HeadMask_03A.uasset" 1276
"C:/Users/Xande/Documents/GitHub/DMM_Vertical_Slice/Content/DavidsMightyMen/Characters/MetaHumans/Common/Lookdev_UHM/Skin/Material_Functions/Skin_Animated/MF_HeadMask_03A.uexp" 1277
"C:/Users/Xande/Documents/GitHub/DMM_Vertical_Slice/Content/DavidsMightyMen/Characters/MetaHumans/Common/Lookdev_UHM/Skin/Material_Functions/Skin_Animated/MF_HeadMask_02A.uasset" 1278
"C:/Users/Xande/Documents/GitHub/DMM_Vertical_Slice/Content/DavidsMightyMen/Characters/MetaHumans/Common/Lookdev_UHM/Skin/Material_Functions/Skin_Animated/MF_HeadMask_02A.uexp" 1279
"C:/Users/Xande/Documents/GitHub/DMM_Vertical_Slice/Content/DavidsMightyMen/Characters/MetaHumans/Common/Lookdev_UHM/Skin/Material_Functions/Skin_Animated/MF_HeadMask_01A.uasset" 1280
"C:/Users/Xande/Documents/GitHub/DMM_Vertical_Slice/Content/DavidsMightyMen/Characters/MetaHumans/Common/Lookdev_UHM/Skin/Material_Functions/Skin_Animated/MF_HeadMask_01A.uexp" 1281
"C:/Users/Xande/Documents/GitHub/DMM_Vertical_Slice/Content/DavidsMightyMen/Characters/MetaHumans/Common/Lookdev_UHM/Skin/Material_Functions/Skin_Animated/MF_AnimatedMaps.uasset" 1282
"C:/Users/Xande/Documents/GitHub/DMM_Vertical_Slice/Content/DavidsMightyMen/Characters/MetaHumans/Common/Lookdev_UHM/Skin/Material_Functions/Skin_Animated/MF_AnimatedMaps.uexp" 1283
"C:/Users/Xande/Documents/GitHub/DMM_Vertical_Slice/Content/DavidsMightyMen/Characters/MetaHumans/Common/Lookdev_UHM/Common/Material_Functions/MF_color_LinearTosRGB.uasset" 1284
"C:/Users/Xande/Documents/GitHub/DMM_Vertical_Slice/Content/DavidsMightyMen/Characters/MetaHumans/Common/Lookdev_UHM/Common/Material_Functions/MF_color_LinearTosRGB.uexp" 1285
"C:/Users/Xande/Documents/GitHub/DMM_Vertical_Slice/Content/DavidsMightyMen/Characters/MetaHumans/Common/Lookdev_UHM/Common/Material_Functions/MF_color_sRGBToLinear.uasset" 1286
"C:/Users/Xande/Documents/GitHub/DMM_Vertical_Slice/Content/DavidsMightyMen/Characters/MetaHumans/Common/Lookdev_UHM/Common/Material_Functions/MF_color_sRGBToLinear.uexp" 1287
"C:/Users/Xande/Documents/GitHub/DMM_Vertical_Slice/Content/DavidsMightyMen/Characters/MetaHumans/Common/Lookdev_UHM/Common/Textures/Placeholders/T_Flat_Grey_HDR_C.uasset" 1288
"C:/Users/Xande/Documents/GitHub/DMM_Vertical_Slice/Content/DavidsMightyMen/Characters/MetaHumans/Common/Lookdev_UHM/Common/Textures/Placeholders/T_Flat_Grey_HDR_C.uexp" 1289
"C:/Users/Xande/Documents/GitHub/DMM_Vertical_Slice/Content/DavidsMightyMen/Characters/MetaHumans/Common/Lookdev_UHM/Common/Textures/Placeholders/T_Flat_Grey_linear.uasset" 1290
"C:/Users/Xande/Documents/GitHub/DMM_Vertical_Slice/Content/DavidsMightyMen/Characters/MetaHumans/Common/Lookdev_UHM/Common/Textures/Placeholders/T_Flat_Grey_linear.uexp" 1291
"C:/Users/Xande/Documents/GitHub/DMM_Vertical_Slice/Content/DavidsMightyMen/Characters/MetaHumans/Common/Lookdev_UHM/Skin/Material_Functions/MF_skin_animated.uasset" 1292
"C:/Users/Xande/Documents/GitHub/DMM_Vertical_Slice/Content/DavidsMightyMen/Characters/MetaHumans/Common/Lookdev_UHM/Skin/Material_Functions/MF_skin_animated.uexp" 1293
"C:/Users/Xande/Documents/GitHub/DMM_Vertical_Slice/Content/DavidsMightyMen/Characters/MetaHumans/Common/Lookdev_UHM/Skin/Materials/M_skin_unified_baked.uasset" 1294
"C:/Users/Xande/Documents/GitHub/DMM_Vertical_Slice/Content/DavidsMightyMen/Characters/MetaHumans/Common/Lookdev_UHM/Skin/Materials/M_skin_unified_baked.uexp" 1295
"C:/Users/Xande/Documents/GitHub/DMM_Vertical_Slice/Content/DavidsMightyMen/Characters/MetaHumans/Common/Lookdev_UHM/Skin/Materials/Baked/MI_Head_Baked_LOD0.uasset" 1296
"C:/Users/Xande/Documents/GitHub/DMM_Vertical_Slice/Content/DavidsMightyMen/Characters/MetaHumans/Common/Lookdev_UHM/Skin/Materials/Baked/MI_Head_Baked_LOD0.uexp" 1297
"C:/Users/Xande/Documents/GitHub/DMM_Vertical_Slice/Content/DavidsMightyMen/Characters/MetaHumans/MHC_David/Body/Baked/T_Body_SRMF.ubulk" 1298
"C:/Users/Xande/Documents/GitHub/DMM_Vertical_Slice/Content/DavidsMightyMen/Characters/MetaHumans/MHC_David/Body/Baked/T_Body_SRMF.uasset" 1299
"C:/Users/Xande/Documents/GitHub/DMM_Vertical_Slice/Content/DavidsMightyMen/Characters/MetaHumans/MHC_David/Body/Baked/T_Body_SRMF.uexp" 1300
"C:/Users/Xande/Documents/GitHub/DMM_Vertical_Slice/Content/DavidsMightyMen/Characters/MetaHumans/MHC_David/Body/Baked/T_Body_Scatter.ubulk" 1301
"C:/Users/Xande/Documents/GitHub/DMM_Vertical_Slice/Content/DavidsMightyMen/Characters/MetaHumans/MHC_David/Body/Baked/T_Body_Scatter.uasset" 1302
"C:/Users/Xande/Documents/GitHub/DMM_Vertical_Slice/Content/DavidsMightyMen/Characters/MetaHumans/MHC_David/Body/Baked/T_Body_Scatter.uexp" 1303
"C:/Users/Xande/Documents/GitHub/DMM_Vertical_Slice/Content/DavidsMightyMen/Characters/MetaHumans/MHC_David/Body/Baked/T_Body_N.ubulk" 1304
"C:/Users/Xande/Documents/GitHub/DMM_Vertical_Slice/Content/DavidsMightyMen/Characters/MetaHumans/MHC_David/Body/Baked/T_Body_N.uasset" 1305
"C:/Users/Xande/Documents/GitHub/DMM_Vertical_Slice/Content/DavidsMightyMen/Characters/MetaHumans/MHC_David/Body/Baked/T_Body_N.uexp" 1306
"C:/Users/Xande/Documents/GitHub/DMM_Vertical_Slice/Content/DavidsMightyMen/Characters/MetaHumans/MHC_David/Body/Baked/T_Body_BC.ubulk" 1307
"C:/Users/Xande/Documents/GitHub/DMM_Vertical_Slice/Content/DavidsMightyMen/Characters/MetaHumans/MHC_David/Body/Baked/T_Body_BC.uasset" 1308
"C:/Users/Xande/Documents/GitHub/DMM_Vertical_Slice/Content/DavidsMightyMen/Characters/MetaHumans/MHC_David/Body/Baked/T_Body_BC.uexp" 1309
"C:/Users/Xande/Documents/GitHub/DMM_Vertical_Slice/Content/DavidsMightyMen/Characters/MetaHumans/Common/Optional/BodyTextures/T_Skin_Microtiling_M.ubulk" 1310
"C:/Users/Xande/Documents/GitHub/DMM_Vertical_Slice/Content/DavidsMightyMen/Characters/MetaHumans/Common/Optional/BodyTextures/T_Skin_Microtiling_M.uasset" 1311
"C:/Users/Xande/Documents/GitHub/DMM_Vertical_Slice/Content/DavidsMightyMen/Characters/MetaHumans/Common/Optional/BodyTextures/T_Skin_Microtiling_M.uexp" 1312
"C:/Users/Xande/Documents/GitHub/DMM_Vertical_Slice/Content/DavidsMightyMen/Characters/MetaHumans/MHC_David/Body/Materials/MI_Body_Baked.uasset" 1313
"C:/Users/Xande/Documents/GitHub/DMM_Vertical_Slice/Content/DavidsMightyMen/Characters/MetaHumans/MHC_David/Body/Materials/MI_Body_Baked.uexp" 1314
"C:/Users/Xande/Documents/GitHub/DMM_Vertical_Slice/Content/DavidsMightyMen/Characters/MetaHumans/Common/Female/Medium/NormalWeight/Body/metahuman_base_skel.uasset" 1315
"C:/Users/Xande/Documents/GitHub/DMM_Vertical_Slice/Content/DavidsMightyMen/Characters/MetaHumans/Common/Female/Medium/NormalWeight/Body/metahuman_base_skel.uexp" 1316
"C:/Users/Xande/Documents/GitHub/DMM_Vertical_Slice/Content/DavidsMightyMen/Characters/MetaHumans/Common/Controls/CRSL_MetaHuman_Gizmo.uasset" 1317
"C:/Users/Xande/Documents/GitHub/DMM_Vertical_Slice/Content/DavidsMightyMen/Characters/MetaHumans/Common/Controls/CRSL_MetaHuman_Gizmo.uexp" 1318
"C:/Users/Xande/Documents/GitHub/DMM_Vertical_Slice/Content/DavidsMightyMen/Characters/MetaHumans/Common/Face/CR_MetaHuman_HeadMovement_IK_Proc.uasset" 1319
"C:/Users/Xande/Documents/GitHub/DMM_Vertical_Slice/Content/DavidsMightyMen/Characters/MetaHumans/Common/Face/CR_MetaHuman_HeadMovement_IK_Proc.uexp" 1320
"C:/Users/Xande/Documents/GitHub/DMM_Vertical_Slice/Content/DavidsMightyMen/Characters/MetaHumans/Common/Body/ABP_Body_PostProcess.uasset" 1321
"C:/Users/Xande/Documents/GitHub/DMM_Vertical_Slice/Content/DavidsMightyMen/Characters/MetaHumans/Common/Body/ABP_Body_PostProcess.uexp" 1322
"C:/Users/Xande/Documents/GitHub/DMM_Vertical_Slice/Content/DavidsMightyMen/Characters/MetaHumans/MHC_David/Body/SKM_MHC_David_BodyMesh.uasset" 1323
"C:/Users/Xande/Documents/GitHub/DMM_Vertical_Slice/Content/DavidsMightyMen/Characters/MetaHumans/MHC_David/Body/SKM_MHC_David_BodyMesh.uexp" 1324
"../../../Engine/Plugins/FX/Niagara/Content/DefaultAssets/DefaultSpriteMaterial.uasset" 1325
"../../../Engine/Plugins/FX/Niagara/Content/DefaultAssets/DefaultSpriteMaterial.uexp" 1326
"C:/Users/Xande/Documents/GitHub/DMM_Vertical_Slice/Content/DavidsMightyMen/VFX/AustinVFX/VFX_Dash.uasset" 1327
"C:/Users/Xande/Documents/GitHub/DMM_Vertical_Slice/Content/DavidsMightyMen/VFX/AustinVFX/VFX_Dash.uexp" 1328
"../../../Engine/Plugins/FX/Niagara/Content/VectorFields/Assets/TilingCurl32.uasset" 1329
"../../../Engine/Plugins/FX/Niagara/Content/VectorFields/Assets/TilingCurl32.uexp" 1330
"../../../Engine/Content/MaterialTemplates/Textures/T_Noise01.ubulk" 1331
"../../../Engine/Content/MaterialTemplates/Textures/T_Noise01.uasset" 1332
"../../../Engine/Content/MaterialTemplates/Textures/T_Noise01.uexp" 1333
"../../../Engine/Content/EngineVolumetrics/LightBeam/Materials/T_EV_LightBeam_Falloff_02.uasset" 1334
"../../../Engine/Content/EngineVolumetrics/LightBeam/Materials/T_EV_LightBeam_Falloff_02.uexp" 1335
"C:/Users/Xande/Documents/GitHub/DMM_Vertical_Slice/Content/DavidsMightyMen/VFX/AustinVFX/SwordSlashMat.uasset" 1336
"C:/Users/Xande/Documents/GitHub/DMM_Vertical_Slice/Content/DavidsMightyMen/VFX/AustinVFX/SwordSlashMat.uexp" 1337
"C:/Users/Xande/Documents/GitHub/DMM_Vertical_Slice/Content/DavidsMightyMen/VFX/AustinVFX/SwordSlashMatInst1.uasset" 1338
"C:/Users/Xande/Documents/GitHub/DMM_Vertical_Slice/Content/DavidsMightyMen/VFX/AustinVFX/SwordSlashMatInst1.uexp" 1339
"C:/Users/Xande/Documents/GitHub/DMM_Vertical_Slice/Content/DavidsMightyMen/VFX/AustinVFX/SwordSlashMatInst.uasset" 1340
"C:/Users/Xande/Documents/GitHub/DMM_Vertical_Slice/Content/DavidsMightyMen/VFX/AustinVFX/SwordSlashMatInst.uexp" 1341
"../../../Engine/Content/EditorResources/S_Emitter.uasset" 1342
"../../../Engine/Content/EditorResources/S_Emitter.uexp" 1343
"C:/Users/Xande/Documents/GitHub/DMM_Vertical_Slice/Content/DavidsMightyMen/VFX/AustinVFX/ImpactFlare.uasset" 1344
"C:/Users/Xande/Documents/GitHub/DMM_Vertical_Slice/Content/DavidsMightyMen/VFX/AustinVFX/ImpactFlare.uexp" 1345
"C:/Users/Xande/Documents/GitHub/DMM_Vertical_Slice/Content/DavidsMightyMen/VFX/AustinVFX/DonutBlender.ubulk" 1346
"C:/Users/Xande/Documents/GitHub/DMM_Vertical_Slice/Content/DavidsMightyMen/VFX/AustinVFX/DonutBlender.uasset" 1347
"C:/Users/Xande/Documents/GitHub/DMM_Vertical_Slice/Content/DavidsMightyMen/VFX/AustinVFX/DonutBlender.uexp" 1348
"C:/Users/Xande/Documents/GitHub/DMM_Vertical_Slice/Content/DavidsMightyMen/VFX/AustinVFX/SwordSlash.uasset" 1349
"C:/Users/Xande/Documents/GitHub/DMM_Vertical_Slice/Content/DavidsMightyMen/VFX/AustinVFX/SwordSlash.uexp" 1350
"../../../Engine/Content/EngineFonts/Faces/RobotoBold.uexp" 1351
"../../../Engine/Content/EngineFonts/Faces/RobotoBold.uasset" 1352
"../../../Engine/Content/EngineFonts/Faces/RobotoBold.ufont" 1353
"../../../Engine/Content/EngineFonts/Faces/RobotoBoldItalic.uexp" 1354
"../../../Engine/Content/EngineFonts/Faces/RobotoBoldItalic.uasset" 1355
"../../../Engine/Content/EngineFonts/Faces/RobotoBoldItalic.ufont" 1356
"../../../Engine/Content/EngineFonts/Faces/RobotoItalic.uexp" 1357
"../../../Engine/Content/EngineFonts/Faces/RobotoItalic.uasset" 1358
"../../../Engine/Content/EngineFonts/Faces/RobotoItalic.ufont" 1359
"../../../Engine/Content/EngineFonts/Faces/RobotoLight.uexp" 1360
"../../../Engine/Content/EngineFonts/Faces/RobotoLight.uasset" 1361
"../../../Engine/Content/EngineFonts/Faces/RobotoLight.ufont" 1362
"../../../Engine/Content/EngineFonts/Faces/RobotoRegular.uexp" 1363
"../../../Engine/Content/EngineFonts/Faces/RobotoRegular.uasset" 1364
"../../../Engine/Content/EngineFonts/Faces/RobotoRegular.ufont" 1365
"../../../Engine/Content/EngineFonts/Roboto.uasset" 1366
"../../../Engine/Content/EngineFonts/Roboto.uexp" 1367
"C:/Users/Xande/Documents/GitHub/DMM_Vertical_Slice/Content/DavidsMightyMen/UI/MainMenu/Styling/SettingsOptionText_BP.uasset" 1368
"C:/Users/Xande/Documents/GitHub/DMM_Vertical_Slice/Content/DavidsMightyMen/UI/MainMenu/Styling/SettingsOptionText_BP.uexp" 1369
"C:/Users/Xande/Documents/GitHub/DMM_Vertical_Slice/Content/DavidsMightyMen/UI/MainMenu/Widgets/Slider_WB.uasset" 1370
"C:/Users/Xande/Documents/GitHub/DMM_Vertical_Slice/Content/DavidsMightyMen/UI/MainMenu/Widgets/Slider_WB.uexp" 1371
"C:/Users/Xande/Documents/GitHub/DMM_Vertical_Slice/Content/DavidsMightyMen/UI/MainMenu/Styling/Right_Arrow.uasset" 1372
"C:/Users/Xande/Documents/GitHub/DMM_Vertical_Slice/Content/DavidsMightyMen/UI/MainMenu/Styling/Right_Arrow.uexp" 1373
"C:/Users/Xande/Documents/GitHub/DMM_Vertical_Slice/Content/DavidsMightyMen/UI/MainMenu/Styling/Left_Arrow.uasset" 1374
"C:/Users/Xande/Documents/GitHub/DMM_Vertical_Slice/Content/DavidsMightyMen/UI/MainMenu/Styling/Left_Arrow.uexp" 1375
"C:/Users/Xande/Documents/GitHub/DMM_Vertical_Slice/Content/DavidsMightyMen/UI/MainMenu/Widgets/SettingsOption_WB.uasset" 1376
"C:/Users/Xande/Documents/GitHub/DMM_Vertical_Slice/Content/DavidsMightyMen/UI/MainMenu/Widgets/SettingsOption_WB.uexp" 1377
"C:/Users/Xande/Documents/GitHub/DMM_Vertical_Slice/Content/DavidsMightyMen/UI/MainMenu/Styling/GRECOromanLubedWrestling.uexp" 1378
"C:/Users/Xande/Documents/GitHub/DMM_Vertical_Slice/Content/DavidsMightyMen/UI/MainMenu/Styling/GRECOromanLubedWrestling.uasset" 1379
"C:/Users/Xande/Documents/GitHub/DMM_Vertical_Slice/Content/DavidsMightyMen/UI/MainMenu/Styling/GRECOromanLubedWrestling.ufont" 1380
"C:/Users/Xande/Documents/GitHub/DMM_Vertical_Slice/Content/DavidsMightyMen/UI/MainMenu/Styling/GRECOromanLubedWrestling_Font.uasset" 1381
"C:/Users/Xande/Documents/GitHub/DMM_Vertical_Slice/Content/DavidsMightyMen/UI/MainMenu/Styling/GRECOromanLubedWrestling_Font.uexp" 1382
"C:/Users/Xande/Documents/GitHub/DMM_Vertical_Slice/Content/DavidsMightyMen/UI/MainMenu/Styling/CommonTextUpdated_BP.uasset" 1383
"C:/Users/Xande/Documents/GitHub/DMM_Vertical_Slice/Content/DavidsMightyMen/UI/MainMenu/Styling/CommonTextUpdated_BP.uexp" 1384
"C:/Users/Xande/Documents/GitHub/DMM_Vertical_Slice/Content/DavidsMightyMen/UI/MainMenu/Styling/Normal_state.uasset" 1385
"C:/Users/Xande/Documents/GitHub/DMM_Vertical_Slice/Content/DavidsMightyMen/UI/MainMenu/Styling/Normal_state.uexp" 1386
"C:/Users/Xande/Documents/GitHub/DMM_Vertical_Slice/Content/DavidsMightyMen/UI/MainMenu/Styling/Disabled_state.uasset" 1387
"C:/Users/Xande/Documents/GitHub/DMM_Vertical_Slice/Content/DavidsMightyMen/UI/MainMenu/Styling/Disabled_state.uexp" 1388
"C:/Users/Xande/Documents/GitHub/DMM_Vertical_Slice/Content/DavidsMightyMen/UI/MainMenu/Styling/CommonButton_BP.uasset" 1389
"C:/Users/Xande/Documents/GitHub/DMM_Vertical_Slice/Content/DavidsMightyMen/UI/MainMenu/Styling/CommonButton_BP.uexp" 1390
"C:/Users/Xande/Documents/GitHub/DMM_Vertical_Slice/Content/DavidsMightyMen/UI/MainMenu/Styling/CommonButtonBase_BP.uasset" 1391
"C:/Users/Xande/Documents/GitHub/DMM_Vertical_Slice/Content/DavidsMightyMen/UI/MainMenu/Styling/CommonButtonBase_BP.uexp" 1392
"C:/Users/Xande/Documents/GitHub/DMM_Vertical_Slice/Content/DavidsMightyMen/UI/MainMenu/Styling/CommonTextUpdated3_BP.uasset" 1393
"C:/Users/Xande/Documents/GitHub/DMM_Vertical_Slice/Content/DavidsMightyMen/UI/MainMenu/Styling/CommonTextUpdated3_BP.uexp" 1394
"C:/Users/Xande/Documents/GitHub/DMM_Vertical_Slice/Content/DavidsMightyMen/Audio/SFX/MasterSFXSoundClass.uasset" 1395
"C:/Users/Xande/Documents/GitHub/DMM_Vertical_Slice/Content/DavidsMightyMen/Audio/SFX/MasterSFXSoundClass.uexp" 1396
"C:/Users/Xande/Documents/GitHub/DMM_Vertical_Slice/Content/DavidsMightyMen/Audio/SFX/UI_SFX/click.ubulk" 1397
"C:/Users/Xande/Documents/GitHub/DMM_Vertical_Slice/Content/DavidsMightyMen/Audio/SFX/UI_SFX/click.uasset" 1398
"C:/Users/Xande/Documents/GitHub/DMM_Vertical_Slice/Content/DavidsMightyMen/Audio/SFX/UI_SFX/click.uexp" 1399
"C:/Users/Xande/Documents/GitHub/DMM_Vertical_Slice/Content/DavidsMightyMen/Audio/SFX/UI_SFX/selection.ubulk" 1400
"C:/Users/Xande/Documents/GitHub/DMM_Vertical_Slice/Content/DavidsMightyMen/Audio/SFX/UI_SFX/selection.uasset" 1401
"C:/Users/Xande/Documents/GitHub/DMM_Vertical_Slice/Content/DavidsMightyMen/Audio/SFX/UI_SFX/selection.uexp" 1402
"C:/Users/Xande/Documents/GitHub/DMM_Vertical_Slice/Content/DavidsMightyMen/UI/MainMenu/Widgets/Quit_WB.uasset" 1403
"C:/Users/Xande/Documents/GitHub/DMM_Vertical_Slice/Content/DavidsMightyMen/UI/MainMenu/Widgets/Quit_WB.uexp" 1404
"C:/Users/Xande/Documents/GitHub/DMM_Vertical_Slice/Content/DavidsMightyMen/UI/MainMenu/Styling/CommonTextUpdated2_BP.uasset" 1405
"C:/Users/Xande/Documents/GitHub/DMM_Vertical_Slice/Content/DavidsMightyMen/UI/MainMenu/Styling/CommonTextUpdated2_BP.uexp" 1406
"C:/Users/Xande/Documents/GitHub/DMM_Vertical_Slice/Content/DavidsMightyMen/UI/MainMenu/Widgets/QuitToMainMenu_WB.uasset" 1407
"C:/Users/Xande/Documents/GitHub/DMM_Vertical_Slice/Content/DavidsMightyMen/UI/MainMenu/Widgets/QuitToMainMenu_WB.uexp" 1408
"C:/Users/Xande/Documents/GitHub/DMM_Vertical_Slice/Content/DavidsMightyMen/Audio/Music/MasterMusicSoundClass.uasset" 1409
"C:/Users/Xande/Documents/GitHub/DMM_Vertical_Slice/Content/DavidsMightyMen/Audio/Music/MasterMusicSoundClass.uexp" 1410
"C:/Users/Xande/Documents/GitHub/DMM_Vertical_Slice/Content/DavidsMightyMen/Audio/MasterSoundClassMix.uasset" 1411
"C:/Users/Xande/Documents/GitHub/DMM_Vertical_Slice/Content/DavidsMightyMen/Audio/MasterSoundClassMix.uexp" 1412
"C:/Users/Xande/Documents/GitHub/DMM_Vertical_Slice/Content/DavidsMightyMen/UI/MainMenu/Styling/CommonText_BP.uasset" 1413
"C:/Users/Xande/Documents/GitHub/DMM_Vertical_Slice/Content/DavidsMightyMen/UI/MainMenu/Styling/CommonText_BP.uexp" 1414
"C:/Users/Xande/Documents/GitHub/DMM_Vertical_Slice/Content/DavidsMightyMen/UI/MainMenu/Styling/CommonBorder_BP.uasset" 1415
"C:/Users/Xande/Documents/GitHub/DMM_Vertical_Slice/Content/DavidsMightyMen/UI/MainMenu/Styling/CommonBorder_BP.uexp" 1416
"C:/Users/Xande/Documents/GitHub/DMM_Vertical_Slice/Content/DavidsMightyMen/UI/MainMenu/SaveGame/SettingsSave_BP.uasset" 1417
"C:/Users/Xande/Documents/GitHub/DMM_Vertical_Slice/Content/DavidsMightyMen/UI/MainMenu/SaveGame/SettingsSave_BP.uexp" 1418
"C:/Users/Xande/Documents/GitHub/DMM_Vertical_Slice/Content/DavidsMightyMen/Audio/Voice_Lines/MasterVoiceSoundClass.uasset" 1419
"C:/Users/Xande/Documents/GitHub/DMM_Vertical_Slice/Content/DavidsMightyMen/Audio/Voice_Lines/MasterVoiceSoundClass.uexp" 1420
"C:/Users/Xande/Documents/GitHub/DMM_Vertical_Slice/Content/DavidsMightyMen/UI/MainMenu/Styling/OrangeText_BP.uasset" 1421
"C:/Users/Xande/Documents/GitHub/DMM_Vertical_Slice/Content/DavidsMightyMen/UI/MainMenu/Styling/OrangeText_BP.uexp" 1422
"C:/Users/Xande/Documents/GitHub/DMM_Vertical_Slice/Content/DavidsMightyMen/UI/MainMenu/Styling/OrangeText2_BP.uasset" 1423
"C:/Users/Xande/Documents/GitHub/DMM_Vertical_Slice/Content/DavidsMightyMen/UI/MainMenu/Styling/OrangeText2_BP.uexp" 1424
"C:/Users/Xande/Documents/GitHub/DMM_Vertical_Slice/Content/DavidsMightyMen/UI/MainMenu/Styling/CommonTextUpdated4_BP.uasset" 1425
"C:/Users/Xande/Documents/GitHub/DMM_Vertical_Slice/Content/DavidsMightyMen/UI/MainMenu/Styling/CommonTextUpdated4_BP.uexp" 1426
"C:/Users/Xande/Documents/GitHub/DMM_Vertical_Slice/Content/DavidsMightyMen/UI/MainMenu/Styling/GreenText2_BP.uasset" 1427
"C:/Users/Xande/Documents/GitHub/DMM_Vertical_Slice/Content/DavidsMightyMen/UI/MainMenu/Styling/GreenText2_BP.uexp" 1428
"C:/Users/Xande/Documents/GitHub/DMM_Vertical_Slice/Content/DavidsMightyMen/UI/MainMenu/Styling/GreenText_BP.uasset" 1429
"C:/Users/Xande/Documents/GitHub/DMM_Vertical_Slice/Content/DavidsMightyMen/UI/MainMenu/Styling/GreenText_BP.uexp" 1430
"C:/Users/Xande/Documents/GitHub/DMM_Vertical_Slice/Content/DavidsMightyMen/UI/MainMenu/Widgets/PauseMenu_WB.uasset" 1431
"C:/Users/Xande/Documents/GitHub/DMM_Vertical_Slice/Content/DavidsMightyMen/UI/MainMenu/Widgets/PauseMenu_WB.uexp" 1432
"C:/Users/Xande/Documents/GitHub/DMM_Vertical_Slice/Content/DavidsMightyMen/Core/DamageSystem/E_DamageType.uasset" 1433
"C:/Users/Xande/Documents/GitHub/DMM_Vertical_Slice/Content/DavidsMightyMen/Core/DamageSystem/E_DamageType.uexp" 1434
"C:/Users/Xande/Documents/GitHub/DMM_Vertical_Slice/Content/DavidsMightyMen/Core/DamageSystem/E_DamageResponse.uasset" 1435
"C:/Users/Xande/Documents/GitHub/DMM_Vertical_Slice/Content/DavidsMightyMen/Core/DamageSystem/E_DamageResponse.uexp" 1436
"C:/Users/Xande/Documents/GitHub/DMM_Vertical_Slice/Content/DavidsMightyMen/Core/DamageSystem/S_DamageInfo.uasset" 1437
"C:/Users/Xande/Documents/GitHub/DMM_Vertical_Slice/Content/DavidsMightyMen/Core/DamageSystem/S_DamageInfo.uexp" 1438
"C:/Users/Xande/Documents/GitHub/DMM_Vertical_Slice/Content/DavidsMightyMen/Core/DamageSystem/BPI_Damageable.uasset" 1439
"C:/Users/Xande/Documents/GitHub/DMM_Vertical_Slice/Content/DavidsMightyMen/Core/DamageSystem/BPI_Damageable.uexp" 1440
"C:/Users/Xande/Documents/GitHub/DMM_Vertical_Slice/Content/DavidsMightyMen/UI/MainMenu/Styling/Meter_UI.uasset" 1441
"C:/Users/Xande/Documents/GitHub/DMM_Vertical_Slice/Content/DavidsMightyMen/UI/MainMenu/Styling/Meter_UI.uexp" 1442
"C:/Users/Xande/Documents/GitHub/DMM_Vertical_Slice/Content/DavidsMightyMen/UI/MainMenu/Widgets/WB_HUD.uasset" 1443
"C:/Users/Xande/Documents/GitHub/DMM_Vertical_Slice/Content/DavidsMightyMen/UI/MainMenu/Widgets/WB_HUD.uexp" 1444
"C:/Users/Xande/Documents/GitHub/DMM_Vertical_Slice/Content/DavidsMightyMen/Core/DamageSystem/BPC_DamageSystem.uasset" 1445
"C:/Users/Xande/Documents/GitHub/DMM_Vertical_Slice/Content/DavidsMightyMen/Core/DamageSystem/BPC_DamageSystem.uexp" 1446
"C:/Users/Xande/Documents/GitHub/DMM_Vertical_Slice/Content/DavidsMightyMen/Core/Enemies/AI/BP_PatrolRoute.uasset" 1447
"C:/Users/Xande/Documents/GitHub/DMM_Vertical_Slice/Content/DavidsMightyMen/Core/Enemies/AI/BP_PatrolRoute.uexp" 1448
"C:/Users/Xande/Documents/GitHub/DMM_Vertical_Slice/Content/DavidsMightyMen/Art/FBX/Sword/Sword_Sword_OcclusionRoughnessMetallic_Raw.ubulk" 1449
"C:/Users/Xande/Documents/GitHub/DMM_Vertical_Slice/Content/DavidsMightyMen/Art/FBX/Sword/Sword_Sword_OcclusionRoughnessMetallic_Raw.uasset" 1450
"C:/Users/Xande/Documents/GitHub/DMM_Vertical_Slice/Content/DavidsMightyMen/Art/FBX/Sword/Sword_Sword_OcclusionRoughnessMetallic_Raw.uexp" 1451
"C:/Users/Xande/Documents/GitHub/DMM_Vertical_Slice/Content/DavidsMightyMen/Art/FBX/Sword/Sword_Sword_Normal_Raw.ubulk" 1452
"C:/Users/Xande/Documents/GitHub/DMM_Vertical_Slice/Content/DavidsMightyMen/Art/FBX/Sword/Sword_Sword_Normal_Raw.uasset" 1453
"C:/Users/Xande/Documents/GitHub/DMM_Vertical_Slice/Content/DavidsMightyMen/Art/FBX/Sword/Sword_Sword_Normal_Raw.uexp" 1454
"C:/Users/Xande/Documents/GitHub/DMM_Vertical_Slice/Content/DavidsMightyMen/Art/FBX/Sword/Sword_Sword_BaseColor_sRGB.ubulk" 1455
"C:/Users/Xande/Documents/GitHub/DMM_Vertical_Slice/Content/DavidsMightyMen/Art/FBX/Sword/Sword_Sword_BaseColor_sRGB.uasset" 1456
"C:/Users/Xande/Documents/GitHub/DMM_Vertical_Slice/Content/DavidsMightyMen/Art/FBX/Sword/Sword_Sword_BaseColor_sRGB.uexp" 1457
"C:/Users/Xande/Documents/GitHub/DMM_Vertical_Slice/Content/DavidsMightyMen/Art/FBX/Sword/Swordy.uasset" 1458
"C:/Users/Xande/Documents/GitHub/DMM_Vertical_Slice/Content/DavidsMightyMen/Art/FBX/Sword/Swordy.uexp" 1459
"C:/Users/Xande/Documents/GitHub/DMM_Vertical_Slice/Content/DavidsMightyMen/Art/FBX/Sword/Sword.ubulk" 1460
"C:/Users/Xande/Documents/GitHub/DMM_Vertical_Slice/Content/DavidsMightyMen/Art/FBX/Sword/Sword.uasset" 1461
"C:/Users/Xande/Documents/GitHub/DMM_Vertical_Slice/Content/DavidsMightyMen/Art/FBX/Sword/Sword.uexp" 1462
"C:/Users/Xande/Documents/GitHub/DMM_Vertical_Slice/Content/DavidsMightyMen/Core/Weapons/BP_Weapon_Base.uasset" 1463
"C:/Users/Xande/Documents/GitHub/DMM_Vertical_Slice/Content/DavidsMightyMen/Core/Weapons/BP_Weapon_Base.uexp" 1464
"C:/Users/Xande/Documents/GitHub/DMM_Vertical_Slice/Content/DavidsMightyMen/Core/Weapons/BP_Weapon_Sword.uasset" 1465
"C:/Users/Xande/Documents/GitHub/DMM_Vertical_Slice/Content/DavidsMightyMen/Core/Weapons/BP_Weapon_Sword.uexp" 1466
"C:/Users/Xande/Documents/GitHub/DMM_Vertical_Slice/Content/DavidsMightyMen/Core/Enemies/AI/Enums/E_MovementSpeed.uasset" 1467
"C:/Users/Xande/Documents/GitHub/DMM_Vertical_Slice/Content/DavidsMightyMen/Core/Enemies/AI/Enums/E_MovementSpeed.uexp" 1468
"C:/Users/Xande/Documents/GitHub/DMM_Vertical_Slice/Content/DavidsMightyMen/Core/Enemies/AI/BPI_EnemyAI.uasset" 1469
"C:/Users/Xande/Documents/GitHub/DMM_Vertical_Slice/Content/DavidsMightyMen/Core/Enemies/AI/BPI_EnemyAI.uexp" 1470
"C:/Users/Xande/Documents/GitHub/DMM_Vertical_Slice/Content/DavidsMightyMen/VFX/LucasVFX/HeartStuff/M_Fresnel.uasset" 1471
"C:/Users/Xande/Documents/GitHub/DMM_Vertical_Slice/Content/DavidsMightyMen/VFX/LucasVFX/HeartStuff/M_Fresnel.uexp" 1472
"C:/Users/Xande/Documents/GitHub/DMM_Vertical_Slice/Content/DavidsMightyMen/VFX/LucasVFX/HeartStuff/MI_Fresnel.uasset" 1473
"C:/Users/Xande/Documents/GitHub/DMM_Vertical_Slice/Content/DavidsMightyMen/VFX/LucasVFX/HeartStuff/MI_Fresnel.uexp" 1474
"../../../Engine/Content/Functions/Engine_MaterialFunctions01/Density/ExponentialDensity.uasset" 1475
"../../../Engine/Content/Functions/Engine_MaterialFunctions01/Density/ExponentialDensity.uexp" 1476
"../../../Engine/Content/Functions/Engine_MaterialFunctions01/Gradient/RadialGradientExponential.uasset" 1477
"../../../Engine/Content/Functions/Engine_MaterialFunctions01/Gradient/RadialGradientExponential.uexp" 1478
"../../../Engine/Plugins/Enterprise/DatasmithContent/Content/Materials/Water/Textures/T_Perlin_Mask.ubulk" 1479
"../../../Engine/Plugins/Enterprise/DatasmithContent/Content/Materials/Water/Textures/T_Perlin_Mask.uasset" 1480
"../../../Engine/Plugins/Enterprise/DatasmithContent/Content/Materials/Water/Textures/T_Perlin_Mask.uexp" 1481
"../../../Engine/Content/Functions/Engine_MaterialFunctions01/ImageAdjustment/DeriveHDRfromLDR.uasset" 1482
"../../../Engine/Content/Functions/Engine_MaterialFunctions01/ImageAdjustment/DeriveHDRfromLDR.uexp" 1483
"C:/Users/Xande/Documents/GitHub/DMM_Vertical_Slice/Content/DavidsMightyMen/Characters/MetaHumans/Common/Textures/T_TilingNoise_005.ubulk" 1484
"C:/Users/Xande/Documents/GitHub/DMM_Vertical_Slice/Content/DavidsMightyMen/Characters/MetaHumans/Common/Textures/T_TilingNoise_005.uasset" 1485
"C:/Users/Xande/Documents/GitHub/DMM_Vertical_Slice/Content/DavidsMightyMen/Characters/MetaHumans/Common/Textures/T_TilingNoise_005.uexp" 1486
"C:/Users/Xande/Documents/GitHub/DMM_Vertical_Slice/Content/DavidsMightyMen/VFX/LucasVFX/HeartStuff/M_Aura.uasset" 1487
"C:/Users/Xande/Documents/GitHub/DMM_Vertical_Slice/Content/DavidsMightyMen/VFX/LucasVFX/HeartStuff/M_Aura.uexp" 1488
"C:/Users/Xande/Documents/GitHub/DMM_Vertical_Slice/Content/DavidsMightyMen/VFX/LucasVFX/HeartStuff/MI_Aura.uasset" 1489
"C:/Users/Xande/Documents/GitHub/DMM_Vertical_Slice/Content/DavidsMightyMen/VFX/LucasVFX/HeartStuff/MI_Aura.uexp" 1490
"C:/Users/Xande/Documents/GitHub/DMM_Vertical_Slice/Content/DavidsMightyMen/VFX/LucasVFX/Lightning/lensflare.ubulk" 1491
"C:/Users/Xande/Documents/GitHub/DMM_Vertical_Slice/Content/DavidsMightyMen/VFX/LucasVFX/Lightning/lensflare.uasset" 1492
"C:/Users/Xande/Documents/GitHub/DMM_Vertical_Slice/Content/DavidsMightyMen/VFX/LucasVFX/Lightning/lensflare.uexp" 1493
"C:/Users/Xande/Documents/GitHub/DMM_Vertical_Slice/Content/DavidsMightyMen/VFX/LucasVFX/HeartStuff/M_AdditiveScroll.uasset" 1494
"C:/Users/Xande/Documents/GitHub/DMM_Vertical_Slice/Content/DavidsMightyMen/VFX/LucasVFX/HeartStuff/M_AdditiveScroll.uexp" 1495
"C:/Users/Xande/Documents/GitHub/DMM_Vertical_Slice/Content/DavidsMightyMen/VFX/LucasVFX/HeartStuff/MI_AddScroll.uasset" 1496
"C:/Users/Xande/Documents/GitHub/DMM_Vertical_Slice/Content/DavidsMightyMen/VFX/LucasVFX/HeartStuff/MI_AddScroll.uexp" 1497
"C:/Users/Xande/Documents/GitHub/DMM_Vertical_Slice/Content/DavidsMightyMen/VFX/LucasVFX/HeartStuff/standardSurface1.uasset" 1498
"C:/Users/Xande/Documents/GitHub/DMM_Vertical_Slice/Content/DavidsMightyMen/VFX/LucasVFX/HeartStuff/standardSurface1.uexp" 1499
"C:/Users/Xande/Documents/GitHub/DMM_Vertical_Slice/Content/DavidsMightyMen/VFX/LucasVFX/HeartStuff/HeartFBX.ubulk" 1500
"C:/Users/Xande/Documents/GitHub/DMM_Vertical_Slice/Content/DavidsMightyMen/VFX/LucasVFX/HeartStuff/HeartFBX.uasset" 1501
"C:/Users/Xande/Documents/GitHub/DMM_Vertical_Slice/Content/DavidsMightyMen/VFX/LucasVFX/HeartStuff/HeartFBX.uexp" 1502
"C:/Users/Xande/Documents/GitHub/DMM_Vertical_Slice/Content/DavidsMightyMen/VFX/LucasVFX/HeartStuff/CircleRing.ubulk" 1503
"C:/Users/Xande/Documents/GitHub/DMM_Vertical_Slice/Content/DavidsMightyMen/VFX/LucasVFX/HeartStuff/CircleRing.uasset" 1504
"C:/Users/Xande/Documents/GitHub/DMM_Vertical_Slice/Content/DavidsMightyMen/VFX/LucasVFX/HeartStuff/CircleRing.uexp" 1505
"C:/Users/Xande/Documents/GitHub/DMM_Vertical_Slice/Content/DavidsMightyMen/VFX/LucasVFX/HeartStuff/VFX_HealthPickup.uasset" 1506
"C:/Users/Xande/Documents/GitHub/DMM_Vertical_Slice/Content/DavidsMightyMen/VFX/LucasVFX/HeartStuff/VFX_HealthPickup.uexp" 1507
"C:/Users/Xande/Documents/GitHub/DMM_Vertical_Slice/Content/DavidsMightyMen/VFX/LucasVFX/HeartStuff/HeartParticles/heart.uasset" 1508
"C:/Users/Xande/Documents/GitHub/DMM_Vertical_Slice/Content/DavidsMightyMen/VFX/LucasVFX/HeartStuff/HeartParticles/heart.uexp" 1509
"C:/Users/Xande/Documents/GitHub/DMM_Vertical_Slice/Content/DavidsMightyMen/VFX/LucasVFX/HeartStuff/HeartParticles/M_Heart.uasset" 1510
"C:/Users/Xande/Documents/GitHub/DMM_Vertical_Slice/Content/DavidsMightyMen/VFX/LucasVFX/HeartStuff/HeartParticles/M_Heart.uexp" 1511
"C:/Users/Xande/Documents/GitHub/DMM_Vertical_Slice/Content/DavidsMightyMen/VFX/LucasVFX/Health/healthvfxring.uasset" 1512
"C:/Users/Xande/Documents/GitHub/DMM_Vertical_Slice/Content/DavidsMightyMen/VFX/LucasVFX/Health/healthvfxring.uexp" 1513
"C:/Users/Xande/Documents/GitHub/DMM_Vertical_Slice/Content/DavidsMightyMen/VFX/LucasVFX/Health/M_Ring.uasset" 1514
"C:/Users/Xande/Documents/GitHub/DMM_Vertical_Slice/Content/DavidsMightyMen/VFX/LucasVFX/Health/M_Ring.uexp" 1515
"C:/Users/Xande/Documents/GitHub/DMM_Vertical_Slice/Content/DavidsMightyMen/VFX/LucasVFX/Health/M_Beam.uasset" 1516
"C:/Users/Xande/Documents/GitHub/DMM_Vertical_Slice/Content/DavidsMightyMen/VFX/LucasVFX/Health/M_Beam.uexp" 1517
"C:/Users/Xande/Documents/GitHub/DMM_Vertical_Slice/Content/DavidsMightyMen/VFX/LucasVFX/Health/VFX_HealBeam.uasset" 1518
"C:/Users/Xande/Documents/GitHub/DMM_Vertical_Slice/Content/DavidsMightyMen/VFX/LucasVFX/Health/VFX_HealBeam.uexp" 1519
"C:/Users/Xande/Documents/GitHub/DMM_Vertical_Slice/Content/DavidsMightyMen/Art/FBX/Collectibles/BP_HealthPickup.uasset" 1520
"C:/Users/Xande/Documents/GitHub/DMM_Vertical_Slice/Content/DavidsMightyMen/Art/FBX/Collectibles/BP_HealthPickup.uexp" 1521
"C:/Users/Xande/Documents/GitHub/DMM_Vertical_Slice/Content/DavidsMightyMen/Characters/MetaHumans/MHC_David/Face/Baked/T_Teeth_SRM.ubulk" 1522
"C:/Users/Xande/Documents/GitHub/DMM_Vertical_Slice/Content/DavidsMightyMen/Characters/MetaHumans/MHC_David/Face/Baked/T_Teeth_SRM.uasset" 1523
"C:/Users/Xande/Documents/GitHub/DMM_Vertical_Slice/Content/DavidsMightyMen/Characters/MetaHumans/MHC_David/Face/Baked/T_Teeth_SRM.uexp" 1524
"C:/Users/Xande/Documents/GitHub/DMM_Vertical_Slice/Content/DavidsMightyMen/Characters/MetaHumans/MHC_David/Face/Baked/T_Teeth_Scatter.ubulk" 1525
"C:/Users/Xande/Documents/GitHub/DMM_Vertical_Slice/Content/DavidsMightyMen/Characters/MetaHumans/MHC_David/Face/Baked/T_Teeth_Scatter.uasset" 1526
"C:/Users/Xande/Documents/GitHub/DMM_Vertical_Slice/Content/DavidsMightyMen/Characters/MetaHumans/MHC_David/Face/Baked/T_Teeth_Scatter.uexp" 1527
"C:/Users/Xande/Documents/GitHub/DMM_Vertical_Slice/Content/DavidsMightyMen/Characters/MetaHumans/MHC_David/Face/Baked/T_Teeth_N.ubulk" 1528
"C:/Users/Xande/Documents/GitHub/DMM_Vertical_Slice/Content/DavidsMightyMen/Characters/MetaHumans/MHC_David/Face/Baked/T_Teeth_N.uasset" 1529
"C:/Users/Xande/Documents/GitHub/DMM_Vertical_Slice/Content/DavidsMightyMen/Characters/MetaHumans/MHC_David/Face/Baked/T_Teeth_N.uexp" 1530
"C:/Users/Xande/Documents/GitHub/DMM_Vertical_Slice/Content/DavidsMightyMen/Characters/MetaHumans/MHC_David/Face/Baked/T_Teeth_BC.ubulk" 1531
"C:/Users/Xande/Documents/GitHub/DMM_Vertical_Slice/Content/DavidsMightyMen/Characters/MetaHumans/MHC_David/Face/Baked/T_Teeth_BC.uasset" 1532
"C:/Users/Xande/Documents/GitHub/DMM_Vertical_Slice/Content/DavidsMightyMen/Characters/MetaHumans/MHC_David/Face/Baked/T_Teeth_BC.uexp" 1533
"C:/Users/Xande/Documents/GitHub/DMM_Vertical_Slice/Content/DavidsMightyMen/Characters/MetaHumans/Common/Lookdev_UHM/Teeth/Materials/SSP_teeth_unified.uasset" 1534
"C:/Users/Xande/Documents/GitHub/DMM_Vertical_Slice/Content/DavidsMightyMen/Characters/MetaHumans/Common/Lookdev_UHM/Teeth/Materials/SSP_teeth_unified.uexp" 1535
"../../../Engine/Content/Functions/Engine_MaterialFunctions01/Gradient/LinearGradient.uasset" 1536
"../../../Engine/Content/Functions/Engine_MaterialFunctions01/Gradient/LinearGradient.uexp" 1537
"../../../Engine/Content/Functions/Engine_MaterialFunctions02/Utility/CustomReflectionVector.uasset" 1538
"../../../Engine/Content/Functions/Engine_MaterialFunctions02/Utility/CustomReflectionVector.uexp" 1539
"../../../Engine/Content/Functions/Engine_MaterialFunctions02/Masking/ThresholdWithRange.uasset" 1540
"../../../Engine/Content/Functions/Engine_MaterialFunctions02/Masking/ThresholdWithRange.uexp" 1541
"C:/Users/Xande/Documents/GitHub/DMM_Vertical_Slice/Content/DavidsMightyMen/Characters/MetaHumans/Common/Lookdev_UHM/Teeth/Textures/T_Teeth_SharpNormal.ubulk" 1542
"C:/Users/Xande/Documents/GitHub/DMM_Vertical_Slice/Content/DavidsMightyMen/Characters/MetaHumans/Common/Lookdev_UHM/Teeth/Textures/T_Teeth_SharpNormal.uasset" 1543
"C:/Users/Xande/Documents/GitHub/DMM_Vertical_Slice/Content/DavidsMightyMen/Characters/MetaHumans/Common/Lookdev_UHM/Teeth/Textures/T_Teeth_SharpNormal.uexp" 1544
"C:/Users/Xande/Documents/GitHub/DMM_Vertical_Slice/Content/DavidsMightyMen/Characters/MetaHumans/Common/Lookdev_UHM/Teeth/Textures/T_Teeth_Normal.ubulk" 1545
"C:/Users/Xande/Documents/GitHub/DMM_Vertical_Slice/Content/DavidsMightyMen/Characters/MetaHumans/Common/Lookdev_UHM/Teeth/Textures/T_Teeth_Normal.uasset" 1546
"C:/Users/Xande/Documents/GitHub/DMM_Vertical_Slice/Content/DavidsMightyMen/Characters/MetaHumans/Common/Lookdev_UHM/Teeth/Textures/T_Teeth_Normal.uexp" 1547
"C:/Users/Xande/Documents/GitHub/DMM_Vertical_Slice/Content/DavidsMightyMen/Characters/MetaHumans/Common/Lookdev_UHM/Teeth/Textures/T_Teeth_Masks_002.ubulk" 1548
"C:/Users/Xande/Documents/GitHub/DMM_Vertical_Slice/Content/DavidsMightyMen/Characters/MetaHumans/Common/Lookdev_UHM/Teeth/Textures/T_Teeth_Masks_002.uasset" 1549
"C:/Users/Xande/Documents/GitHub/DMM_Vertical_Slice/Content/DavidsMightyMen/Characters/MetaHumans/Common/Lookdev_UHM/Teeth/Textures/T_Teeth_Masks_002.uexp" 1550
"C:/Users/Xande/Documents/GitHub/DMM_Vertical_Slice/Content/DavidsMightyMen/Characters/MetaHumans/Common/Lookdev_UHM/Teeth/Textures/T_Teeth_Masks_001.ubulk" 1551
"C:/Users/Xande/Documents/GitHub/DMM_Vertical_Slice/Content/DavidsMightyMen/Characters/MetaHumans/Common/Lookdev_UHM/Teeth/Textures/T_Teeth_Masks_001.uasset" 1552
"C:/Users/Xande/Documents/GitHub/DMM_Vertical_Slice/Content/DavidsMightyMen/Characters/MetaHumans/Common/Lookdev_UHM/Teeth/Textures/T_Teeth_Masks_001.uexp" 1553
"C:/Users/Xande/Documents/GitHub/DMM_Vertical_Slice/Content/DavidsMightyMen/Characters/MetaHumans/Common/Lookdev_UHM/Teeth/Textures/T_Teeth_DetailNormal.ubulk" 1554
"C:/Users/Xande/Documents/GitHub/DMM_Vertical_Slice/Content/DavidsMightyMen/Characters/MetaHumans/Common/Lookdev_UHM/Teeth/Textures/T_Teeth_DetailNormal.uasset" 1555
"C:/Users/Xande/Documents/GitHub/DMM_Vertical_Slice/Content/DavidsMightyMen/Characters/MetaHumans/Common/Lookdev_UHM/Teeth/Textures/T_Teeth_DetailNormal.uexp" 1556
"C:/Users/Xande/Documents/GitHub/DMM_Vertical_Slice/Content/DavidsMightyMen/Characters/MetaHumans/Common/Lookdev_UHM/Teeth/Textures/T_Teeth_BaseColor.ubulk" 1557
"C:/Users/Xande/Documents/GitHub/DMM_Vertical_Slice/Content/DavidsMightyMen/Characters/MetaHumans/Common/Lookdev_UHM/Teeth/Textures/T_Teeth_BaseColor.uasset" 1558
"C:/Users/Xande/Documents/GitHub/DMM_Vertical_Slice/Content/DavidsMightyMen/Characters/MetaHumans/Common/Lookdev_UHM/Teeth/Textures/T_Teeth_BaseColor.uexp" 1559
"C:/Users/Xande/Documents/GitHub/DMM_Vertical_Slice/Content/DavidsMightyMen/Characters/MetaHumans/Common/Lookdev_UHM/Common/Textures/T_MicroDetail001_N.ubulk" 1560
"C:/Users/Xande/Documents/GitHub/DMM_Vertical_Slice/Content/DavidsMightyMen/Characters/MetaHumans/Common/Lookdev_UHM/Common/Textures/T_MicroDetail001_N.uasset" 1561
"C:/Users/Xande/Documents/GitHub/DMM_Vertical_Slice/Content/DavidsMightyMen/Characters/MetaHumans/Common/Lookdev_UHM/Common/Textures/T_MicroDetail001_N.uexp" 1562
"C:/Users/Xande/Documents/GitHub/DMM_Vertical_Slice/Content/DavidsMightyMen/Characters/MetaHumans/Common/Lookdev_UHM/Teeth/Materials/M_teeth_unified.uasset" 1563
"C:/Users/Xande/Documents/GitHub/DMM_Vertical_Slice/Content/DavidsMightyMen/Characters/MetaHumans/Common/Lookdev_UHM/Teeth/Materials/M_teeth_unified.uexp" 1564
"C:/Users/Xande/Documents/GitHub/DMM_Vertical_Slice/Content/DavidsMightyMen/Characters/MetaHumans/Common/Lookdev_UHM/Teeth/Materials/MI_teeth_unified.uasset" 1565
"C:/Users/Xande/Documents/GitHub/DMM_Vertical_Slice/Content/DavidsMightyMen/Characters/MetaHumans/Common/Lookdev_UHM/Teeth/Materials/MI_teeth_unified.uexp" 1566
"C:/Users/Xande/Documents/GitHub/DMM_Vertical_Slice/Content/DavidsMightyMen/Characters/MetaHumans/Common/Lookdev_UHM/Teeth/Materials/MI_teeth_unified_MH_preset.uasset" 1567
"C:/Users/Xande/Documents/GitHub/DMM_Vertical_Slice/Content/DavidsMightyMen/Characters/MetaHumans/Common/Lookdev_UHM/Teeth/Materials/MI_teeth_unified_MH_preset.uexp" 1568
"C:/Users/Xande/Documents/GitHub/DMM_Vertical_Slice/Content/DavidsMightyMen/Characters/MetaHumans/MHC_David/Face/Materials/MI_Teeth_Baked.uasset" 1569
"C:/Users/Xande/Documents/GitHub/DMM_Vertical_Slice/Content/DavidsMightyMen/Characters/MetaHumans/MHC_David/Face/Materials/MI_Teeth_Baked.uexp" 1570
"C:/Users/Xande/Documents/GitHub/DMM_Vertical_Slice/Content/DavidsMightyMen/Characters/MetaHumans/MHC_David/Face/Baked/T_Head_LOD3_SRMF.uexp" 1571
"C:/Users/Xande/Documents/GitHub/DMM_Vertical_Slice/Content/DavidsMightyMen/Characters/MetaHumans/MHC_David/Face/Baked/T_Head_LOD3_SRMF.ubulk" 1572
"C:/Users/Xande/Documents/GitHub/DMM_Vertical_Slice/Content/DavidsMightyMen/Characters/MetaHumans/MHC_David/Face/Baked/T_Head_LOD3_SRMF.uasset" 1573
"C:/Users/Xande/Documents/GitHub/DMM_Vertical_Slice/Content/DavidsMightyMen/Characters/MetaHumans/MHC_David/Face/Baked/T_Head_LOD3_SRMF.uptnl" 1574
"C:/Users/Xande/Documents/GitHub/DMM_Vertical_Slice/Content/DavidsMightyMen/Characters/MetaHumans/MHC_David/Face/Baked/T_Head_LOD3_Scatter.ubulk" 1575
"C:/Users/Xande/Documents/GitHub/DMM_Vertical_Slice/Content/DavidsMightyMen/Characters/MetaHumans/MHC_David/Face/Baked/T_Head_LOD3_Scatter.uasset" 1576
"C:/Users/Xande/Documents/GitHub/DMM_Vertical_Slice/Content/DavidsMightyMen/Characters/MetaHumans/MHC_David/Face/Baked/T_Head_LOD3_Scatter.uexp" 1577
"C:/Users/Xande/Documents/GitHub/DMM_Vertical_Slice/Content/DavidsMightyMen/Characters/MetaHumans/MHC_David/Face/Baked/T_Head_LOD3_N.uexp" 1578
"C:/Users/Xande/Documents/GitHub/DMM_Vertical_Slice/Content/DavidsMightyMen/Characters/MetaHumans/MHC_David/Face/Baked/T_Head_LOD3_N.ubulk" 1579
"C:/Users/Xande/Documents/GitHub/DMM_Vertical_Slice/Content/DavidsMightyMen/Characters/MetaHumans/MHC_David/Face/Baked/T_Head_LOD3_N.uasset" 1580
"C:/Users/Xande/Documents/GitHub/DMM_Vertical_Slice/Content/DavidsMightyMen/Characters/MetaHumans/MHC_David/Face/Baked/T_Head_LOD3_N.uptnl" 1581
"C:/Users/Xande/Documents/GitHub/DMM_Vertical_Slice/Content/DavidsMightyMen/Characters/MetaHumans/MHC_David/Face/Baked/T_Head_LOD3_BC.ubulk" 1582
"C:/Users/Xande/Documents/GitHub/DMM_Vertical_Slice/Content/DavidsMightyMen/Characters/MetaHumans/MHC_David/Face/Baked/T_Head_LOD3_BC.uasset" 1583
"C:/Users/Xande/Documents/GitHub/DMM_Vertical_Slice/Content/DavidsMightyMen/Characters/MetaHumans/MHC_David/Face/Baked/T_Head_LOD3_BC.uexp" 1584
"C:/Users/Xande/Documents/GitHub/DMM_Vertical_Slice/Content/DavidsMightyMen/Characters/MetaHumans/Common/Lookdev_UHM/Skin/Materials/Baked/MI_Head_Baked_LOD1.uasset" 1585
"C:/Users/Xande/Documents/GitHub/DMM_Vertical_Slice/Content/DavidsMightyMen/Characters/MetaHumans/Common/Lookdev_UHM/Skin/Materials/Baked/MI_Head_Baked_LOD1.uexp" 1586
"C:/Users/Xande/Documents/GitHub/DMM_Vertical_Slice/Content/DavidsMightyMen/Characters/MetaHumans/Common/Lookdev_UHM/Skin/Materials/Baked/MI_Head_Baked_LOD2.uasset" 1587
"C:/Users/Xande/Documents/GitHub/DMM_Vertical_Slice/Content/DavidsMightyMen/Characters/MetaHumans/Common/Lookdev_UHM/Skin/Materials/Baked/MI_Head_Baked_LOD2.uexp" 1588
"C:/Users/Xande/Documents/GitHub/DMM_Vertical_Slice/Content/DavidsMightyMen/Characters/MetaHumans/MHC_David/Face/Baked/T_BakedNormal_LOD3.ubulk" 1589
"C:/Users/Xande/Documents/GitHub/DMM_Vertical_Slice/Content/DavidsMightyMen/Characters/MetaHumans/MHC_David/Face/Baked/T_BakedNormal_LOD3.uasset" 1590
"C:/Users/Xande/Documents/GitHub/DMM_Vertical_Slice/Content/DavidsMightyMen/Characters/MetaHumans/MHC_David/Face/Baked/T_BakedNormal_LOD3.uexp" 1591
"C:/Users/Xande/Documents/GitHub/DMM_Vertical_Slice/Content/DavidsMightyMen/Characters/MetaHumans/MHC_David/Face/Materials/MI_Face_Skin_Baked_LOD3.uasset" 1592
"C:/Users/Xande/Documents/GitHub/DMM_Vertical_Slice/Content/DavidsMightyMen/Characters/MetaHumans/MHC_David/Face/Materials/MI_Face_Skin_Baked_LOD3.uexp" 1593
"C:/Users/Xande/Documents/GitHub/DMM_Vertical_Slice/Content/DavidsMightyMen/Characters/MetaHumans/MHC_David/Face/Baked/T_Head_LOD5to7_SRMF.uexp" 1594
"C:/Users/Xande/Documents/GitHub/DMM_Vertical_Slice/Content/DavidsMightyMen/Characters/MetaHumans/MHC_David/Face/Baked/T_Head_LOD5to7_SRMF.ubulk" 1595
"C:/Users/Xande/Documents/GitHub/DMM_Vertical_Slice/Content/DavidsMightyMen/Characters/MetaHumans/MHC_David/Face/Baked/T_Head_LOD5to7_SRMF.uasset" 1596
"C:/Users/Xande/Documents/GitHub/DMM_Vertical_Slice/Content/DavidsMightyMen/Characters/MetaHumans/MHC_David/Face/Baked/T_Head_LOD5to7_SRMF.uptnl" 1597
"C:/Users/Xande/Documents/GitHub/DMM_Vertical_Slice/Content/DavidsMightyMen/Characters/MetaHumans/MHC_David/Face/Baked/T_Head_LOD5to7_Scatter.ubulk" 1598
"C:/Users/Xande/Documents/GitHub/DMM_Vertical_Slice/Content/DavidsMightyMen/Characters/MetaHumans/MHC_David/Face/Baked/T_Head_LOD5to7_Scatter.uasset" 1599
"C:/Users/Xande/Documents/GitHub/DMM_Vertical_Slice/Content/DavidsMightyMen/Characters/MetaHumans/MHC_David/Face/Baked/T_Head_LOD5to7_Scatter.uexp" 1600
"C:/Users/Xande/Documents/GitHub/DMM_Vertical_Slice/Content/DavidsMightyMen/Characters/MetaHumans/MHC_David/Face/Baked/T_Head_LOD5to7_N.uexp" 1601
"C:/Users/Xande/Documents/GitHub/DMM_Vertical_Slice/Content/DavidsMightyMen/Characters/MetaHumans/MHC_David/Face/Baked/T_Head_LOD5to7_N.ubulk" 1602
"C:/Users/Xande/Documents/GitHub/DMM_Vertical_Slice/Content/DavidsMightyMen/Characters/MetaHumans/MHC_David/Face/Baked/T_Head_LOD5to7_N.uasset" 1603
"C:/Users/Xande/Documents/GitHub/DMM_Vertical_Slice/Content/DavidsMightyMen/Characters/MetaHumans/MHC_David/Face/Baked/T_Head_LOD5to7_N.uptnl" 1604
"C:/Users/Xande/Documents/GitHub/DMM_Vertical_Slice/Content/DavidsMightyMen/Characters/MetaHumans/MHC_David/Face/Baked/T_Head_LOD5to7_BC.ubulk" 1605
"C:/Users/Xande/Documents/GitHub/DMM_Vertical_Slice/Content/DavidsMightyMen/Characters/MetaHumans/MHC_David/Face/Baked/T_Head_LOD5to7_BC.uasset" 1606
"C:/Users/Xande/Documents/GitHub/DMM_Vertical_Slice/Content/DavidsMightyMen/Characters/MetaHumans/MHC_David/Face/Baked/T_Head_LOD5to7_BC.uexp" 1607
"C:/Users/Xande/Documents/GitHub/DMM_Vertical_Slice/Content/DavidsMightyMen/Characters/MetaHumans/MHC_David/Face/Baked/T_BakedNormal_LOD5.ubulk" 1608
"C:/Users/Xande/Documents/GitHub/DMM_Vertical_Slice/Content/DavidsMightyMen/Characters/MetaHumans/MHC_David/Face/Baked/T_BakedNormal_LOD5.uasset" 1609
"C:/Users/Xande/Documents/GitHub/DMM_Vertical_Slice/Content/DavidsMightyMen/Characters/MetaHumans/MHC_David/Face/Baked/T_BakedNormal_LOD5.uexp" 1610
"C:/Users/Xande/Documents/GitHub/DMM_Vertical_Slice/Content/DavidsMightyMen/Characters/MetaHumans/MHC_David/Face/Materials/MI_Face_Skin_Baked_LOD5to7.uasset" 1611
"C:/Users/Xande/Documents/GitHub/DMM_Vertical_Slice/Content/DavidsMightyMen/Characters/MetaHumans/MHC_David/Face/Materials/MI_Face_Skin_Baked_LOD5to7.uexp" 1612
"C:/Users/Xande/Documents/GitHub/DMM_Vertical_Slice/Content/DavidsMightyMen/Characters/MetaHumans/Common/Lookdev_UHM/Eye/Textures/T_lacrimal_N.ubulk" 1613
"C:/Users/Xande/Documents/GitHub/DMM_Vertical_Slice/Content/DavidsMightyMen/Characters/MetaHumans/Common/Lookdev_UHM/Eye/Textures/T_lacrimal_N.uasset" 1614
"C:/Users/Xande/Documents/GitHub/DMM_Vertical_Slice/Content/DavidsMightyMen/Characters/MetaHumans/Common/Lookdev_UHM/Eye/Textures/T_lacrimal_N.uexp" 1615
"C:/Users/Xande/Documents/GitHub/DMM_Vertical_Slice/Content/DavidsMightyMen/Characters/MetaHumans/Common/Lookdev_UHM/Eye/Materials/M_eye_lacrimal_fluid_unified.uasset" 1616
"C:/Users/Xande/Documents/GitHub/DMM_Vertical_Slice/Content/DavidsMightyMen/Characters/MetaHumans/Common/Lookdev_UHM/Eye/Materials/M_eye_lacrimal_fluid_unified.uexp" 1617
"C:/Users/Xande/Documents/GitHub/DMM_Vertical_Slice/Content/DavidsMightyMen/Characters/MetaHumans/Common/Lookdev_UHM/Eye/Materials/MI_eye_lacrimal_fluid_unified.uasset" 1618
"C:/Users/Xande/Documents/GitHub/DMM_Vertical_Slice/Content/DavidsMightyMen/Characters/MetaHumans/Common/Lookdev_UHM/Eye/Materials/MI_eye_lacrimal_fluid_unified.uexp" 1619
"C:/Users/Xande/Documents/GitHub/DMM_Vertical_Slice/Content/DavidsMightyMen/Characters/MetaHumans/MHC_David/Face/Materials/MI_Face_LacrimalFluid.uasset" 1620
"C:/Users/Xande/Documents/GitHub/DMM_Vertical_Slice/Content/DavidsMightyMen/Characters/MetaHumans/MHC_David/Face/Materials/MI_Face_LacrimalFluid.uexp" 1621
"C:/Users/Xande/Documents/GitHub/DMM_Vertical_Slice/Content/DavidsMightyMen/Characters/MetaHumans/Common/Lookdev_UHM/Eye/Materials/M_eye_occlusion_unified.uasset" 1622
"C:/Users/Xande/Documents/GitHub/DMM_Vertical_Slice/Content/DavidsMightyMen/Characters/MetaHumans/Common/Lookdev_UHM/Eye/Materials/M_eye_occlusion_unified.uexp" 1623
"C:/Users/Xande/Documents/GitHub/DMM_Vertical_Slice/Content/DavidsMightyMen/Characters/MetaHumans/Common/Lookdev_UHM/Eye/Materials/MI_eye_occlusion_unified.uasset" 1624
"C:/Users/Xande/Documents/GitHub/DMM_Vertical_Slice/Content/DavidsMightyMen/Characters/MetaHumans/Common/Lookdev_UHM/Eye/Materials/MI_eye_occlusion_unified.uexp" 1625
"C:/Users/Xande/Documents/GitHub/DMM_Vertical_Slice/Content/DavidsMightyMen/Characters/MetaHumans/MHC_David/Face/Materials/MI_Face_EyeShell.uasset" 1626
"C:/Users/Xande/Documents/GitHub/DMM_Vertical_Slice/Content/DavidsMightyMen/Characters/MetaHumans/MHC_David/Face/Materials/MI_Face_EyeShell.uexp" 1627
"C:/Users/Xande/Documents/GitHub/DMM_Vertical_Slice/Content/DavidsMightyMen/Characters/MetaHumans/Common/Textures/Eyelashes/T_Eyelashes_S_Sparse_Coverage.ubulk" 1628
"C:/Users/Xande/Documents/GitHub/DMM_Vertical_Slice/Content/DavidsMightyMen/Characters/MetaHumans/Common/Textures/Eyelashes/T_Eyelashes_S_Sparse_Coverage.uasset" 1629
"C:/Users/Xande/Documents/GitHub/DMM_Vertical_Slice/Content/DavidsMightyMen/Characters/MetaHumans/Common/Textures/Eyelashes/T_Eyelashes_S_Sparse_Coverage.uexp" 1630
"C:/Users/Xande/Documents/GitHub/DMM_Vertical_Slice/Content/DavidsMightyMen/Characters/MetaHumans/Common/Materials/T_Black_Linear.uasset" 1631
"C:/Users/Xande/Documents/GitHub/DMM_Vertical_Slice/Content/DavidsMightyMen/Characters/MetaHumans/Common/Materials/T_Black_Linear.uexp" 1632
"C:/Users/Xande/Documents/GitHub/DMM_Vertical_Slice/Content/DavidsMightyMen/Characters/MetaHumans/Common/Materials/MF_RGB2YCbCr.uasset" 1633
"C:/Users/Xande/Documents/GitHub/DMM_Vertical_Slice/Content/DavidsMightyMen/Characters/MetaHumans/Common/Materials/MF_RGB2YCbCr.uexp" 1634
"C:/Users/Xande/Documents/GitHub/DMM_Vertical_Slice/Content/DavidsMightyMen/Characters/MetaHumans/Common/Materials/MF_YCbCr2RGB.uasset" 1635
"C:/Users/Xande/Documents/GitHub/DMM_Vertical_Slice/Content/DavidsMightyMen/Characters/MetaHumans/Common/Materials/MF_YCbCr2RGB.uexp" 1636
"C:/Users/Xande/Documents/GitHub/DMM_Vertical_Slice/Content/DavidsMightyMen/Characters/MetaHumans/Common/Materials/MF_YCbCrAdjustments_BoostRedness.uasset" 1637
"C:/Users/Xande/Documents/GitHub/DMM_Vertical_Slice/Content/DavidsMightyMen/Characters/MetaHumans/Common/Materials/MF_YCbCrAdjustments_BoostRedness.uexp" 1638
"C:/Users/Xande/Documents/GitHub/DMM_Vertical_Slice/Content/DavidsMightyMen/Characters/MetaHumans/Common/Materials/MF_RedHairBoost.uasset" 1639
"C:/Users/Xande/Documents/GitHub/DMM_Vertical_Slice/Content/DavidsMightyMen/Characters/MetaHumans/Common/Materials/MF_RedHairBoost.uexp" 1640
"C:/Users/Xande/Documents/GitHub/DMM_Vertical_Slice/Content/DavidsMightyMen/Characters/MetaHumans/Common/Materials/M_Eyelashes_Cards.uasset" 1641
"C:/Users/Xande/Documents/GitHub/DMM_Vertical_Slice/Content/DavidsMightyMen/Characters/MetaHumans/Common/Materials/M_Eyelashes_Cards.uexp" 1642
"C:/Users/Xande/Documents/GitHub/DMM_Vertical_Slice/Content/DavidsMightyMen/Characters/MetaHumans/Common/Materials/MI_Eyelashes_HigherLODs.uasset" 1643
"C:/Users/Xande/Documents/GitHub/DMM_Vertical_Slice/Content/DavidsMightyMen/Characters/MetaHumans/Common/Materials/MI_Eyelashes_HigherLODs.uexp" 1644
"C:/Users/Xande/Documents/GitHub/DMM_Vertical_Slice/Content/DavidsMightyMen/Characters/MetaHumans/MHC_David/Face/Materials/MI_Face_EyelashesHiLODs.uasset" 1645
"C:/Users/Xande/Documents/GitHub/DMM_Vertical_Slice/Content/DavidsMightyMen/Characters/MetaHumans/MHC_David/Face/Materials/MI_Face_EyelashesHiLODs.uexp" 1646
"C:/Users/Xande/Documents/GitHub/DMM_Vertical_Slice/Content/DavidsMightyMen/Characters/MetaHumans/Common/Lookdev_UHM/Eye/Textures/Iris/T_iris_I_N.ubulk" 1647
"C:/Users/Xande/Documents/GitHub/DMM_Vertical_Slice/Content/DavidsMightyMen/Characters/MetaHumans/Common/Lookdev_UHM/Eye/Textures/Iris/T_iris_I_N.uasset" 1648
"C:/Users/Xande/Documents/GitHub/DMM_Vertical_Slice/Content/DavidsMightyMen/Characters/MetaHumans/Common/Lookdev_UHM/Eye/Textures/Iris/T_iris_I_N.uexp" 1649
"C:/Users/Xande/Documents/GitHub/DMM_Vertical_Slice/Content/DavidsMightyMen/Characters/MetaHumans/Common/Lookdev_UHM/Eye/Textures/Iris/T_Iris_I_M.ubulk" 1650
"C:/Users/Xande/Documents/GitHub/DMM_Vertical_Slice/Content/DavidsMightyMen/Characters/MetaHumans/Common/Lookdev_UHM/Eye/Textures/Iris/T_Iris_I_M.uasset" 1651
"C:/Users/Xande/Documents/GitHub/DMM_Vertical_Slice/Content/DavidsMightyMen/Characters/MetaHumans/Common/Lookdev_UHM/Eye/Textures/Iris/T_Iris_I_M.uexp" 1652
"C:/Users/Xande/Documents/GitHub/DMM_Vertical_Slice/Content/DavidsMightyMen/Characters/MetaHumans/Common/Lookdev_UHM/Eye/Materials/SSP_eye_unified.uasset" 1653
"C:/Users/Xande/Documents/GitHub/DMM_Vertical_Slice/Content/DavidsMightyMen/Characters/MetaHumans/Common/Lookdev_UHM/Eye/Materials/SSP_eye_unified.uexp" 1654
"../../../Engine/Content/Functions/Engine_MaterialFunctions02/Texturing/CustomRotator.uasset" 1655
"../../../Engine/Content/Functions/Engine_MaterialFunctions02/Texturing/CustomRotator.uexp" 1656
"../../../Engine/Content/Functions/Engine_MaterialFunctions02/TangentBasis.uasset" 1657
"../../../Engine/Content/Functions/Engine_MaterialFunctions02/TangentBasis.uexp" 1658
"C:/Users/Xande/Documents/GitHub/DMM_Vertical_Slice/Content/DavidsMightyMen/Characters/MetaHumans/Common/Lookdev_UHM/Eye/Textures/T_Veins_D.ubulk" 1659
"C:/Users/Xande/Documents/GitHub/DMM_Vertical_Slice/Content/DavidsMightyMen/Characters/MetaHumans/Common/Lookdev_UHM/Eye/Textures/T_Veins_D.uasset" 1660
"C:/Users/Xande/Documents/GitHub/DMM_Vertical_Slice/Content/DavidsMightyMen/Characters/MetaHumans/Common/Lookdev_UHM/Eye/Textures/T_Veins_D.uexp" 1661
"C:/Users/Xande/Documents/GitHub/DMM_Vertical_Slice/Content/DavidsMightyMen/Characters/MetaHumans/Common/Lookdev_UHM/Eye/Textures/T_Shared_Eye_AO.ubulk" 1662
"C:/Users/Xande/Documents/GitHub/DMM_Vertical_Slice/Content/DavidsMightyMen/Characters/MetaHumans/Common/Lookdev_UHM/Eye/Textures/T_Shared_Eye_AO.uasset" 1663
"C:/Users/Xande/Documents/GitHub/DMM_Vertical_Slice/Content/DavidsMightyMen/Characters/MetaHumans/Common/Lookdev_UHM/Eye/Textures/T_Shared_Eye_AO.uexp" 1664
"C:/Users/Xande/Documents/GitHub/DMM_Vertical_Slice/Content/DavidsMightyMen/Characters/MetaHumans/Common/Lookdev_UHM/Eye/Textures/T_iris_color_picker.ubulk" 1665
"C:/Users/Xande/Documents/GitHub/DMM_Vertical_Slice/Content/DavidsMightyMen/Characters/MetaHumans/Common/Lookdev_UHM/Eye/Textures/T_iris_color_picker.uasset" 1666
"C:/Users/Xande/Documents/GitHub/DMM_Vertical_Slice/Content/DavidsMightyMen/Characters/MetaHumans/Common/Lookdev_UHM/Eye/Textures/T_iris_color_picker.uexp" 1667
"C:/Users/Xande/Documents/GitHub/DMM_Vertical_Slice/Content/DavidsMightyMen/Characters/MetaHumans/Common/Lookdev_UHM/Eye/Textures/T_Iris001_01_D.ubulk" 1668
"C:/Users/Xande/Documents/GitHub/DMM_Vertical_Slice/Content/DavidsMightyMen/Characters/MetaHumans/Common/Lookdev_UHM/Eye/Textures/T_Iris001_01_D.uasset" 1669
"C:/Users/Xande/Documents/GitHub/DMM_Vertical_Slice/Content/DavidsMightyMen/Characters/MetaHumans/Common/Lookdev_UHM/Eye/Textures/T_Iris001_01_D.uexp" 1670
"C:/Users/Xande/Documents/GitHub/DMM_Vertical_Slice/Content/DavidsMightyMen/Characters/MetaHumans/Common/Lookdev_UHM/Eye/Textures/T_Eye_N.ubulk" 1671
"C:/Users/Xande/Documents/GitHub/DMM_Vertical_Slice/Content/DavidsMightyMen/Characters/MetaHumans/Common/Lookdev_UHM/Eye/Textures/T_Eye_N.uasset" 1672
"C:/Users/Xande/Documents/GitHub/DMM_Vertical_Slice/Content/DavidsMightyMen/Characters/MetaHumans/Common/Lookdev_UHM/Eye/Textures/T_Eye_N.uexp" 1673
"C:/Users/Xande/Documents/GitHub/DMM_Vertical_Slice/Content/DavidsMightyMen/Characters/MetaHumans/Common/Lookdev_UHM/Eye/Textures/T_EyeSclera_N.ubulk" 1674
"C:/Users/Xande/Documents/GitHub/DMM_Vertical_Slice/Content/DavidsMightyMen/Characters/MetaHumans/Common/Lookdev_UHM/Eye/Textures/T_EyeSclera_N.uasset" 1675
"C:/Users/Xande/Documents/GitHub/DMM_Vertical_Slice/Content/DavidsMightyMen/Characters/MetaHumans/Common/Lookdev_UHM/Eye/Textures/T_EyeSclera_N.uexp" 1676
"C:/Users/Xande/Documents/GitHub/DMM_Vertical_Slice/Content/DavidsMightyMen/Characters/MetaHumans/Common/Lookdev_UHM/Eye/Textures/T_EyeSclera_D.ubulk" 1677
"C:/Users/Xande/Documents/GitHub/DMM_Vertical_Slice/Content/DavidsMightyMen/Characters/MetaHumans/Common/Lookdev_UHM/Eye/Textures/T_EyeSclera_D.uasset" 1678
"C:/Users/Xande/Documents/GitHub/DMM_Vertical_Slice/Content/DavidsMightyMen/Characters/MetaHumans/Common/Lookdev_UHM/Eye/Textures/T_EyeSclera_D.uexp" 1679
"C:/Users/Xande/Documents/GitHub/DMM_Vertical_Slice/Content/DavidsMightyMen/Characters/MetaHumans/Common/Lookdev_UHM/Eye/Textures/T_EyeMidPlaneDisplacement.ubulk" 1680
"C:/Users/Xande/Documents/GitHub/DMM_Vertical_Slice/Content/DavidsMightyMen/Characters/MetaHumans/Common/Lookdev_UHM/Eye/Textures/T_EyeMidPlaneDisplacement.uasset" 1681
"C:/Users/Xande/Documents/GitHub/DMM_Vertical_Slice/Content/DavidsMightyMen/Characters/MetaHumans/Common/Lookdev_UHM/Eye/Textures/T_EyeMidPlaneDisplacement.uexp" 1682
"C:/Users/Xande/Documents/GitHub/DMM_Vertical_Slice/Content/DavidsMightyMen/Characters/MetaHumans/Common/Lookdev_UHM/Eye/Textures/T_EV_DustPanner_01.ubulk" 1683
"C:/Users/Xande/Documents/GitHub/DMM_Vertical_Slice/Content/DavidsMightyMen/Characters/MetaHumans/Common/Lookdev_UHM/Eye/Textures/T_EV_DustPanner_01.uasset" 1684
"C:/Users/Xande/Documents/GitHub/DMM_Vertical_Slice/Content/DavidsMightyMen/Characters/MetaHumans/Common/Lookdev_UHM/Eye/Textures/T_EV_DustPanner_01.uexp" 1685
"C:/Users/Xande/Documents/GitHub/DMM_Vertical_Slice/Content/DavidsMightyMen/Characters/MetaHumans/Common/Lookdev_UHM/Eye/Textures/T_Base_Tile_DetailNormal.ubulk" 1686
"C:/Users/Xande/Documents/GitHub/DMM_Vertical_Slice/Content/DavidsMightyMen/Characters/MetaHumans/Common/Lookdev_UHM/Eye/Textures/T_Base_Tile_DetailNormal.uasset" 1687
"C:/Users/Xande/Documents/GitHub/DMM_Vertical_Slice/Content/DavidsMightyMen/Characters/MetaHumans/Common/Lookdev_UHM/Eye/Textures/T_Base_Tile_DetailNormal.uexp" 1688
"C:/Users/Xande/Documents/GitHub/DMM_Vertical_Slice/Content/DavidsMightyMen/Characters/MetaHumans/Common/Lookdev_UHM/Eye/Textures/T_alice_sun_painted.uasset" 1689
"C:/Users/Xande/Documents/GitHub/DMM_Vertical_Slice/Content/DavidsMightyMen/Characters/MetaHumans/Common/Lookdev_UHM/Eye/Textures/T_alice_sun_painted.uexp" 1690
"C:/Users/Xande/Documents/GitHub/DMM_Vertical_Slice/Content/DavidsMightyMen/Characters/MetaHumans/Common/Lookdev_UHM/Eye/Textures/Iris/T_iris_H_N.ubulk" 1691
"C:/Users/Xande/Documents/GitHub/DMM_Vertical_Slice/Content/DavidsMightyMen/Characters/MetaHumans/Common/Lookdev_UHM/Eye/Textures/Iris/T_iris_H_N.uasset" 1692
"C:/Users/Xande/Documents/GitHub/DMM_Vertical_Slice/Content/DavidsMightyMen/Characters/MetaHumans/Common/Lookdev_UHM/Eye/Textures/Iris/T_iris_H_N.uexp" 1693
"C:/Users/Xande/Documents/GitHub/DMM_Vertical_Slice/Content/DavidsMightyMen/Characters/MetaHumans/Common/Lookdev_UHM/Eye/Textures/Iris/T_Iris_H_M.ubulk" 1694
"C:/Users/Xande/Documents/GitHub/DMM_Vertical_Slice/Content/DavidsMightyMen/Characters/MetaHumans/Common/Lookdev_UHM/Eye/Textures/Iris/T_Iris_H_M.uasset" 1695
"C:/Users/Xande/Documents/GitHub/DMM_Vertical_Slice/Content/DavidsMightyMen/Characters/MetaHumans/Common/Lookdev_UHM/Eye/Textures/Iris/T_Iris_H_M.uexp" 1696
"C:/Users/Xande/Documents/GitHub/DMM_Vertical_Slice/Content/DavidsMightyMen/Characters/MetaHumans/Common/Lookdev_UHM/Eye/Textures/Iris/feather_N.ubulk" 1697
"C:/Users/Xande/Documents/GitHub/DMM_Vertical_Slice/Content/DavidsMightyMen/Characters/MetaHumans/Common/Lookdev_UHM/Eye/Textures/Iris/feather_N.uasset" 1698
"C:/Users/Xande/Documents/GitHub/DMM_Vertical_Slice/Content/DavidsMightyMen/Characters/MetaHumans/Common/Lookdev_UHM/Eye/Textures/Iris/feather_N.uexp" 1699
"C:/Users/Xande/Documents/GitHub/DMM_Vertical_Slice/Content/DavidsMightyMen/Characters/MetaHumans/Common/Lookdev_UHM/Eye/Material_Functions/MF_refractedUVs.uasset" 1700
"C:/Users/Xande/Documents/GitHub/DMM_Vertical_Slice/Content/DavidsMightyMen/Characters/MetaHumans/Common/Lookdev_UHM/Eye/Material_Functions/MF_refractedUVs.uexp" 1701
"C:/Users/Xande/Documents/GitHub/DMM_Vertical_Slice/Content/DavidsMightyMen/Characters/MetaHumans/Common/Lookdev_UHM/Eye/Material_Functions/MF_pupilScale.uasset" 1702
"C:/Users/Xande/Documents/GitHub/DMM_Vertical_Slice/Content/DavidsMightyMen/Characters/MetaHumans/Common/Lookdev_UHM/Eye/Material_Functions/MF_pupilScale.uexp" 1703
"C:/Users/Xande/Documents/GitHub/DMM_Vertical_Slice/Content/DavidsMightyMen/Characters/MetaHumans/Common/Lookdev_UHM/Eye/Material_Functions/MF_customIris.uasset" 1704
"C:/Users/Xande/Documents/GitHub/DMM_Vertical_Slice/Content/DavidsMightyMen/Characters/MetaHumans/Common/Lookdev_UHM/Eye/Material_Functions/MF_customIris.uexp" 1705
"C:/Users/Xande/Documents/GitHub/DMM_Vertical_Slice/Content/DavidsMightyMen/Characters/MetaHumans/Common/Lookdev_UHM/Eye/Material_Functions/MF_circularMask.uasset" 1706
"C:/Users/Xande/Documents/GitHub/DMM_Vertical_Slice/Content/DavidsMightyMen/Characters/MetaHumans/Common/Lookdev_UHM/Eye/Material_Functions/MF_circularMask.uexp" 1707
"C:/Users/Xande/Documents/GitHub/DMM_Vertical_Slice/Content/DavidsMightyMen/Characters/MetaHumans/Common/Lookdev_UHM/Common/Textures/T_TilingNoise_001.ubulk" 1708
"C:/Users/Xande/Documents/GitHub/DMM_Vertical_Slice/Content/DavidsMightyMen/Characters/MetaHumans/Common/Lookdev_UHM/Common/Textures/T_TilingNoise_001.uasset" 1709
"C:/Users/Xande/Documents/GitHub/DMM_Vertical_Slice/Content/DavidsMightyMen/Characters/MetaHumans/Common/Lookdev_UHM/Common/Textures/T_TilingNoise_001.uexp" 1710
"C:/Users/Xande/Documents/GitHub/DMM_Vertical_Slice/Content/DavidsMightyMen/Characters/MetaHumans/Common/Lookdev_UHM/Common/Material_Functions/MF_normalRotator.uasset" 1711
"C:/Users/Xande/Documents/GitHub/DMM_Vertical_Slice/Content/DavidsMightyMen/Characters/MetaHumans/Common/Lookdev_UHM/Common/Material_Functions/MF_normalRotator.uexp" 1712
"C:/Users/Xande/Documents/GitHub/DMM_Vertical_Slice/Content/DavidsMightyMen/Characters/MetaHumans/Common/Lookdev_UHM/Eye/Materials/M_eye_eyeball_unified.uasset" 1713
"C:/Users/Xande/Documents/GitHub/DMM_Vertical_Slice/Content/DavidsMightyMen/Characters/MetaHumans/Common/Lookdev_UHM/Eye/Materials/M_eye_eyeball_unified.uexp" 1714
"C:/Users/Xande/Documents/GitHub/DMM_Vertical_Slice/Content/DavidsMightyMen/Characters/MetaHumans/Common/Lookdev_UHM/Eye/Materials/MI_eye_eyeball_unified_MH_preset_left.uasset" 1715
"C:/Users/Xande/Documents/GitHub/DMM_Vertical_Slice/Content/DavidsMightyMen/Characters/MetaHumans/Common/Lookdev_UHM/Eye/Materials/MI_eye_eyeball_unified_MH_preset_left.uexp" 1716
"C:/Users/Xande/Documents/GitHub/DMM_Vertical_Slice/Content/DavidsMightyMen/Characters/MetaHumans/Common/Lookdev_UHM/Eye/Materials/Baked/MI_EyeL_Baked.uasset" 1717
"C:/Users/Xande/Documents/GitHub/DMM_Vertical_Slice/Content/DavidsMightyMen/Characters/MetaHumans/Common/Lookdev_UHM/Eye/Materials/Baked/MI_EyeL_Baked.uexp" 1718
"C:/Users/Xande/Documents/GitHub/DMM_Vertical_Slice/Content/DavidsMightyMen/Characters/MetaHumans/MHC_David/Face/Baked/T_EyeIrisR_BC.ubulk" 1719
"C:/Users/Xande/Documents/GitHub/DMM_Vertical_Slice/Content/DavidsMightyMen/Characters/MetaHumans/MHC_David/Face/Baked/T_EyeIrisR_BC.uasset" 1720
"C:/Users/Xande/Documents/GitHub/DMM_Vertical_Slice/Content/DavidsMightyMen/Characters/MetaHumans/MHC_David/Face/Baked/T_EyeIrisR_BC.uexp" 1721
"C:/Users/Xande/Documents/GitHub/DMM_Vertical_Slice/Content/DavidsMightyMen/Characters/MetaHumans/MHC_David/Face/Baked/T_EyeIrisR_N.ubulk" 1722
"C:/Users/Xande/Documents/GitHub/DMM_Vertical_Slice/Content/DavidsMightyMen/Characters/MetaHumans/MHC_David/Face/Baked/T_EyeIrisR_N.uasset" 1723
"C:/Users/Xande/Documents/GitHub/DMM_Vertical_Slice/Content/DavidsMightyMen/Characters/MetaHumans/MHC_David/Face/Baked/T_EyeIrisR_N.uexp" 1724
"C:/Users/Xande/Documents/GitHub/DMM_Vertical_Slice/Content/DavidsMightyMen/Characters/MetaHumans/MHC_David/Face/Baked/T_EyeScleraR_BC.ubulk" 1725
"C:/Users/Xande/Documents/GitHub/DMM_Vertical_Slice/Content/DavidsMightyMen/Characters/MetaHumans/MHC_David/Face/Baked/T_EyeScleraR_BC.uasset" 1726
"C:/Users/Xande/Documents/GitHub/DMM_Vertical_Slice/Content/DavidsMightyMen/Characters/MetaHumans/MHC_David/Face/Baked/T_EyeScleraR_BC.uexp" 1727
"C:/Users/Xande/Documents/GitHub/DMM_Vertical_Slice/Content/DavidsMightyMen/Characters/MetaHumans/MHC_David/Face/Baked/T_EyeScleraR_N.ubulk" 1728
"C:/Users/Xande/Documents/GitHub/DMM_Vertical_Slice/Content/DavidsMightyMen/Characters/MetaHumans/MHC_David/Face/Baked/T_EyeScleraR_N.uasset" 1729
"C:/Users/Xande/Documents/GitHub/DMM_Vertical_Slice/Content/DavidsMightyMen/Characters/MetaHumans/MHC_David/Face/Baked/T_EyeScleraR_N.uexp" 1730
"C:/Users/Xande/Documents/GitHub/DMM_Vertical_Slice/Content/DavidsMightyMen/Characters/MetaHumans/MHC_David/Face/Materials/MI_EyeR_Baked.uasset" 1731
"C:/Users/Xande/Documents/GitHub/DMM_Vertical_Slice/Content/DavidsMightyMen/Characters/MetaHumans/MHC_David/Face/Materials/MI_EyeR_Baked.uexp" 1732
"C:/Users/Xande/Documents/GitHub/DMM_Vertical_Slice/Content/DavidsMightyMen/Characters/MetaHumans/MHC_David/Face/Baked/T_EyeIrisL_BC.ubulk" 1733
"C:/Users/Xande/Documents/GitHub/DMM_Vertical_Slice/Content/DavidsMightyMen/Characters/MetaHumans/MHC_David/Face/Baked/T_EyeIrisL_BC.uasset" 1734
"C:/Users/Xande/Documents/GitHub/DMM_Vertical_Slice/Content/DavidsMightyMen/Characters/MetaHumans/MHC_David/Face/Baked/T_EyeIrisL_BC.uexp" 1735
"C:/Users/Xande/Documents/GitHub/DMM_Vertical_Slice/Content/DavidsMightyMen/Characters/MetaHumans/MHC_David/Face/Baked/T_EyeIrisL_N.ubulk" 1736
"C:/Users/Xande/Documents/GitHub/DMM_Vertical_Slice/Content/DavidsMightyMen/Characters/MetaHumans/MHC_David/Face/Baked/T_EyeIrisL_N.uasset" 1737
"C:/Users/Xande/Documents/GitHub/DMM_Vertical_Slice/Content/DavidsMightyMen/Characters/MetaHumans/MHC_David/Face/Baked/T_EyeIrisL_N.uexp" 1738
"C:/Users/Xande/Documents/GitHub/DMM_Vertical_Slice/Content/DavidsMightyMen/Characters/MetaHumans/MHC_David/Face/Baked/T_EyeScleraL_BC.ubulk" 1739
"C:/Users/Xande/Documents/GitHub/DMM_Vertical_Slice/Content/DavidsMightyMen/Characters/MetaHumans/MHC_David/Face/Baked/T_EyeScleraL_BC.uasset" 1740
"C:/Users/Xande/Documents/GitHub/DMM_Vertical_Slice/Content/DavidsMightyMen/Characters/MetaHumans/MHC_David/Face/Baked/T_EyeScleraL_BC.uexp" 1741
"C:/Users/Xande/Documents/GitHub/DMM_Vertical_Slice/Content/DavidsMightyMen/Characters/MetaHumans/MHC_David/Face/Baked/T_EyeScleraL_N.ubulk" 1742
"C:/Users/Xande/Documents/GitHub/DMM_Vertical_Slice/Content/DavidsMightyMen/Characters/MetaHumans/MHC_David/Face/Baked/T_EyeScleraL_N.uasset" 1743
"C:/Users/Xande/Documents/GitHub/DMM_Vertical_Slice/Content/DavidsMightyMen/Characters/MetaHumans/MHC_David/Face/Baked/T_EyeScleraL_N.uexp" 1744
"C:/Users/Xande/Documents/GitHub/DMM_Vertical_Slice/Content/DavidsMightyMen/Characters/MetaHumans/MHC_David/Face/Materials/MI_EyeL_Baked.uasset" 1745
"C:/Users/Xande/Documents/GitHub/DMM_Vertical_Slice/Content/DavidsMightyMen/Characters/MetaHumans/MHC_David/Face/Materials/MI_EyeL_Baked.uexp" 1746
"C:/Users/Xande/Documents/GitHub/DMM_Vertical_Slice/Content/DavidsMightyMen/Characters/MetaHumans/Common/Face/PHYS_Face.uasset" 1747
"C:/Users/Xande/Documents/GitHub/DMM_Vertical_Slice/Content/DavidsMightyMen/Characters/MetaHumans/Common/Face/PHYS_Face.uexp" 1748
"C:/Users/Xande/Documents/GitHub/DMM_Vertical_Slice/Content/DavidsMightyMen/Characters/MetaHumans/Common/Face/Face_Archetype_Skeleton.uasset" 1749
"C:/Users/Xande/Documents/GitHub/DMM_Vertical_Slice/Content/DavidsMightyMen/Characters/MetaHumans/Common/Face/Face_Archetype_Skeleton.uexp" 1750
"C:/Users/Xande/Documents/GitHub/DMM_Vertical_Slice/Content/DavidsMightyMen/Characters/MetaHumans/Common/Face/ABP_Face_PostProcess.uasset" 1751
"C:/Users/Xande/Documents/GitHub/DMM_Vertical_Slice/Content/DavidsMightyMen/Characters/MetaHumans/Common/Face/ABP_Face_PostProcess.uexp" 1752
"C:/Users/Xande/Documents/GitHub/DMM_Vertical_Slice/Content/DavidsMightyMen/Characters/MetaHumans/MHC_David/Face/SKM_MHC_David_FaceMesh.uasset" 1753
"C:/Users/Xande/Documents/GitHub/DMM_Vertical_Slice/Content/DavidsMightyMen/Characters/MetaHumans/MHC_David/Face/SKM_MHC_David_FaceMesh.uexp" 1754
"C:/Users/Xande/Documents/GitHub/DMM_Vertical_Slice/Content/DavidsMightyMen/Core/Enemies/AI/Enums/E_AIState.uasset" 1755
"C:/Users/Xande/Documents/GitHub/DMM_Vertical_Slice/Content/DavidsMightyMen/Core/Enemies/AI/Enums/E_AIState.uexp" 1756
"C:/Users/Xande/Documents/GitHub/DMM_Vertical_Slice/Content/DavidsMightyMen/Core/Enemies/AI/BehaviorTrees/BB_Enemy_Base.uasset" 1757
"C:/Users/Xande/Documents/GitHub/DMM_Vertical_Slice/Content/DavidsMightyMen/Core/Enemies/AI/BehaviorTrees/BB_Enemy_Base.uexp" 1758
"C:/Users/Xande/Documents/GitHub/DMM_Vertical_Slice/Content/DavidsMightyMen/Core/Enemies/AI/Tasks/BTT_SetMovementSpeed.uasset" 1759
"C:/Users/Xande/Documents/GitHub/DMM_Vertical_Slice/Content/DavidsMightyMen/Core/Enemies/AI/Tasks/BTT_SetMovementSpeed.uexp" 1760
"C:/Users/Xande/Documents/GitHub/DMM_Vertical_Slice/Content/DavidsMightyMen/Core/Enemies/AI/Tasks/BTT_MoveAlongPatrolRoute.uasset" 1761
"C:/Users/Xande/Documents/GitHub/DMM_Vertical_Slice/Content/DavidsMightyMen/Core/Enemies/AI/Tasks/BTT_MoveAlongPatrolRoute.uexp" 1762
"C:/Users/Xande/Documents/GitHub/DMM_Vertical_Slice/Content/DavidsMightyMen/Core/Enemies/AI/Tasks/BTT_ClearFocus.uasset" 1763
"C:/Users/Xande/Documents/GitHub/DMM_Vertical_Slice/Content/DavidsMightyMen/Core/Enemies/AI/Tasks/BTT_ClearFocus.uexp" 1764
"C:/Users/Xande/Documents/GitHub/DMM_Vertical_Slice/Content/DavidsMightyMen/Core/Enemies/AI/Decorators/BTD_HasPatrolRoute.uasset" 1765
"C:/Users/Xande/Documents/GitHub/DMM_Vertical_Slice/Content/DavidsMightyMen/Core/Enemies/AI/Decorators/BTD_HasPatrolRoute.uexp" 1766
"C:/Users/Xande/Documents/GitHub/DMM_Vertical_Slice/Content/DavidsMightyMen/Core/Enemies/AI/BehaviorTrees/SubTrees/BT_SubTree_Passive.uasset" 1767
"C:/Users/Xande/Documents/GitHub/DMM_Vertical_Slice/Content/DavidsMightyMen/Core/Enemies/AI/BehaviorTrees/SubTrees/BT_SubTree_Passive.uexp" 1768
"C:/Users/Xande/Documents/GitHub/DMM_Vertical_Slice/Content/DavidsMightyMen/Core/Enemies/AI/Tasks/BTT_SetStateAsPassive.uasset" 1769
"C:/Users/Xande/Documents/GitHub/DMM_Vertical_Slice/Content/DavidsMightyMen/Core/Enemies/AI/Tasks/BTT_SetStateAsPassive.uexp" 1770
"C:/Users/Xande/Documents/GitHub/DMM_Vertical_Slice/Content/DavidsMightyMen/Core/Enemies/AI/BehaviorTrees/SubTrees/BT_SubTree_Investigating.uasset" 1771
"C:/Users/Xande/Documents/GitHub/DMM_Vertical_Slice/Content/DavidsMightyMen/Core/Enemies/AI/BehaviorTrees/SubTrees/BT_SubTree_Investigating.uexp" 1772
"C:/Users/Xande/Documents/GitHub/DMM_Vertical_Slice/Content/DavidsMightyMen/Core/Enemies/AI/BehaviorTrees/BT_Enemy_Base.uasset" 1773
"C:/Users/Xande/Documents/GitHub/DMM_Vertical_Slice/Content/DavidsMightyMen/Core/Enemies/AI/BehaviorTrees/BT_Enemy_Base.uexp" 1774
"C:/Users/Xande/Documents/GitHub/DMM_Vertical_Slice/Content/DavidsMightyMen/Core/DamageSystem/W_HealthBar.uasset" 1775
"C:/Users/Xande/Documents/GitHub/DMM_Vertical_Slice/Content/DavidsMightyMen/Core/DamageSystem/W_HealthBar.uexp" 1776
"C:/Users/Xande/Documents/GitHub/DMM_Vertical_Slice/Content/DavidsMightyMen/Characters/MetaHumans/Player/Common/Female/Medium/NormalWeight/Body/metahuman_base_skel.uasset" 1777
"C:/Users/Xande/Documents/GitHub/DMM_Vertical_Slice/Content/DavidsMightyMen/Characters/MetaHumans/Player/Common/Female/Medium/NormalWeight/Body/metahuman_base_skel.uexp" 1778
"../../../Engine/Plugins/Animation/ACLPlugin/Content/ACLAnimCurveCompressionSettings.uasset" 1779
"../../../Engine/Plugins/Animation/ACLPlugin/Content/ACLAnimCurveCompressionSettings.uexp" 1780
"C:/Users/Xande/Documents/GitHub/DMM_Vertical_Slice/Content/DavidsMightyMen/Characters/CustomAnimations/SwordSlash/Animations/SwordSlash1_Sequence.uasset" 1781
"C:/Users/Xande/Documents/GitHub/DMM_Vertical_Slice/Content/DavidsMightyMen/Characters/CustomAnimations/SwordSlash/Animations/SwordSlash1_Sequence.uexp" 1782
"C:/Users/Xande/Documents/GitHub/DMM_Vertical_Slice/Content/DavidsMightyMen/Characters/CustomAnimations/Idle/Animations/CustomBreathIdle_Sequence.uasset" 1783
"C:/Users/Xande/Documents/GitHub/DMM_Vertical_Slice/Content/DavidsMightyMen/Characters/CustomAnimations/Idle/Animations/CustomBreathIdle_Sequence.uexp" 1784
"C:/Users/Xande/Documents/GitHub/DMM_Vertical_Slice/Content/DavidsMightyMen/Characters/CustomAnimations/WalkRun/Animations/Walk_Sequence.uasset" 1785
"C:/Users/Xande/Documents/GitHub/DMM_Vertical_Slice/Content/DavidsMightyMen/Characters/CustomAnimations/WalkRun/Animations/Walk_Sequence.uexp" 1786
"C:/Users/Xande/Documents/GitHub/DMM_Vertical_Slice/Content/DavidsMightyMen/Characters/CustomAnimations/ABP_PlayerAnimState.uasset" 1787
"C:/Users/Xande/Documents/GitHub/DMM_Vertical_Slice/Content/DavidsMightyMen/Characters/CustomAnimations/ABP_PlayerAnimState.uexp" 1788
"C:/Users/Xande/Documents/GitHub/DMM_Vertical_Slice/Content/DavidsMightyMen/Core/Blueprints/Character_BPS/BP_Enemy_Base.uasset" 1789
"C:/Users/Xande/Documents/GitHub/DMM_Vertical_Slice/Content/DavidsMightyMen/Core/Blueprints/Character_BPS/BP_Enemy_Base.uexp" 1790
"C:/Users/Xande/Documents/GitHub/DMM_Vertical_Slice/Content/DavidsMightyMen/Core/Enemies/AI/Enums/E_AISense.uasset" 1791
"C:/Users/Xande/Documents/GitHub/DMM_Vertical_Slice/Content/DavidsMightyMen/Core/Enemies/AI/Enums/E_AISense.uexp" 1792
"C:/Users/Xande/Documents/GitHub/DMM_Vertical_Slice/Content/DavidsMightyMen/Core/Enemies/AI/AIC_Enemy_Base.uasset" 1793
"C:/Users/Xande/Documents/GitHub/DMM_Vertical_Slice/Content/DavidsMightyMen/Core/Enemies/AI/AIC_Enemy_Base.uexp" 1794
"C:/Users/Xande/Documents/GitHub/DMM_Vertical_Slice/Content/DavidsMightyMen/Core/Enemies/AI/EQS/EQS_Context_AttackTarget.uasset" 1795
"C:/Users/Xande/Documents/GitHub/DMM_Vertical_Slice/Content/DavidsMightyMen/Core/Enemies/AI/EQS/EQS_Context_AttackTarget.uexp" 1796
"C:/Users/Xande/Documents/GitHub/DMM_Vertical_Slice/Content/DavidsMightyMen/Core/Enemies/AI/EQS/EQS_Strafe.uasset" 1797
"C:/Users/Xande/Documents/GitHub/DMM_Vertical_Slice/Content/DavidsMightyMen/Core/Enemies/AI/EQS/EQS_Strafe.uexp" 1798
"C:/Users/Xande/Documents/GitHub/DMM_Vertical_Slice/Content/DavidsMightyMen/Core/Enemies/AI/Tasks/BTT_UnequipWeapon.uasset" 1799
"C:/Users/Xande/Documents/GitHub/DMM_Vertical_Slice/Content/DavidsMightyMen/Core/Enemies/AI/Tasks/BTT_UnequipWeapon.uexp" 1800
"C:/Users/Xande/Documents/GitHub/DMM_Vertical_Slice/Content/DavidsMightyMen/Core/Enemies/AI/Tasks/BTT_MoveToIdealRange.uasset" 1801
"C:/Users/Xande/Documents/GitHub/DMM_Vertical_Slice/Content/DavidsMightyMen/Core/Enemies/AI/Tasks/BTT_MoveToIdealRange.uexp" 1802
"C:/Users/Xande/Documents/GitHub/DMM_Vertical_Slice/Content/DavidsMightyMen/Core/Enemies/AI/Tasks/BTT_FocusTarget.uasset" 1803
"C:/Users/Xande/Documents/GitHub/DMM_Vertical_Slice/Content/DavidsMightyMen/Core/Enemies/AI/Tasks/BTT_FocusTarget.uexp" 1804
"C:/Users/Xande/Documents/GitHub/DMM_Vertical_Slice/Content/DavidsMightyMen/Core/Enemies/AI/Tasks/BTT_EquipWeapon.uasset" 1805
"C:/Users/Xande/Documents/GitHub/DMM_Vertical_Slice/Content/DavidsMightyMen/Core/Enemies/AI/Tasks/BTT_EquipWeapon.uexp" 1806
"C:/Users/Xande/Documents/GitHub/DMM_Vertical_Slice/Content/DavidsMightyMen/Core/Enemies/AI/Tasks/BTT_DefaultAttack.uasset" 1807
"C:/Users/Xande/Documents/GitHub/DMM_Vertical_Slice/Content/DavidsMightyMen/Core/Enemies/AI/Tasks/BTT_DefaultAttack.uexp" 1808
"C:/Users/Xande/Documents/GitHub/DMM_Vertical_Slice/Content/DavidsMightyMen/Core/Enemies/AI/Services/BTS_StopAttackingIfTargetIsDead.uasset" 1809
"C:/Users/Xande/Documents/GitHub/DMM_Vertical_Slice/Content/DavidsMightyMen/Core/Enemies/AI/Services/BTS_StopAttackingIfTargetIsDead.uexp" 1810
"C:/Users/Xande/Documents/GitHub/DMM_Vertical_Slice/Content/DavidsMightyMen/Core/Enemies/AI/Decorators/BTD_IsWithinIdealRange.uasset" 1811
"C:/Users/Xande/Documents/GitHub/DMM_Vertical_Slice/Content/DavidsMightyMen/Core/Enemies/AI/Decorators/BTD_IsWithinIdealRange.uexp" 1812
"C:/Users/Xande/Documents/GitHub/DMM_Vertical_Slice/Content/DavidsMightyMen/Core/Enemies/AI/Decorators/BTD_IsWieldingWeapon.uasset" 1813
"C:/Users/Xande/Documents/GitHub/DMM_Vertical_Slice/Content/DavidsMightyMen/Core/Enemies/AI/Decorators/BTD_IsWieldingWeapon.uexp" 1814
"C:/Users/Xande/Documents/GitHub/DMM_Vertical_Slice/Content/DavidsMightyMen/Core/Enemies/AI/BehaviorTrees/BT_Enemy_Melee.uasset" 1815
"C:/Users/Xande/Documents/GitHub/DMM_Vertical_Slice/Content/DavidsMightyMen/Core/Enemies/AI/BehaviorTrees/BT_Enemy_Melee.uexp" 1816
"C:/Users/Xande/Documents/GitHub/DMM_Vertical_Slice/Content/DavidsMightyMen/Audio/SFX/1464__lostchocolatelab__10sword01.ubulk" 1817
"C:/Users/Xande/Documents/GitHub/DMM_Vertical_Slice/Content/DavidsMightyMen/Audio/SFX/1464__lostchocolatelab__10sword01.uasset" 1818
"C:/Users/Xande/Documents/GitHub/DMM_Vertical_Slice/Content/DavidsMightyMen/Audio/SFX/1464__lostchocolatelab__10sword01.uexp" 1819
"C:/Users/Xande/Documents/GitHub/DMM_Vertical_Slice/Content/DavidsMightyMen/Characters/Enemy_grunt_export/MetaHumans/Common/Female/Medium/NormalWeight/Body/metahuman_base_skel.uasset" 1820
"C:/Users/Xande/Documents/GitHub/DMM_Vertical_Slice/Content/DavidsMightyMen/Characters/Enemy_grunt_export/MetaHumans/Common/Female/Medium/NormalWeight/Body/metahuman_base_skel.uexp" 1821
"C:/Users/Xande/Documents/GitHub/DMM_Vertical_Slice/Content/DavidsMightyMen/Characters/MetaHumans/Enemies/Outfits/Grunt/Grunt/final_Gruntclothes.uasset" 1822
"C:/Users/Xande/Documents/GitHub/DMM_Vertical_Slice/Content/DavidsMightyMen/Characters/MetaHumans/Enemies/Outfits/Grunt/Grunt/final_Gruntclothes.uexp" 1823
"C:/Users/Xande/Documents/GitHub/DMM_Vertical_Slice/Content/DavidsMightyMen/Characters/MetaHumans/Enemies/Outfits/EnemyClothesMaterials/LinenMaterial/material_Mat_standardSurface1_OcclusionRoughnessMetallic.ubulk" 1824
"C:/Users/Xande/Documents/GitHub/DMM_Vertical_Slice/Content/DavidsMightyMen/Characters/MetaHumans/Enemies/Outfits/EnemyClothesMaterials/LinenMaterial/material_Mat_standardSurface1_OcclusionRoughnessMetallic.uasset" 1825
"C:/Users/Xande/Documents/GitHub/DMM_Vertical_Slice/Content/DavidsMightyMen/Characters/MetaHumans/Enemies/Outfits/EnemyClothesMaterials/LinenMaterial/material_Mat_standardSurface1_OcclusionRoughnessMetallic.uexp" 1826
"C:/Users/Xande/Documents/GitHub/DMM_Vertical_Slice/Content/DavidsMightyMen/Characters/MetaHumans/Enemies/Outfits/EnemyClothesMaterials/LinenMaterial/material_Mat_standardSurface1_Normal.ubulk" 1827
"C:/Users/Xande/Documents/GitHub/DMM_Vertical_Slice/Content/DavidsMightyMen/Characters/MetaHumans/Enemies/Outfits/EnemyClothesMaterials/LinenMaterial/material_Mat_standardSurface1_Normal.uasset" 1828
"C:/Users/Xande/Documents/GitHub/DMM_Vertical_Slice/Content/DavidsMightyMen/Characters/MetaHumans/Enemies/Outfits/EnemyClothesMaterials/LinenMaterial/material_Mat_standardSurface1_Normal.uexp" 1829
"C:/Users/Xande/Documents/GitHub/DMM_Vertical_Slice/Content/DavidsMightyMen/Characters/MetaHumans/Enemies/Outfits/EnemyClothesMaterials/LinenMaterial/material_Mat_standardSurface1_BaseColor.ubulk" 1830
"C:/Users/Xande/Documents/GitHub/DMM_Vertical_Slice/Content/DavidsMightyMen/Characters/MetaHumans/Enemies/Outfits/EnemyClothesMaterials/LinenMaterial/material_Mat_standardSurface1_BaseColor.uasset" 1831
"C:/Users/Xande/Documents/GitHub/DMM_Vertical_Slice/Content/DavidsMightyMen/Characters/MetaHumans/Enemies/Outfits/EnemyClothesMaterials/LinenMaterial/material_Mat_standardSurface1_BaseColor.uexp" 1832
"C:/Users/Xande/Documents/GitHub/DMM_Vertical_Slice/Content/DavidsMightyMen/Characters/MetaHumans/Enemies/Outfits/EnemyClothesMaterials/LinenMaterial/M_Linen.uasset" 1833
"C:/Users/Xande/Documents/GitHub/DMM_Vertical_Slice/Content/DavidsMightyMen/Characters/MetaHumans/Enemies/Outfits/EnemyClothesMaterials/LinenMaterial/M_Linen.uexp" 1834
"C:/Users/Xande/Documents/GitHub/DMM_Vertical_Slice/Content/DavidsMightyMen/Characters/MetaHumans/Enemies/Outfits/EnemyClothesMaterials/ArmorMaterial/material_Mat_standardSurface1_OcclusionRoughnessMetallic.ubulk" 1835
"C:/Users/Xande/Documents/GitHub/DMM_Vertical_Slice/Content/DavidsMightyMen/Characters/MetaHumans/Enemies/Outfits/EnemyClothesMaterials/ArmorMaterial/material_Mat_standardSurface1_OcclusionRoughnessMetallic.uasset" 1836
"C:/Users/Xande/Documents/GitHub/DMM_Vertical_Slice/Content/DavidsMightyMen/Characters/MetaHumans/Enemies/Outfits/EnemyClothesMaterials/ArmorMaterial/material_Mat_standardSurface1_OcclusionRoughnessMetallic.uexp" 1837
"C:/Users/Xande/Documents/GitHub/DMM_Vertical_Slice/Content/DavidsMightyMen/Characters/MetaHumans/Enemies/Outfits/EnemyClothesMaterials/ArmorMaterial/material_Mat_standardSurface1_Normal.ubulk" 1838
"C:/Users/Xande/Documents/GitHub/DMM_Vertical_Slice/Content/DavidsMightyMen/Characters/MetaHumans/Enemies/Outfits/EnemyClothesMaterials/ArmorMaterial/material_Mat_standardSurface1_Normal.uasset" 1839
"C:/Users/Xande/Documents/GitHub/DMM_Vertical_Slice/Content/DavidsMightyMen/Characters/MetaHumans/Enemies/Outfits/EnemyClothesMaterials/ArmorMaterial/material_Mat_standardSurface1_Normal.uexp" 1840
"C:/Users/Xande/Documents/GitHub/DMM_Vertical_Slice/Content/DavidsMightyMen/Characters/MetaHumans/Enemies/Outfits/EnemyClothesMaterials/ArmorMaterial/material_Mat_standardSurface1_BaseColor.ubulk" 1841
"C:/Users/Xande/Documents/GitHub/DMM_Vertical_Slice/Content/DavidsMightyMen/Characters/MetaHumans/Enemies/Outfits/EnemyClothesMaterials/ArmorMaterial/material_Mat_standardSurface1_BaseColor.uasset" 1842
"C:/Users/Xande/Documents/GitHub/DMM_Vertical_Slice/Content/DavidsMightyMen/Characters/MetaHumans/Enemies/Outfits/EnemyClothesMaterials/ArmorMaterial/material_Mat_standardSurface1_BaseColor.uexp" 1843
"C:/Users/Xande/Documents/GitHub/DMM_Vertical_Slice/Content/DavidsMightyMen/Characters/MetaHumans/Enemies/Outfits/EnemyClothesMaterials/ArmorMaterial/M_Bronze.uasset" 1844
"C:/Users/Xande/Documents/GitHub/DMM_Vertical_Slice/Content/DavidsMightyMen/Characters/MetaHumans/Enemies/Outfits/EnemyClothesMaterials/ArmorMaterial/M_Bronze.uexp" 1845
"C:/Users/Xande/Documents/GitHub/DMM_Vertical_Slice/Content/DavidsMightyMen/Characters/MetaHumans/Enemies/Outfits/EnemyClothesMaterials/WoolMaterial/material_Mat_standardSurface1_OcclusionRoughnessMetallic.ubulk" 1846
"C:/Users/Xande/Documents/GitHub/DMM_Vertical_Slice/Content/DavidsMightyMen/Characters/MetaHumans/Enemies/Outfits/EnemyClothesMaterials/WoolMaterial/material_Mat_standardSurface1_OcclusionRoughnessMetallic.uasset" 1847
"C:/Users/Xande/Documents/GitHub/DMM_Vertical_Slice/Content/DavidsMightyMen/Characters/MetaHumans/Enemies/Outfits/EnemyClothesMaterials/WoolMaterial/material_Mat_standardSurface1_OcclusionRoughnessMetallic.uexp" 1848
"C:/Users/Xande/Documents/GitHub/DMM_Vertical_Slice/Content/DavidsMightyMen/Characters/MetaHumans/Enemies/Outfits/EnemyClothesMaterials/WoolMaterial/material_Mat_standardSurface1_Normal.ubulk" 1849
"C:/Users/Xande/Documents/GitHub/DMM_Vertical_Slice/Content/DavidsMightyMen/Characters/MetaHumans/Enemies/Outfits/EnemyClothesMaterials/WoolMaterial/material_Mat_standardSurface1_Normal.uasset" 1850
"C:/Users/Xande/Documents/GitHub/DMM_Vertical_Slice/Content/DavidsMightyMen/Characters/MetaHumans/Enemies/Outfits/EnemyClothesMaterials/WoolMaterial/material_Mat_standardSurface1_Normal.uexp" 1851
"C:/Users/Xande/Documents/GitHub/DMM_Vertical_Slice/Content/DavidsMightyMen/Characters/MetaHumans/Enemies/Outfits/EnemyClothesMaterials/WoolMaterial/material_Mat_standardSurface1_BaseColor.ubulk" 1852
"C:/Users/Xande/Documents/GitHub/DMM_Vertical_Slice/Content/DavidsMightyMen/Characters/MetaHumans/Enemies/Outfits/EnemyClothesMaterials/WoolMaterial/material_Mat_standardSurface1_BaseColor.uasset" 1853
"C:/Users/Xande/Documents/GitHub/DMM_Vertical_Slice/Content/DavidsMightyMen/Characters/MetaHumans/Enemies/Outfits/EnemyClothesMaterials/WoolMaterial/material_Mat_standardSurface1_BaseColor.uexp" 1854
"C:/Users/Xande/Documents/GitHub/DMM_Vertical_Slice/Content/DavidsMightyMen/Characters/MetaHumans/Enemies/Outfits/EnemyClothesMaterials/WoolMaterial/M_Wool.uasset" 1855
"C:/Users/Xande/Documents/GitHub/DMM_Vertical_Slice/Content/DavidsMightyMen/Characters/MetaHumans/Enemies/Outfits/EnemyClothesMaterials/WoolMaterial/M_Wool.uexp" 1856
"C:/Users/Xande/Documents/GitHub/DMM_Vertical_Slice/Content/DavidsMightyMen/Characters/MetaHumans/Enemies/Outfits/EnemyClothesMaterials/LinenMaterial/M_Linen1.uasset" 1857
"C:/Users/Xande/Documents/GitHub/DMM_Vertical_Slice/Content/DavidsMightyMen/Characters/MetaHumans/Enemies/Outfits/EnemyClothesMaterials/LinenMaterial/M_Linen1.uexp" 1858
"C:/Users/Xande/Documents/GitHub/DMM_Vertical_Slice/Content/DavidsMightyMen/Characters/MetaHumans/Enemies/Outfits/Elite/helmet_base.ubulk" 1859
"C:/Users/Xande/Documents/GitHub/DMM_Vertical_Slice/Content/DavidsMightyMen/Characters/MetaHumans/Enemies/Outfits/Elite/helmet_base.uasset" 1860
"C:/Users/Xande/Documents/GitHub/DMM_Vertical_Slice/Content/DavidsMightyMen/Characters/MetaHumans/Enemies/Outfits/Elite/helmet_base.uexp" 1861
"C:/Users/Xande/Documents/GitHub/DMM_Vertical_Slice/Content/DavidsMightyMen/Characters/Enemy_grunt_export/Sk_Character2/Body/PHYS_Sk_Character2.uasset" 1862
"C:/Users/Xande/Documents/GitHub/DMM_Vertical_Slice/Content/DavidsMightyMen/Characters/Enemy_grunt_export/Sk_Character2/Body/PHYS_Sk_Character2.uexp" 1863
"C:/Users/Xande/Documents/GitHub/DMM_Vertical_Slice/Content/DavidsMightyMen/Characters/Enemy_grunt_export/MetaHumans/Common/Optional/BodyTextures/T_Skin_Microtiling_M.ubulk" 1864
"C:/Users/Xande/Documents/GitHub/DMM_Vertical_Slice/Content/DavidsMightyMen/Characters/Enemy_grunt_export/MetaHumans/Common/Optional/BodyTextures/T_Skin_Microtiling_M.uasset" 1865
"C:/Users/Xande/Documents/GitHub/DMM_Vertical_Slice/Content/DavidsMightyMen/Characters/Enemy_grunt_export/MetaHumans/Common/Optional/BodyTextures/T_Skin_Microtiling_M.uexp" 1866
"C:/Users/Xande/Documents/GitHub/DMM_Vertical_Slice/Content/DavidsMightyMen/Characters/Enemy_grunt_export/Sk_Character2/Body/Baked/T_Body_SRMF.ubulk" 1867
"C:/Users/Xande/Documents/GitHub/DMM_Vertical_Slice/Content/DavidsMightyMen/Characters/Enemy_grunt_export/Sk_Character2/Body/Baked/T_Body_SRMF.uasset" 1868
"C:/Users/Xande/Documents/GitHub/DMM_Vertical_Slice/Content/DavidsMightyMen/Characters/Enemy_grunt_export/Sk_Character2/Body/Baked/T_Body_SRMF.uexp" 1869
"C:/Users/Xande/Documents/GitHub/DMM_Vertical_Slice/Content/DavidsMightyMen/Characters/Enemy_grunt_export/Sk_Character2/Body/Baked/T_Body_Scatter.ubulk" 1870
"C:/Users/Xande/Documents/GitHub/DMM_Vertical_Slice/Content/DavidsMightyMen/Characters/Enemy_grunt_export/Sk_Character2/Body/Baked/T_Body_Scatter.uasset" 1871
"C:/Users/Xande/Documents/GitHub/DMM_Vertical_Slice/Content/DavidsMightyMen/Characters/Enemy_grunt_export/Sk_Character2/Body/Baked/T_Body_Scatter.uexp" 1872
"C:/Users/Xande/Documents/GitHub/DMM_Vertical_Slice/Content/DavidsMightyMen/Characters/Enemy_grunt_export/Sk_Character2/Body/Baked/T_Body_N.ubulk" 1873
"C:/Users/Xande/Documents/GitHub/DMM_Vertical_Slice/Content/DavidsMightyMen/Characters/Enemy_grunt_export/Sk_Character2/Body/Baked/T_Body_N.uasset" 1874
"C:/Users/Xande/Documents/GitHub/DMM_Vertical_Slice/Content/DavidsMightyMen/Characters/Enemy_grunt_export/Sk_Character2/Body/Baked/T_Body_N.uexp" 1875
"C:/Users/Xande/Documents/GitHub/DMM_Vertical_Slice/Content/DavidsMightyMen/Characters/Enemy_grunt_export/Sk_Character2/Body/Baked/T_Body_BC.ubulk" 1876
"C:/Users/Xande/Documents/GitHub/DMM_Vertical_Slice/Content/DavidsMightyMen/Characters/Enemy_grunt_export/Sk_Character2/Body/Baked/T_Body_BC.uasset" 1877
"C:/Users/Xande/Documents/GitHub/DMM_Vertical_Slice/Content/DavidsMightyMen/Characters/Enemy_grunt_export/Sk_Character2/Body/Baked/T_Body_BC.uexp" 1878
"C:/Users/Xande/Documents/GitHub/DMM_Vertical_Slice/Content/DavidsMightyMen/Characters/Enemy_grunt_export/MetaHumans/Common/Lookdev_UHM/Common/Textures/Placeholders/T_Flat_Black_M.uasset" 1879
"C:/Users/Xande/Documents/GitHub/DMM_Vertical_Slice/Content/DavidsMightyMen/Characters/Enemy_grunt_export/MetaHumans/Common/Lookdev_UHM/Common/Textures/Placeholders/T_Flat_Black_M.uexp" 1880
"C:/Users/Xande/Documents/GitHub/DMM_Vertical_Slice/Content/DavidsMightyMen/Characters/Enemy_grunt_export/MetaHumans/Common/Lookdev_UHM/Common/Textures/Placeholders/T_Flat_Grey_C.uasset" 1881
"C:/Users/Xande/Documents/GitHub/DMM_Vertical_Slice/Content/DavidsMightyMen/Characters/Enemy_grunt_export/MetaHumans/Common/Lookdev_UHM/Common/Textures/Placeholders/T_Flat_Grey_C.uexp" 1882
"C:/Users/Xande/Documents/GitHub/DMM_Vertical_Slice/Content/DavidsMightyMen/Characters/Enemy_grunt_export/MetaHumans/Common/Lookdev_UHM/Common/Textures/Placeholders/T_Flat_N.uasset" 1883
"C:/Users/Xande/Documents/GitHub/DMM_Vertical_Slice/Content/DavidsMightyMen/Characters/Enemy_grunt_export/MetaHumans/Common/Lookdev_UHM/Common/Textures/Placeholders/T_Flat_N.uexp" 1884
"C:/Users/Xande/Documents/GitHub/DMM_Vertical_Slice/Content/DavidsMightyMen/Characters/Enemy_grunt_export/MetaHumans/Common/Lookdev_UHM/Common/Textures/Placeholders/T_Flat_White_C.uasset" 1885
"C:/Users/Xande/Documents/GitHub/DMM_Vertical_Slice/Content/DavidsMightyMen/Characters/Enemy_grunt_export/MetaHumans/Common/Lookdev_UHM/Common/Textures/Placeholders/T_Flat_White_C.uexp" 1886
"C:/Users/Xande/Documents/GitHub/DMM_Vertical_Slice/Content/DavidsMightyMen/Characters/Enemy_grunt_export/MetaHumans/Common/Lookdev_UHM/Common/Material_Functions/MF_normalStrength.uasset" 1887
"C:/Users/Xande/Documents/GitHub/DMM_Vertical_Slice/Content/DavidsMightyMen/Characters/Enemy_grunt_export/MetaHumans/Common/Lookdev_UHM/Common/Material_Functions/MF_normalStrength.uexp" 1888
"C:/Users/Xande/Documents/GitHub/DMM_Vertical_Slice/Content/DavidsMightyMen/Characters/Enemy_grunt_export/MetaHumans/Common/Lookdev_UHM/Common/Material_Functions/MF_UHM_QualitySwitch_MaterialAttributes.uasset" 1889
"C:/Users/Xande/Documents/GitHub/DMM_Vertical_Slice/Content/DavidsMightyMen/Characters/Enemy_grunt_export/MetaHumans/Common/Lookdev_UHM/Common/Material_Functions/MF_UHM_QualitySwitch_MaterialAttributes.uexp" 1890
"C:/Users/Xande/Documents/GitHub/DMM_Vertical_Slice/Content/DavidsMightyMen/Characters/Enemy_grunt_export/MetaHumans/Common/Lookdev_UHM/Skin/Textures/T_SkinMicro3_N.ubulk" 1891
"C:/Users/Xande/Documents/GitHub/DMM_Vertical_Slice/Content/DavidsMightyMen/Characters/Enemy_grunt_export/MetaHumans/Common/Lookdev_UHM/Skin/Textures/T_SkinMicro3_N.uasset" 1892
"C:/Users/Xande/Documents/GitHub/DMM_Vertical_Slice/Content/DavidsMightyMen/Characters/Enemy_grunt_export/MetaHumans/Common/Lookdev_UHM/Skin/Textures/T_SkinMicro3_N.uexp" 1893
"C:/Users/Xande/Documents/GitHub/DMM_Vertical_Slice/Content/DavidsMightyMen/Characters/Enemy_grunt_export/MetaHumans/Common/Lookdev_UHM/Skin/Textures/T_skinMicro3_CAV.ubulk" 1894
"C:/Users/Xande/Documents/GitHub/DMM_Vertical_Slice/Content/DavidsMightyMen/Characters/Enemy_grunt_export/MetaHumans/Common/Lookdev_UHM/Skin/Textures/T_skinMicro3_CAV.uasset" 1895
"C:/Users/Xande/Documents/GitHub/DMM_Vertical_Slice/Content/DavidsMightyMen/Characters/Enemy_grunt_export/MetaHumans/Common/Lookdev_UHM/Skin/Textures/T_skinMicro3_CAV.uexp" 1896
"C:/Users/Xande/Documents/GitHub/DMM_Vertical_Slice/Content/DavidsMightyMen/Characters/Enemy_grunt_export/MetaHumans/Common/Lookdev_UHM/Skin/Textures/Skin_Animated/T_head_wm_msk_Array.uasset" 1897
"C:/Users/Xande/Documents/GitHub/DMM_Vertical_Slice/Content/DavidsMightyMen/Characters/Enemy_grunt_export/MetaHumans/Common/Lookdev_UHM/Skin/Textures/Skin_Animated/T_head_wm_msk_Array.uexp" 1898
"C:/Users/Xande/Documents/GitHub/DMM_Vertical_Slice/Content/DavidsMightyMen/Characters/Enemy_grunt_export/MetaHumans/Common/Lookdev_UHM/Skin/Material_Functions/MF_skin_utils.uasset" 1899
"C:/Users/Xande/Documents/GitHub/DMM_Vertical_Slice/Content/DavidsMightyMen/Characters/Enemy_grunt_export/MetaHumans/Common/Lookdev_UHM/Skin/Material_Functions/MF_skin_utils.uexp" 1900
"C:/Users/Xande/Documents/GitHub/DMM_Vertical_Slice/Content/DavidsMightyMen/Characters/Enemy_grunt_export/MetaHumans/Common/Lookdev_UHM/Skin/Material_Functions/MF_skin_scatterAnisotropyPT.uasset" 1901
"C:/Users/Xande/Documents/GitHub/DMM_Vertical_Slice/Content/DavidsMightyMen/Characters/Enemy_grunt_export/MetaHumans/Common/Lookdev_UHM/Skin/Material_Functions/MF_skin_scatterAnisotropyPT.uexp" 1902
"C:/Users/Xande/Documents/GitHub/DMM_Vertical_Slice/Content/DavidsMightyMen/Characters/Enemy_grunt_export/MetaHumans/Common/Lookdev_UHM/Common/Material_Functions/MF_UHM_QualitySwitch_Scalar.uasset" 1903
"C:/Users/Xande/Documents/GitHub/DMM_Vertical_Slice/Content/DavidsMightyMen/Characters/Enemy_grunt_export/MetaHumans/Common/Lookdev_UHM/Common/Material_Functions/MF_UHM_QualitySwitch_Scalar.uexp" 1904
"C:/Users/Xande/Documents/GitHub/DMM_Vertical_Slice/Content/DavidsMightyMen/Characters/Enemy_grunt_export/MetaHumans/Common/Lookdev_UHM/Common/Material_Functions/MF_UHM_QualitySwitch_Vector3.uasset" 1905
"C:/Users/Xande/Documents/GitHub/DMM_Vertical_Slice/Content/DavidsMightyMen/Characters/Enemy_grunt_export/MetaHumans/Common/Lookdev_UHM/Common/Material_Functions/MF_UHM_QualitySwitch_Vector3.uexp" 1906
"C:/Users/Xande/Documents/GitHub/DMM_Vertical_Slice/Content/DavidsMightyMen/Characters/Enemy_grunt_export/MetaHumans/Common/Lookdev_UHM/Skin/Material_Functions/MF_skin_scalability.uasset" 1907
"C:/Users/Xande/Documents/GitHub/DMM_Vertical_Slice/Content/DavidsMightyMen/Characters/Enemy_grunt_export/MetaHumans/Common/Lookdev_UHM/Skin/Material_Functions/MF_skin_scalability.uexp" 1908
"C:/Users/Xande/Documents/GitHub/DMM_Vertical_Slice/Content/DavidsMightyMen/Characters/Enemy_grunt_export/MetaHumans/Common/Lookdev_UHM/Common/Material_Functions/MF_UDIMs.uasset" 1909
"C:/Users/Xande/Documents/GitHub/DMM_Vertical_Slice/Content/DavidsMightyMen/Characters/Enemy_grunt_export/MetaHumans/Common/Lookdev_UHM/Common/Material_Functions/MF_UDIMs.uexp" 1910
"C:/Users/Xande/Documents/GitHub/DMM_Vertical_Slice/Content/DavidsMightyMen/Characters/Enemy_grunt_export/MetaHumans/Common/Lookdev_UHM/Skin/Material_Functions/MF_skin_mipmapAdjustments.uasset" 1911
"C:/Users/Xande/Documents/GitHub/DMM_Vertical_Slice/Content/DavidsMightyMen/Characters/Enemy_grunt_export/MetaHumans/Common/Lookdev_UHM/Skin/Material_Functions/MF_skin_mipmapAdjustments.uexp" 1912
"C:/Users/Xande/Documents/GitHub/DMM_Vertical_Slice/Content/DavidsMightyMen/Characters/Enemy_grunt_export/MetaHumans/Common/Lookdev_UHM/Common/Material_Functions/MF_blendNormals.uasset" 1913
"C:/Users/Xande/Documents/GitHub/DMM_Vertical_Slice/Content/DavidsMightyMen/Characters/Enemy_grunt_export/MetaHumans/Common/Lookdev_UHM/Common/Material_Functions/MF_blendNormals.uexp" 1914
"C:/Users/Xande/Documents/GitHub/DMM_Vertical_Slice/Content/DavidsMightyMen/Characters/Enemy_grunt_export/MetaHumans/Common/Lookdev_UHM/Common/Material_Functions/MF_ruler.uasset" 1915
"C:/Users/Xande/Documents/GitHub/DMM_Vertical_Slice/Content/DavidsMightyMen/Characters/Enemy_grunt_export/MetaHumans/Common/Lookdev_UHM/Common/Material_Functions/MF_ruler.uexp" 1916
"C:/Users/Xande/Documents/GitHub/DMM_Vertical_Slice/Content/DavidsMightyMen/Characters/Enemy_grunt_export/MetaHumans/Common/Lookdev_UHM/Skin/Material_Functions/MF_skin_microSkinDetails.uasset" 1917
"C:/Users/Xande/Documents/GitHub/DMM_Vertical_Slice/Content/DavidsMightyMen/Characters/Enemy_grunt_export/MetaHumans/Common/Lookdev_UHM/Skin/Material_Functions/MF_skin_microSkinDetails.uexp" 1918
"C:/Users/Xande/Documents/GitHub/DMM_Vertical_Slice/Content/DavidsMightyMen/Characters/Enemy_grunt_export/MetaHumans/Common/Lookdev_UHM/Skin/Material_Functions/MF_skin_globalAdjustmentsPostBake.uasset" 1919
"C:/Users/Xande/Documents/GitHub/DMM_Vertical_Slice/Content/DavidsMightyMen/Characters/Enemy_grunt_export/MetaHumans/Common/Lookdev_UHM/Skin/Material_Functions/MF_skin_globalAdjustmentsPostBake.uexp" 1920
"C:/Users/Xande/Documents/GitHub/DMM_Vertical_Slice/Content/DavidsMightyMen/Characters/Enemy_grunt_export/MetaHumans/Common/Lookdev_UHM/Skin/Material_Functions/MF_skin_fuzzApply.uasset" 1921
"C:/Users/Xande/Documents/GitHub/DMM_Vertical_Slice/Content/DavidsMightyMen/Characters/Enemy_grunt_export/MetaHumans/Common/Lookdev_UHM/Skin/Material_Functions/MF_skin_fuzzApply.uexp" 1922
"C:/Users/Xande/Documents/GitHub/DMM_Vertical_Slice/Content/DavidsMightyMen/Characters/Enemy_grunt_export/MetaHumans/Common/Lookdev_UHM/Skin/Material_Functions/MF_skin_fakeAO.uasset" 1923
"C:/Users/Xande/Documents/GitHub/DMM_Vertical_Slice/Content/DavidsMightyMen/Characters/Enemy_grunt_export/MetaHumans/Common/Lookdev_UHM/Skin/Material_Functions/MF_skin_fakeAO.uexp" 1924
"C:/Users/Xande/Documents/GitHub/DMM_Vertical_Slice/Content/DavidsMightyMen/Characters/Enemy_grunt_export/MetaHumans/Common/Lookdev_UHM/Common/Textures/T_MH_BentNormal_AO.ubulk" 1925
"C:/Users/Xande/Documents/GitHub/DMM_Vertical_Slice/Content/DavidsMightyMen/Characters/Enemy_grunt_export/MetaHumans/Common/Lookdev_UHM/Common/Textures/T_MH_BentNormal_AO.uasset" 1926
"C:/Users/Xande/Documents/GitHub/DMM_Vertical_Slice/Content/DavidsMightyMen/Characters/Enemy_grunt_export/MetaHumans/Common/Lookdev_UHM/Common/Textures/T_MH_BentNormal_AO.uexp" 1927
"C:/Users/Xande/Documents/GitHub/DMM_Vertical_Slice/Content/DavidsMightyMen/Characters/Enemy_grunt_export/MetaHumans/Common/Lookdev_UHM/Skin/Material_Functions/MF_skin_bentNormalsAO.uasset" 1928
"C:/Users/Xande/Documents/GitHub/DMM_Vertical_Slice/Content/DavidsMightyMen/Characters/Enemy_grunt_export/MetaHumans/Common/Lookdev_UHM/Skin/Material_Functions/MF_skin_bentNormalsAO.uexp" 1929
"C:/Users/Xande/Documents/GitHub/DMM_Vertical_Slice/Content/DavidsMightyMen/Characters/Enemy_grunt_export/MetaHumans/Common/Lookdev_UHM/Common/Textures/Placeholders/T_Flat_N_VT.ubulk" 1930
"C:/Users/Xande/Documents/GitHub/DMM_Vertical_Slice/Content/DavidsMightyMen/Characters/Enemy_grunt_export/MetaHumans/Common/Lookdev_UHM/Common/Textures/Placeholders/T_Flat_N_VT.uasset" 1931
"C:/Users/Xande/Documents/GitHub/DMM_Vertical_Slice/Content/DavidsMightyMen/Characters/Enemy_grunt_export/MetaHumans/Common/Lookdev_UHM/Common/Textures/Placeholders/T_Flat_N_VT.uexp" 1932
"C:/Users/Xande/Documents/GitHub/DMM_Vertical_Slice/Content/DavidsMightyMen/Characters/Enemy_grunt_export/MetaHumans/Common/Lookdev_UHM/Common/Textures/Placeholders/T_Flat_White_C_VT.ubulk" 1933
"C:/Users/Xande/Documents/GitHub/DMM_Vertical_Slice/Content/DavidsMightyMen/Characters/Enemy_grunt_export/MetaHumans/Common/Lookdev_UHM/Common/Textures/Placeholders/T_Flat_White_C_VT.uasset" 1934
"C:/Users/Xande/Documents/GitHub/DMM_Vertical_Slice/Content/DavidsMightyMen/Characters/Enemy_grunt_export/MetaHumans/Common/Lookdev_UHM/Common/Textures/Placeholders/T_Flat_White_C_VT.uexp" 1935
"C:/Users/Xande/Documents/GitHub/DMM_Vertical_Slice/Content/DavidsMightyMen/Characters/Enemy_grunt_export/MetaHumans/Common/Lookdev_UHM/Common/Textures/Placeholders/T_Flat_Black_M_VT.ubulk" 1936
"C:/Users/Xande/Documents/GitHub/DMM_Vertical_Slice/Content/DavidsMightyMen/Characters/Enemy_grunt_export/MetaHumans/Common/Lookdev_UHM/Common/Textures/Placeholders/T_Flat_Black_M_VT.uasset" 1937
"C:/Users/Xande/Documents/GitHub/DMM_Vertical_Slice/Content/DavidsMightyMen/Characters/Enemy_grunt_export/MetaHumans/Common/Lookdev_UHM/Common/Textures/Placeholders/T_Flat_Black_M_VT.uexp" 1938
"C:/Users/Xande/Documents/GitHub/DMM_Vertical_Slice/Content/DavidsMightyMen/Characters/Enemy_grunt_export/MetaHumans/Common/Lookdev_UHM/Common/Textures/Placeholders/T_Flat_Grey_C_VT.ubulk" 1939
"C:/Users/Xande/Documents/GitHub/DMM_Vertical_Slice/Content/DavidsMightyMen/Characters/Enemy_grunt_export/MetaHumans/Common/Lookdev_UHM/Common/Textures/Placeholders/T_Flat_Grey_C_VT.uasset" 1940
"C:/Users/Xande/Documents/GitHub/DMM_Vertical_Slice/Content/DavidsMightyMen/Characters/Enemy_grunt_export/MetaHumans/Common/Lookdev_UHM/Common/Textures/Placeholders/T_Flat_Grey_C_VT.uexp" 1941
"C:/Users/Xande/Documents/GitHub/DMM_Vertical_Slice/Content/DavidsMightyMen/Characters/Enemy_grunt_export/MetaHumans/Common/Lookdev_UHM/Skin/Material_Functions/MF_skin_bakedInputs.uasset" 1942
"C:/Users/Xande/Documents/GitHub/DMM_Vertical_Slice/Content/DavidsMightyMen/Characters/Enemy_grunt_export/MetaHumans/Common/Lookdev_UHM/Skin/Material_Functions/MF_skin_bakedInputs.uexp" 1943
"C:/Users/Xande/Documents/GitHub/DMM_Vertical_Slice/Content/DavidsMightyMen/Characters/Enemy_grunt_export/MetaHumans/Common/Lookdev_UHM/Common/Material_Functions/MF_color_LinearTosRGB.uasset" 1944
"C:/Users/Xande/Documents/GitHub/DMM_Vertical_Slice/Content/DavidsMightyMen/Characters/Enemy_grunt_export/MetaHumans/Common/Lookdev_UHM/Common/Material_Functions/MF_color_LinearTosRGB.uexp" 1945
"C:/Users/Xande/Documents/GitHub/DMM_Vertical_Slice/Content/DavidsMightyMen/Characters/Enemy_grunt_export/MetaHumans/Common/Lookdev_UHM/Common/Material_Functions/MF_color_sRGBToLinear.uasset" 1946
"C:/Users/Xande/Documents/GitHub/DMM_Vertical_Slice/Content/DavidsMightyMen/Characters/Enemy_grunt_export/MetaHumans/Common/Lookdev_UHM/Common/Material_Functions/MF_color_sRGBToLinear.uexp" 1947
"C:/Users/Xande/Documents/GitHub/DMM_Vertical_Slice/Content/DavidsMightyMen/Characters/Enemy_grunt_export/MetaHumans/Common/Lookdev_UHM/Common/Textures/Placeholders/T_Flat_Grey_HDR_C.uasset" 1948
"C:/Users/Xande/Documents/GitHub/DMM_Vertical_Slice/Content/DavidsMightyMen/Characters/Enemy_grunt_export/MetaHumans/Common/Lookdev_UHM/Common/Textures/Placeholders/T_Flat_Grey_HDR_C.uexp" 1949
"C:/Users/Xande/Documents/GitHub/DMM_Vertical_Slice/Content/DavidsMightyMen/Characters/Enemy_grunt_export/MetaHumans/Common/Lookdev_UHM/Common/Textures/Placeholders/T_Flat_Grey_linear.uasset" 1950
"C:/Users/Xande/Documents/GitHub/DMM_Vertical_Slice/Content/DavidsMightyMen/Characters/Enemy_grunt_export/MetaHumans/Common/Lookdev_UHM/Common/Textures/Placeholders/T_Flat_Grey_linear.uexp" 1951
"C:/Users/Xande/Documents/GitHub/DMM_Vertical_Slice/Content/DavidsMightyMen/Characters/Enemy_grunt_export/MetaHumans/Common/Lookdev_UHM/Skin/Material_Functions/Skin_Animated/MF_HeadMask_TexArraySample.uasset" 1952
"C:/Users/Xande/Documents/GitHub/DMM_Vertical_Slice/Content/DavidsMightyMen/Characters/Enemy_grunt_export/MetaHumans/Common/Lookdev_UHM/Skin/Material_Functions/Skin_Animated/MF_HeadMask_TexArraySample.uexp" 1953
"C:/Users/Xande/Documents/GitHub/DMM_Vertical_Slice/Content/DavidsMightyMen/Characters/Enemy_grunt_export/MetaHumans/Common/Lookdev_UHM/Skin/Material_Functions/Skin_Animated/MF_HeadMask_03A.uasset" 1954
"C:/Users/Xande/Documents/GitHub/DMM_Vertical_Slice/Content/DavidsMightyMen/Characters/Enemy_grunt_export/MetaHumans/Common/Lookdev_UHM/Skin/Material_Functions/Skin_Animated/MF_HeadMask_03A.uexp" 1955
"C:/Users/Xande/Documents/GitHub/DMM_Vertical_Slice/Content/DavidsMightyMen/Characters/Enemy_grunt_export/MetaHumans/Common/Lookdev_UHM/Skin/Material_Functions/Skin_Animated/MF_HeadMask_02A.uasset" 1956
"C:/Users/Xande/Documents/GitHub/DMM_Vertical_Slice/Content/DavidsMightyMen/Characters/Enemy_grunt_export/MetaHumans/Common/Lookdev_UHM/Skin/Material_Functions/Skin_Animated/MF_HeadMask_02A.uexp" 1957
"C:/Users/Xande/Documents/GitHub/DMM_Vertical_Slice/Content/DavidsMightyMen/Characters/Enemy_grunt_export/MetaHumans/Common/Lookdev_UHM/Skin/Material_Functions/Skin_Animated/MF_HeadMask_01A.uasset" 1958
"C:/Users/Xande/Documents/GitHub/DMM_Vertical_Slice/Content/DavidsMightyMen/Characters/Enemy_grunt_export/MetaHumans/Common/Lookdev_UHM/Skin/Material_Functions/Skin_Animated/MF_HeadMask_01A.uexp" 1959
"C:/Users/Xande/Documents/GitHub/DMM_Vertical_Slice/Content/DavidsMightyMen/Characters/Enemy_grunt_export/MetaHumans/Common/Lookdev_UHM/Skin/Material_Functions/Skin_Animated/MF_AnimatedMaps.uasset" 1960
"C:/Users/Xande/Documents/GitHub/DMM_Vertical_Slice/Content/DavidsMightyMen/Characters/Enemy_grunt_export/MetaHumans/Common/Lookdev_UHM/Skin/Material_Functions/Skin_Animated/MF_AnimatedMaps.uexp" 1961
"C:/Users/Xande/Documents/GitHub/DMM_Vertical_Slice/Content/DavidsMightyMen/Characters/Enemy_grunt_export/MetaHumans/Common/Lookdev_UHM/Skin/Material_Functions/MF_skin_animated.uasset" 1962
"C:/Users/Xande/Documents/GitHub/DMM_Vertical_Slice/Content/DavidsMightyMen/Characters/Enemy_grunt_export/MetaHumans/Common/Lookdev_UHM/Skin/Material_Functions/MF_skin_animated.uexp" 1963
"C:/Users/Xande/Documents/GitHub/DMM_Vertical_Slice/Content/DavidsMightyMen/Characters/Enemy_grunt_export/MetaHumans/Common/Lookdev_UHM/Skin/Materials/SSP_skin_unified.uasset" 1964
"C:/Users/Xande/Documents/GitHub/DMM_Vertical_Slice/Content/DavidsMightyMen/Characters/Enemy_grunt_export/MetaHumans/Common/Lookdev_UHM/Skin/Materials/SSP_skin_unified.uexp" 1965
"C:/Users/Xande/Documents/GitHub/DMM_Vertical_Slice/Content/DavidsMightyMen/Characters/Enemy_grunt_export/MetaHumans/Common/Lookdev_UHM/Skin/Materials/M_skin_unified_baked.uasset" 1966
"C:/Users/Xande/Documents/GitHub/DMM_Vertical_Slice/Content/DavidsMightyMen/Characters/Enemy_grunt_export/MetaHumans/Common/Lookdev_UHM/Skin/Materials/M_skin_unified_baked.uexp" 1967
"C:/Users/Xande/Documents/GitHub/DMM_Vertical_Slice/Content/DavidsMightyMen/Characters/Enemy_grunt_export/MetaHumans/Common/Lookdev_UHM/Skin/Materials/Baked/MI_Head_Baked_LOD0.uasset" 1968
"C:/Users/Xande/Documents/GitHub/DMM_Vertical_Slice/Content/DavidsMightyMen/Characters/Enemy_grunt_export/MetaHumans/Common/Lookdev_UHM/Skin/Materials/Baked/MI_Head_Baked_LOD0.uexp" 1969
"C:/Users/Xande/Documents/GitHub/DMM_Vertical_Slice/Content/DavidsMightyMen/Characters/Enemy_grunt_export/Sk_Character2/Body/Materials/MI_Body_Baked.uasset" 1970
"C:/Users/Xande/Documents/GitHub/DMM_Vertical_Slice/Content/DavidsMightyMen/Characters/Enemy_grunt_export/Sk_Character2/Body/Materials/MI_Body_Baked.uexp" 1971
"C:/Users/Xande/Documents/GitHub/DMM_Vertical_Slice/Content/DavidsMightyMen/Characters/Enemy_grunt_export/MetaHumans/Common/Controls/CRSL_MetaHuman_Gizmo.uasset" 1972
"C:/Users/Xande/Documents/GitHub/DMM_Vertical_Slice/Content/DavidsMightyMen/Characters/Enemy_grunt_export/MetaHumans/Common/Controls/CRSL_MetaHuman_Gizmo.uexp" 1973
"C:/Users/Xande/Documents/GitHub/DMM_Vertical_Slice/Content/DavidsMightyMen/Characters/Enemy_grunt_export/MetaHumans/Common/Face/CR_MetaHuman_HeadMovement_IK_Proc.uasset" 1974
"C:/Users/Xande/Documents/GitHub/DMM_Vertical_Slice/Content/DavidsMightyMen/Characters/Enemy_grunt_export/MetaHumans/Common/Face/CR_MetaHuman_HeadMovement_IK_Proc.uexp" 1975
"C:/Users/Xande/Documents/GitHub/DMM_Vertical_Slice/Content/DavidsMightyMen/Characters/Enemy_grunt_export/MetaHumans/Common/Body/ABP_Body_PostProcess.uasset" 1976
"C:/Users/Xande/Documents/GitHub/DMM_Vertical_Slice/Content/DavidsMightyMen/Characters/Enemy_grunt_export/MetaHumans/Common/Body/ABP_Body_PostProcess.uexp" 1977
"C:/Users/Xande/Documents/GitHub/DMM_Vertical_Slice/Content/DavidsMightyMen/Characters/Enemy_grunt_export/Sk_Character2/Body/SKM_Sk_Character2_BodyMesh.uasset" 1978
"C:/Users/Xande/Documents/GitHub/DMM_Vertical_Slice/Content/DavidsMightyMen/Characters/Enemy_grunt_export/Sk_Character2/Body/SKM_Sk_Character2_BodyMesh.uexp" 1979
"C:/Users/Xande/Documents/GitHub/DMM_Vertical_Slice/Content/DavidsMightyMen/Characters/Enemy_grunt_export/MetaHumans/Common/Lookdev_UHM/Teeth/Materials/SSP_teeth_unified.uasset" 1980
"C:/Users/Xande/Documents/GitHub/DMM_Vertical_Slice/Content/DavidsMightyMen/Characters/Enemy_grunt_export/MetaHumans/Common/Lookdev_UHM/Teeth/Materials/SSP_teeth_unified.uexp" 1981
"C:/Users/Xande/Documents/GitHub/DMM_Vertical_Slice/Content/DavidsMightyMen/Characters/Enemy_grunt_export/MetaHumans/Common/Lookdev_UHM/Teeth/Textures/T_Teeth_SharpNormal.ubulk" 1982
"C:/Users/Xande/Documents/GitHub/DMM_Vertical_Slice/Content/DavidsMightyMen/Characters/Enemy_grunt_export/MetaHumans/Common/Lookdev_UHM/Teeth/Textures/T_Teeth_SharpNormal.uasset" 1983
"C:/Users/Xande/Documents/GitHub/DMM_Vertical_Slice/Content/DavidsMightyMen/Characters/Enemy_grunt_export/MetaHumans/Common/Lookdev_UHM/Teeth/Textures/T_Teeth_SharpNormal.uexp" 1984
"C:/Users/Xande/Documents/GitHub/DMM_Vertical_Slice/Content/DavidsMightyMen/Characters/Enemy_grunt_export/MetaHumans/Common/Lookdev_UHM/Teeth/Textures/T_Teeth_Normal.ubulk" 1985
"C:/Users/Xande/Documents/GitHub/DMM_Vertical_Slice/Content/DavidsMightyMen/Characters/Enemy_grunt_export/MetaHumans/Common/Lookdev_UHM/Teeth/Textures/T_Teeth_Normal.uasset" 1986
"C:/Users/Xande/Documents/GitHub/DMM_Vertical_Slice/Content/DavidsMightyMen/Characters/Enemy_grunt_export/MetaHumans/Common/Lookdev_UHM/Teeth/Textures/T_Teeth_Normal.uexp" 1987
"C:/Users/Xande/Documents/GitHub/DMM_Vertical_Slice/Content/DavidsMightyMen/Characters/Enemy_grunt_export/MetaHumans/Common/Lookdev_UHM/Teeth/Textures/T_Teeth_Masks_002.ubulk" 1988
"C:/Users/Xande/Documents/GitHub/DMM_Vertical_Slice/Content/DavidsMightyMen/Characters/Enemy_grunt_export/MetaHumans/Common/Lookdev_UHM/Teeth/Textures/T_Teeth_Masks_002.uasset" 1989
"C:/Users/Xande/Documents/GitHub/DMM_Vertical_Slice/Content/DavidsMightyMen/Characters/Enemy_grunt_export/MetaHumans/Common/Lookdev_UHM/Teeth/Textures/T_Teeth_Masks_002.uexp" 1990
"C:/Users/Xande/Documents/GitHub/DMM_Vertical_Slice/Content/DavidsMightyMen/Characters/Enemy_grunt_export/MetaHumans/Common/Lookdev_UHM/Teeth/Textures/T_Teeth_Masks_001.ubulk" 1991
"C:/Users/Xande/Documents/GitHub/DMM_Vertical_Slice/Content/DavidsMightyMen/Characters/Enemy_grunt_export/MetaHumans/Common/Lookdev_UHM/Teeth/Textures/T_Teeth_Masks_001.uasset" 1992
"C:/Users/Xande/Documents/GitHub/DMM_Vertical_Slice/Content/DavidsMightyMen/Characters/Enemy_grunt_export/MetaHumans/Common/Lookdev_UHM/Teeth/Textures/T_Teeth_Masks_001.uexp" 1993
"C:/Users/Xande/Documents/GitHub/DMM_Vertical_Slice/Content/DavidsMightyMen/Characters/Enemy_grunt_export/MetaHumans/Common/Lookdev_UHM/Teeth/Textures/T_Teeth_DetailNormal.ubulk" 1994
"C:/Users/Xande/Documents/GitHub/DMM_Vertical_Slice/Content/DavidsMightyMen/Characters/Enemy_grunt_export/MetaHumans/Common/Lookdev_UHM/Teeth/Textures/T_Teeth_DetailNormal.uasset" 1995
"C:/Users/Xande/Documents/GitHub/DMM_Vertical_Slice/Content/DavidsMightyMen/Characters/Enemy_grunt_export/MetaHumans/Common/Lookdev_UHM/Teeth/Textures/T_Teeth_DetailNormal.uexp" 1996
"C:/Users/Xande/Documents/GitHub/DMM_Vertical_Slice/Content/DavidsMightyMen/Characters/Enemy_grunt_export/MetaHumans/Common/Lookdev_UHM/Teeth/Textures/T_Teeth_BaseColor.ubulk" 1997
"C:/Users/Xande/Documents/GitHub/DMM_Vertical_Slice/Content/DavidsMightyMen/Characters/Enemy_grunt_export/MetaHumans/Common/Lookdev_UHM/Teeth/Textures/T_Teeth_BaseColor.uasset" 1998
"C:/Users/Xande/Documents/GitHub/DMM_Vertical_Slice/Content/DavidsMightyMen/Characters/Enemy_grunt_export/MetaHumans/Common/Lookdev_UHM/Teeth/Textures/T_Teeth_BaseColor.uexp" 1999
"C:/Users/Xande/Documents/GitHub/DMM_Vertical_Slice/Content/DavidsMightyMen/Characters/Enemy_grunt_export/MetaHumans/Common/Lookdev_UHM/Common/Textures/T_MicroDetail001_N.ubulk" 2000
"C:/Users/Xande/Documents/GitHub/DMM_Vertical_Slice/Content/DavidsMightyMen/Characters/Enemy_grunt_export/MetaHumans/Common/Lookdev_UHM/Common/Textures/T_MicroDetail001_N.uasset" 2001
"C:/Users/Xande/Documents/GitHub/DMM_Vertical_Slice/Content/DavidsMightyMen/Characters/Enemy_grunt_export/MetaHumans/Common/Lookdev_UHM/Common/Textures/T_MicroDetail001_N.uexp" 2002
"C:/Users/Xande/Documents/GitHub/DMM_Vertical_Slice/Content/DavidsMightyMen/Characters/Enemy_grunt_export/MetaHumans/Common/Lookdev_UHM/Teeth/Materials/M_teeth_unified.uasset" 2003
"C:/Users/Xande/Documents/GitHub/DMM_Vertical_Slice/Content/DavidsMightyMen/Characters/Enemy_grunt_export/MetaHumans/Common/Lookdev_UHM/Teeth/Materials/M_teeth_unified.uexp" 2004
"C:/Users/Xande/Documents/GitHub/DMM_Vertical_Slice/Content/DavidsMightyMen/Characters/Enemy_grunt_export/MetaHumans/Common/Lookdev_UHM/Teeth/Materials/MI_teeth_unified.uasset" 2005
"C:/Users/Xande/Documents/GitHub/DMM_Vertical_Slice/Content/DavidsMightyMen/Characters/Enemy_grunt_export/MetaHumans/Common/Lookdev_UHM/Teeth/Materials/MI_teeth_unified.uexp" 2006
"C:/Users/Xande/Documents/GitHub/DMM_Vertical_Slice/Content/DavidsMightyMen/Characters/Enemy_grunt_export/MetaHumans/Common/Lookdev_UHM/Teeth/Materials/MI_teeth_unified_MH_preset.uasset" 2007
"C:/Users/Xande/Documents/GitHub/DMM_Vertical_Slice/Content/DavidsMightyMen/Characters/Enemy_grunt_export/MetaHumans/Common/Lookdev_UHM/Teeth/Materials/MI_teeth_unified_MH_preset.uexp" 2008
"C:/Users/Xande/Documents/GitHub/DMM_Vertical_Slice/Content/DavidsMightyMen/Characters/Enemy_grunt_export/Sk_Character2/Face/Baked/T_Teeth_BC.ubulk" 2009
"C:/Users/Xande/Documents/GitHub/DMM_Vertical_Slice/Content/DavidsMightyMen/Characters/Enemy_grunt_export/Sk_Character2/Face/Baked/T_Teeth_BC.uasset" 2010
"C:/Users/Xande/Documents/GitHub/DMM_Vertical_Slice/Content/DavidsMightyMen/Characters/Enemy_grunt_export/Sk_Character2/Face/Baked/T_Teeth_BC.uexp" 2011
"C:/Users/Xande/Documents/GitHub/DMM_Vertical_Slice/Content/DavidsMightyMen/Characters/Enemy_grunt_export/Sk_Character2/Face/Baked/T_Teeth_N.ubulk" 2012
"C:/Users/Xande/Documents/GitHub/DMM_Vertical_Slice/Content/DavidsMightyMen/Characters/Enemy_grunt_export/Sk_Character2/Face/Baked/T_Teeth_N.uasset" 2013
"C:/Users/Xande/Documents/GitHub/DMM_Vertical_Slice/Content/DavidsMightyMen/Characters/Enemy_grunt_export/Sk_Character2/Face/Baked/T_Teeth_N.uexp" 2014
"C:/Users/Xande/Documents/GitHub/DMM_Vertical_Slice/Content/DavidsMightyMen/Characters/Enemy_grunt_export/Sk_Character2/Face/Baked/T_Teeth_Scatter.ubulk" 2015
"C:/Users/Xande/Documents/GitHub/DMM_Vertical_Slice/Content/DavidsMightyMen/Characters/Enemy_grunt_export/Sk_Character2/Face/Baked/T_Teeth_Scatter.uasset" 2016
"C:/Users/Xande/Documents/GitHub/DMM_Vertical_Slice/Content/DavidsMightyMen/Characters/Enemy_grunt_export/Sk_Character2/Face/Baked/T_Teeth_Scatter.uexp" 2017
"C:/Users/Xande/Documents/GitHub/DMM_Vertical_Slice/Content/DavidsMightyMen/Characters/Enemy_grunt_export/Sk_Character2/Face/Baked/T_Teeth_SRM.ubulk" 2018
"C:/Users/Xande/Documents/GitHub/DMM_Vertical_Slice/Content/DavidsMightyMen/Characters/Enemy_grunt_export/Sk_Character2/Face/Baked/T_Teeth_SRM.uasset" 2019
"C:/Users/Xande/Documents/GitHub/DMM_Vertical_Slice/Content/DavidsMightyMen/Characters/Enemy_grunt_export/Sk_Character2/Face/Baked/T_Teeth_SRM.uexp" 2020
"C:/Users/Xande/Documents/GitHub/DMM_Vertical_Slice/Content/DavidsMightyMen/Characters/Enemy_grunt_export/Sk_Character2/Face/Materials/MI_Teeth_Baked.uasset" 2021
"C:/Users/Xande/Documents/GitHub/DMM_Vertical_Slice/Content/DavidsMightyMen/Characters/Enemy_grunt_export/Sk_Character2/Face/Materials/MI_Teeth_Baked.uexp" 2022
"C:/Users/Xande/Documents/GitHub/DMM_Vertical_Slice/Content/DavidsMightyMen/Characters/Enemy_grunt_export/Sk_Character2/Face/Textures/T_Face_Normal_Animated_WM3.uasset" 2023
"C:/Users/Xande/Documents/GitHub/DMM_Vertical_Slice/Content/DavidsMightyMen/Characters/Enemy_grunt_export/Sk_Character2/Face/Textures/T_Face_Normal_Animated_WM3.uexp" 2024
"C:/Users/Xande/Documents/GitHub/DMM_Vertical_Slice/Content/DavidsMightyMen/Characters/Enemy_grunt_export/Sk_Character2/Face/Textures/T_Face_Normal_Animated_WM2.uasset" 2025
"C:/Users/Xande/Documents/GitHub/DMM_Vertical_Slice/Content/DavidsMightyMen/Characters/Enemy_grunt_export/Sk_Character2/Face/Textures/T_Face_Normal_Animated_WM2.uexp" 2026
"C:/Users/Xande/Documents/GitHub/DMM_Vertical_Slice/Content/DavidsMightyMen/Characters/Enemy_grunt_export/Sk_Character2/Face/Textures/T_Face_Normal_Animated_WM1.uasset" 2027
"C:/Users/Xande/Documents/GitHub/DMM_Vertical_Slice/Content/DavidsMightyMen/Characters/Enemy_grunt_export/Sk_Character2/Face/Textures/T_Face_Normal_Animated_WM1.uexp" 2028
"C:/Users/Xande/Documents/GitHub/DMM_Vertical_Slice/Content/DavidsMightyMen/Characters/Enemy_grunt_export/Sk_Character2/Face/Textures/T_Face_Basecolor_Animated_CM3.uasset" 2029
"C:/Users/Xande/Documents/GitHub/DMM_Vertical_Slice/Content/DavidsMightyMen/Characters/Enemy_grunt_export/Sk_Character2/Face/Textures/T_Face_Basecolor_Animated_CM3.uexp" 2030
"C:/Users/Xande/Documents/GitHub/DMM_Vertical_Slice/Content/DavidsMightyMen/Characters/Enemy_grunt_export/Sk_Character2/Face/Textures/T_Face_Basecolor_Animated_CM2.uasset" 2031
"C:/Users/Xande/Documents/GitHub/DMM_Vertical_Slice/Content/DavidsMightyMen/Characters/Enemy_grunt_export/Sk_Character2/Face/Textures/T_Face_Basecolor_Animated_CM2.uexp" 2032
"C:/Users/Xande/Documents/GitHub/DMM_Vertical_Slice/Content/DavidsMightyMen/Characters/Enemy_grunt_export/Sk_Character2/Face/Textures/T_Face_Basecolor_Animated_CM1.uasset" 2033
"C:/Users/Xande/Documents/GitHub/DMM_Vertical_Slice/Content/DavidsMightyMen/Characters/Enemy_grunt_export/Sk_Character2/Face/Textures/T_Face_Basecolor_Animated_CM1.uexp" 2034
"C:/Users/Xande/Documents/GitHub/DMM_Vertical_Slice/Content/DavidsMightyMen/Characters/Enemy_grunt_export/Sk_Character2/Face/Baked/T_Head_BC.ubulk" 2035
"C:/Users/Xande/Documents/GitHub/DMM_Vertical_Slice/Content/DavidsMightyMen/Characters/Enemy_grunt_export/Sk_Character2/Face/Baked/T_Head_BC.uasset" 2036
"C:/Users/Xande/Documents/GitHub/DMM_Vertical_Slice/Content/DavidsMightyMen/Characters/Enemy_grunt_export/Sk_Character2/Face/Baked/T_Head_BC.uexp" 2037
"C:/Users/Xande/Documents/GitHub/DMM_Vertical_Slice/Content/DavidsMightyMen/Characters/Enemy_grunt_export/Sk_Character2/Face/Baked/T_Head_N.ubulk" 2038
"C:/Users/Xande/Documents/GitHub/DMM_Vertical_Slice/Content/DavidsMightyMen/Characters/Enemy_grunt_export/Sk_Character2/Face/Baked/T_Head_N.uasset" 2039
"C:/Users/Xande/Documents/GitHub/DMM_Vertical_Slice/Content/DavidsMightyMen/Characters/Enemy_grunt_export/Sk_Character2/Face/Baked/T_Head_N.uexp" 2040
"C:/Users/Xande/Documents/GitHub/DMM_Vertical_Slice/Content/DavidsMightyMen/Characters/Enemy_grunt_export/Sk_Character2/Face/Baked/T_Head_Scatter.ubulk" 2041
"C:/Users/Xande/Documents/GitHub/DMM_Vertical_Slice/Content/DavidsMightyMen/Characters/Enemy_grunt_export/Sk_Character2/Face/Baked/T_Head_Scatter.uasset" 2042
"C:/Users/Xande/Documents/GitHub/DMM_Vertical_Slice/Content/DavidsMightyMen/Characters/Enemy_grunt_export/Sk_Character2/Face/Baked/T_Head_Scatter.uexp" 2043
"C:/Users/Xande/Documents/GitHub/DMM_Vertical_Slice/Content/DavidsMightyMen/Characters/Enemy_grunt_export/Sk_Character2/Face/Baked/T_Head_SRMF.ubulk" 2044
"C:/Users/Xande/Documents/GitHub/DMM_Vertical_Slice/Content/DavidsMightyMen/Characters/Enemy_grunt_export/Sk_Character2/Face/Baked/T_Head_SRMF.uasset" 2045
"C:/Users/Xande/Documents/GitHub/DMM_Vertical_Slice/Content/DavidsMightyMen/Characters/Enemy_grunt_export/Sk_Character2/Face/Baked/T_Head_SRMF.uexp" 2046
"C:/Users/Xande/Documents/GitHub/DMM_Vertical_Slice/Content/DavidsMightyMen/Characters/Enemy_grunt_export/Sk_Character2/Face/Materials/MI_Face_Skin_Baked_LOD0.uasset" 2047
"C:/Users/Xande/Documents/GitHub/DMM_Vertical_Slice/Content/DavidsMightyMen/Characters/Enemy_grunt_export/Sk_Character2/Face/Materials/MI_Face_Skin_Baked_LOD0.uexp" 2048
"C:/Users/Xande/Documents/GitHub/DMM_Vertical_Slice/Content/DavidsMightyMen/Characters/Enemy_grunt_export/Sk_Character2/Face/Materials/MI_Face_Skin_Baked_LOD1.uasset" 2049
"C:/Users/Xande/Documents/GitHub/DMM_Vertical_Slice/Content/DavidsMightyMen/Characters/Enemy_grunt_export/Sk_Character2/Face/Materials/MI_Face_Skin_Baked_LOD1.uexp" 2050
"C:/Users/Xande/Documents/GitHub/DMM_Vertical_Slice/Content/DavidsMightyMen/Characters/Enemy_grunt_export/Sk_Character2/Face/Materials/MI_Face_Skin_Baked_LOD2.uasset" 2051
"C:/Users/Xande/Documents/GitHub/DMM_Vertical_Slice/Content/DavidsMightyMen/Characters/Enemy_grunt_export/Sk_Character2/Face/Materials/MI_Face_Skin_Baked_LOD2.uexp" 2052
"C:/Users/Xande/Documents/GitHub/DMM_Vertical_Slice/Content/DavidsMightyMen/Characters/Enemy_grunt_export/Sk_Character2/Face/Baked/T_BakedNormal_LOD3.ubulk" 2053
"C:/Users/Xande/Documents/GitHub/DMM_Vertical_Slice/Content/DavidsMightyMen/Characters/Enemy_grunt_export/Sk_Character2/Face/Baked/T_BakedNormal_LOD3.uasset" 2054
"C:/Users/Xande/Documents/GitHub/DMM_Vertical_Slice/Content/DavidsMightyMen/Characters/Enemy_grunt_export/Sk_Character2/Face/Baked/T_BakedNormal_LOD3.uexp" 2055
"C:/Users/Xande/Documents/GitHub/DMM_Vertical_Slice/Content/DavidsMightyMen/Characters/Enemy_grunt_export/Sk_Character2/Face/Materials/MI_Face_Skin_Baked_LOD3.uasset" 2056
"C:/Users/Xande/Documents/GitHub/DMM_Vertical_Slice/Content/DavidsMightyMen/Characters/Enemy_grunt_export/Sk_Character2/Face/Materials/MI_Face_Skin_Baked_LOD3.uexp" 2057
"C:/Users/Xande/Documents/GitHub/DMM_Vertical_Slice/Content/DavidsMightyMen/Characters/Enemy_grunt_export/Sk_Character2/Face/Baked/T_BakedNormal_LOD4.ubulk" 2058
"C:/Users/Xande/Documents/GitHub/DMM_Vertical_Slice/Content/DavidsMightyMen/Characters/Enemy_grunt_export/Sk_Character2/Face/Baked/T_BakedNormal_LOD4.uasset" 2059
"C:/Users/Xande/Documents/GitHub/DMM_Vertical_Slice/Content/DavidsMightyMen/Characters/Enemy_grunt_export/Sk_Character2/Face/Baked/T_BakedNormal_LOD4.uexp" 2060
"C:/Users/Xande/Documents/GitHub/DMM_Vertical_Slice/Content/DavidsMightyMen/Characters/Enemy_grunt_export/Sk_Character2/Face/Materials/MI_Face_Skin_Baked_LOD4.uasset" 2061
"C:/Users/Xande/Documents/GitHub/DMM_Vertical_Slice/Content/DavidsMightyMen/Characters/Enemy_grunt_export/Sk_Character2/Face/Materials/MI_Face_Skin_Baked_LOD4.uexp" 2062
"C:/Users/Xande/Documents/GitHub/DMM_Vertical_Slice/Content/DavidsMightyMen/Characters/Enemy_grunt_export/Sk_Character2/Face/Baked/T_BakedNormal_LOD5.ubulk" 2063
"C:/Users/Xande/Documents/GitHub/DMM_Vertical_Slice/Content/DavidsMightyMen/Characters/Enemy_grunt_export/Sk_Character2/Face/Baked/T_BakedNormal_LOD5.uasset" 2064
"C:/Users/Xande/Documents/GitHub/DMM_Vertical_Slice/Content/DavidsMightyMen/Characters/Enemy_grunt_export/Sk_Character2/Face/Baked/T_BakedNormal_LOD5.uexp" 2065
"C:/Users/Xande/Documents/GitHub/DMM_Vertical_Slice/Content/DavidsMightyMen/Characters/Enemy_grunt_export/Sk_Character2/Face/Baked/T_Head_LOD5to7_BC.ubulk" 2066
"C:/Users/Xande/Documents/GitHub/DMM_Vertical_Slice/Content/DavidsMightyMen/Characters/Enemy_grunt_export/Sk_Character2/Face/Baked/T_Head_LOD5to7_BC.uasset" 2067
"C:/Users/Xande/Documents/GitHub/DMM_Vertical_Slice/Content/DavidsMightyMen/Characters/Enemy_grunt_export/Sk_Character2/Face/Baked/T_Head_LOD5to7_BC.uexp" 2068
"C:/Users/Xande/Documents/GitHub/DMM_Vertical_Slice/Content/DavidsMightyMen/Characters/Enemy_grunt_export/Sk_Character2/Face/Baked/T_Head_LOD5to7_N.ubulk" 2069
"C:/Users/Xande/Documents/GitHub/DMM_Vertical_Slice/Content/DavidsMightyMen/Characters/Enemy_grunt_export/Sk_Character2/Face/Baked/T_Head_LOD5to7_N.uasset" 2070
"C:/Users/Xande/Documents/GitHub/DMM_Vertical_Slice/Content/DavidsMightyMen/Characters/Enemy_grunt_export/Sk_Character2/Face/Baked/T_Head_LOD5to7_N.uexp" 2071
"C:/Users/Xande/Documents/GitHub/DMM_Vertical_Slice/Content/DavidsMightyMen/Characters/Enemy_grunt_export/Sk_Character2/Face/Baked/T_Head_LOD5to7_Scatter.ubulk" 2072
"C:/Users/Xande/Documents/GitHub/DMM_Vertical_Slice/Content/DavidsMightyMen/Characters/Enemy_grunt_export/Sk_Character2/Face/Baked/T_Head_LOD5to7_Scatter.uasset" 2073
"C:/Users/Xande/Documents/GitHub/DMM_Vertical_Slice/Content/DavidsMightyMen/Characters/Enemy_grunt_export/Sk_Character2/Face/Baked/T_Head_LOD5to7_Scatter.uexp" 2074
"C:/Users/Xande/Documents/GitHub/DMM_Vertical_Slice/Content/DavidsMightyMen/Characters/Enemy_grunt_export/Sk_Character2/Face/Baked/T_Head_LOD5to7_SRMF.ubulk" 2075
"C:/Users/Xande/Documents/GitHub/DMM_Vertical_Slice/Content/DavidsMightyMen/Characters/Enemy_grunt_export/Sk_Character2/Face/Baked/T_Head_LOD5to7_SRMF.uasset" 2076
"C:/Users/Xande/Documents/GitHub/DMM_Vertical_Slice/Content/DavidsMightyMen/Characters/Enemy_grunt_export/Sk_Character2/Face/Baked/T_Head_LOD5to7_SRMF.uexp" 2077
"C:/Users/Xande/Documents/GitHub/DMM_Vertical_Slice/Content/DavidsMightyMen/Characters/Enemy_grunt_export/Sk_Character2/Face/Materials/MI_Face_Skin_Baked_LOD5to7.uasset" 2078
"C:/Users/Xande/Documents/GitHub/DMM_Vertical_Slice/Content/DavidsMightyMen/Characters/Enemy_grunt_export/Sk_Character2/Face/Materials/MI_Face_Skin_Baked_LOD5to7.uexp" 2079
"C:/Users/Xande/Documents/GitHub/DMM_Vertical_Slice/Content/DavidsMightyMen/Characters/Enemy_grunt_export/MetaHumans/Common/Lookdev_UHM/Eye/Textures/T_lacrimal_N.ubulk" 2080
"C:/Users/Xande/Documents/GitHub/DMM_Vertical_Slice/Content/DavidsMightyMen/Characters/Enemy_grunt_export/MetaHumans/Common/Lookdev_UHM/Eye/Textures/T_lacrimal_N.uasset" 2081
"C:/Users/Xande/Documents/GitHub/DMM_Vertical_Slice/Content/DavidsMightyMen/Characters/Enemy_grunt_export/MetaHumans/Common/Lookdev_UHM/Eye/Textures/T_lacrimal_N.uexp" 2082
"C:/Users/Xande/Documents/GitHub/DMM_Vertical_Slice/Content/DavidsMightyMen/Characters/Enemy_grunt_export/MetaHumans/Common/Lookdev_UHM/Eye/Materials/M_eye_lacrimal_fluid_unified.uasset" 2083
"C:/Users/Xande/Documents/GitHub/DMM_Vertical_Slice/Content/DavidsMightyMen/Characters/Enemy_grunt_export/MetaHumans/Common/Lookdev_UHM/Eye/Materials/M_eye_lacrimal_fluid_unified.uexp" 2084
"C:/Users/Xande/Documents/GitHub/DMM_Vertical_Slice/Content/DavidsMightyMen/Characters/Enemy_grunt_export/MetaHumans/Common/Lookdev_UHM/Eye/Materials/MI_eye_lacrimal_fluid_unified.uasset" 2085
"C:/Users/Xande/Documents/GitHub/DMM_Vertical_Slice/Content/DavidsMightyMen/Characters/Enemy_grunt_export/MetaHumans/Common/Lookdev_UHM/Eye/Materials/MI_eye_lacrimal_fluid_unified.uexp" 2086
"C:/Users/Xande/Documents/GitHub/DMM_Vertical_Slice/Content/DavidsMightyMen/Characters/Enemy_grunt_export/Sk_Character2/Face/Materials/MI_Face_LacrimalFluid.uasset" 2087
"C:/Users/Xande/Documents/GitHub/DMM_Vertical_Slice/Content/DavidsMightyMen/Characters/Enemy_grunt_export/Sk_Character2/Face/Materials/MI_Face_LacrimalFluid.uexp" 2088
"C:/Users/Xande/Documents/GitHub/DMM_Vertical_Slice/Content/DavidsMightyMen/Characters/Enemy_grunt_export/MetaHumans/Common/Lookdev_UHM/Eye/Materials/M_eye_occlusion_unified.uasset" 2089
"C:/Users/Xande/Documents/GitHub/DMM_Vertical_Slice/Content/DavidsMightyMen/Characters/Enemy_grunt_export/MetaHumans/Common/Lookdev_UHM/Eye/Materials/M_eye_occlusion_unified.uexp" 2090
"C:/Users/Xande/Documents/GitHub/DMM_Vertical_Slice/Content/DavidsMightyMen/Characters/Enemy_grunt_export/MetaHumans/Common/Lookdev_UHM/Eye/Materials/MI_eye_occlusion_unified.uasset" 2091
"C:/Users/Xande/Documents/GitHub/DMM_Vertical_Slice/Content/DavidsMightyMen/Characters/Enemy_grunt_export/MetaHumans/Common/Lookdev_UHM/Eye/Materials/MI_eye_occlusion_unified.uexp" 2092
"C:/Users/Xande/Documents/GitHub/DMM_Vertical_Slice/Content/DavidsMightyMen/Characters/Enemy_grunt_export/Sk_Character2/Face/Materials/MI_Face_EyeShell.uasset" 2093
"C:/Users/Xande/Documents/GitHub/DMM_Vertical_Slice/Content/DavidsMightyMen/Characters/Enemy_grunt_export/Sk_Character2/Face/Materials/MI_Face_EyeShell.uexp" 2094
"C:/Users/Xande/Documents/GitHub/DMM_Vertical_Slice/Content/DavidsMightyMen/Characters/Enemy_grunt_export/MetaHumans/Common/Textures/Eyelashes/T_Eyelashes_S_Sparse_Coverage.ubulk" 2095
"C:/Users/Xande/Documents/GitHub/DMM_Vertical_Slice/Content/DavidsMightyMen/Characters/Enemy_grunt_export/MetaHumans/Common/Textures/Eyelashes/T_Eyelashes_S_Sparse_Coverage.uasset" 2096
"C:/Users/Xande/Documents/GitHub/DMM_Vertical_Slice/Content/DavidsMightyMen/Characters/Enemy_grunt_export/MetaHumans/Common/Textures/Eyelashes/T_Eyelashes_S_Sparse_Coverage.uexp" 2097
"C:/Users/Xande/Documents/GitHub/DMM_Vertical_Slice/Content/DavidsMightyMen/Characters/Enemy_grunt_export/MetaHumans/Common/Materials/T_Black_Linear.uasset" 2098
"C:/Users/Xande/Documents/GitHub/DMM_Vertical_Slice/Content/DavidsMightyMen/Characters/Enemy_grunt_export/MetaHumans/Common/Materials/T_Black_Linear.uexp" 2099
"C:/Users/Xande/Documents/GitHub/DMM_Vertical_Slice/Content/DavidsMightyMen/Characters/Enemy_grunt_export/MetaHumans/Common/Materials/MF_RGB2YCbCr.uasset" 2100
"C:/Users/Xande/Documents/GitHub/DMM_Vertical_Slice/Content/DavidsMightyMen/Characters/Enemy_grunt_export/MetaHumans/Common/Materials/MF_RGB2YCbCr.uexp" 2101
"C:/Users/Xande/Documents/GitHub/DMM_Vertical_Slice/Content/DavidsMightyMen/Characters/Enemy_grunt_export/MetaHumans/Common/Materials/MF_YCbCr2RGB.uasset" 2102
"C:/Users/Xande/Documents/GitHub/DMM_Vertical_Slice/Content/DavidsMightyMen/Characters/Enemy_grunt_export/MetaHumans/Common/Materials/MF_YCbCr2RGB.uexp" 2103
"C:/Users/Xande/Documents/GitHub/DMM_Vertical_Slice/Content/DavidsMightyMen/Characters/Enemy_grunt_export/MetaHumans/Common/Materials/MF_YCbCrAdjustments_BoostRedness.uasset" 2104
"C:/Users/Xande/Documents/GitHub/DMM_Vertical_Slice/Content/DavidsMightyMen/Characters/Enemy_grunt_export/MetaHumans/Common/Materials/MF_YCbCrAdjustments_BoostRedness.uexp" 2105
"C:/Users/Xande/Documents/GitHub/DMM_Vertical_Slice/Content/DavidsMightyMen/Characters/Enemy_grunt_export/MetaHumans/Common/Materials/MF_RedHairBoost.uasset" 2106
"C:/Users/Xande/Documents/GitHub/DMM_Vertical_Slice/Content/DavidsMightyMen/Characters/Enemy_grunt_export/MetaHumans/Common/Materials/MF_RedHairBoost.uexp" 2107
"C:/Users/Xande/Documents/GitHub/DMM_Vertical_Slice/Content/DavidsMightyMen/Characters/Enemy_grunt_export/MetaHumans/Common/Materials/M_Eyelashes_Cards.uasset" 2108
"C:/Users/Xande/Documents/GitHub/DMM_Vertical_Slice/Content/DavidsMightyMen/Characters/Enemy_grunt_export/MetaHumans/Common/Materials/M_Eyelashes_Cards.uexp" 2109
"C:/Users/Xande/Documents/GitHub/DMM_Vertical_Slice/Content/DavidsMightyMen/Characters/Enemy_grunt_export/MetaHumans/Common/Materials/MI_Eyelashes_HigherLODs.uasset" 2110
"C:/Users/Xande/Documents/GitHub/DMM_Vertical_Slice/Content/DavidsMightyMen/Characters/Enemy_grunt_export/MetaHumans/Common/Materials/MI_Eyelashes_HigherLODs.uexp" 2111
"C:/Users/Xande/Documents/GitHub/DMM_Vertical_Slice/Content/DavidsMightyMen/Characters/Enemy_grunt_export/Sk_Character2/Face/Materials/MI_Face_EyelashesHiLODs.uasset" 2112
"C:/Users/Xande/Documents/GitHub/DMM_Vertical_Slice/Content/DavidsMightyMen/Characters/Enemy_grunt_export/Sk_Character2/Face/Materials/MI_Face_EyelashesHiLODs.uexp" 2113
"C:/Users/Xande/Documents/GitHub/DMM_Vertical_Slice/Content/DavidsMightyMen/Characters/Enemy_grunt_export/MetaHumans/Common/Materials/MI_Eyelashes_LowerLODs.uasset" 2114
"C:/Users/Xande/Documents/GitHub/DMM_Vertical_Slice/Content/DavidsMightyMen/Characters/Enemy_grunt_export/MetaHumans/Common/Materials/MI_Eyelashes_LowerLODs.uexp" 2115
"C:/Users/Xande/Documents/GitHub/DMM_Vertical_Slice/Content/DavidsMightyMen/Characters/Enemy_grunt_export/Sk_Character2/Face/Materials/MI_Face_Eyelashes.uasset" 2116
"C:/Users/Xande/Documents/GitHub/DMM_Vertical_Slice/Content/DavidsMightyMen/Characters/Enemy_grunt_export/Sk_Character2/Face/Materials/MI_Face_Eyelashes.uexp" 2117
"C:/Users/Xande/Documents/GitHub/DMM_Vertical_Slice/Content/DavidsMightyMen/Characters/Enemy_grunt_export/MetaHumans/Common/Lookdev_UHM/Eye/Textures/Iris/T_iris_I_N.ubulk" 2118
"C:/Users/Xande/Documents/GitHub/DMM_Vertical_Slice/Content/DavidsMightyMen/Characters/Enemy_grunt_export/MetaHumans/Common/Lookdev_UHM/Eye/Textures/Iris/T_iris_I_N.uasset" 2119
"C:/Users/Xande/Documents/GitHub/DMM_Vertical_Slice/Content/DavidsMightyMen/Characters/Enemy_grunt_export/MetaHumans/Common/Lookdev_UHM/Eye/Textures/Iris/T_iris_I_N.uexp" 2120
"C:/Users/Xande/Documents/GitHub/DMM_Vertical_Slice/Content/DavidsMightyMen/Characters/Enemy_grunt_export/MetaHumans/Common/Lookdev_UHM/Eye/Textures/Iris/T_Iris_I_M.ubulk" 2121
"C:/Users/Xande/Documents/GitHub/DMM_Vertical_Slice/Content/DavidsMightyMen/Characters/Enemy_grunt_export/MetaHumans/Common/Lookdev_UHM/Eye/Textures/Iris/T_Iris_I_M.uasset" 2122
"C:/Users/Xande/Documents/GitHub/DMM_Vertical_Slice/Content/DavidsMightyMen/Characters/Enemy_grunt_export/MetaHumans/Common/Lookdev_UHM/Eye/Textures/Iris/T_Iris_I_M.uexp" 2123
"C:/Users/Xande/Documents/GitHub/DMM_Vertical_Slice/Content/DavidsMightyMen/Characters/Enemy_grunt_export/MetaHumans/Common/Lookdev_UHM/Eye/Materials/SSP_eye_unified.uasset" 2124
"C:/Users/Xande/Documents/GitHub/DMM_Vertical_Slice/Content/DavidsMightyMen/Characters/Enemy_grunt_export/MetaHumans/Common/Lookdev_UHM/Eye/Materials/SSP_eye_unified.uexp" 2125
"C:/Users/Xande/Documents/GitHub/DMM_Vertical_Slice/Content/DavidsMightyMen/Characters/Enemy_grunt_export/MetaHumans/Common/Lookdev_UHM/Eye/Textures/T_Veins_D.ubulk" 2126
"C:/Users/Xande/Documents/GitHub/DMM_Vertical_Slice/Content/DavidsMightyMen/Characters/Enemy_grunt_export/MetaHumans/Common/Lookdev_UHM/Eye/Textures/T_Veins_D.uasset" 2127
"C:/Users/Xande/Documents/GitHub/DMM_Vertical_Slice/Content/DavidsMightyMen/Characters/Enemy_grunt_export/MetaHumans/Common/Lookdev_UHM/Eye/Textures/T_Veins_D.uexp" 2128
"C:/Users/Xande/Documents/GitHub/DMM_Vertical_Slice/Content/DavidsMightyMen/Characters/Enemy_grunt_export/MetaHumans/Common/Lookdev_UHM/Eye/Textures/T_Shared_Eye_AO.ubulk" 2129
"C:/Users/Xande/Documents/GitHub/DMM_Vertical_Slice/Content/DavidsMightyMen/Characters/Enemy_grunt_export/MetaHumans/Common/Lookdev_UHM/Eye/Textures/T_Shared_Eye_AO.uasset" 2130
"C:/Users/Xande/Documents/GitHub/DMM_Vertical_Slice/Content/DavidsMightyMen/Characters/Enemy_grunt_export/MetaHumans/Common/Lookdev_UHM/Eye/Textures/T_Shared_Eye_AO.uexp" 2131
"C:/Users/Xande/Documents/GitHub/DMM_Vertical_Slice/Content/DavidsMightyMen/Characters/Enemy_grunt_export/MetaHumans/Common/Lookdev_UHM/Eye/Textures/T_iris_color_picker.ubulk" 2132
"C:/Users/Xande/Documents/GitHub/DMM_Vertical_Slice/Content/DavidsMightyMen/Characters/Enemy_grunt_export/MetaHumans/Common/Lookdev_UHM/Eye/Textures/T_iris_color_picker.uasset" 2133
"C:/Users/Xande/Documents/GitHub/DMM_Vertical_Slice/Content/DavidsMightyMen/Characters/Enemy_grunt_export/MetaHumans/Common/Lookdev_UHM/Eye/Textures/T_iris_color_picker.uexp" 2134
"C:/Users/Xande/Documents/GitHub/DMM_Vertical_Slice/Content/DavidsMightyMen/Characters/Enemy_grunt_export/MetaHumans/Common/Lookdev_UHM/Eye/Textures/T_Iris001_01_D.ubulk" 2135
"C:/Users/Xande/Documents/GitHub/DMM_Vertical_Slice/Content/DavidsMightyMen/Characters/Enemy_grunt_export/MetaHumans/Common/Lookdev_UHM/Eye/Textures/T_Iris001_01_D.uasset" 2136
"C:/Users/Xande/Documents/GitHub/DMM_Vertical_Slice/Content/DavidsMightyMen/Characters/Enemy_grunt_export/MetaHumans/Common/Lookdev_UHM/Eye/Textures/T_Iris001_01_D.uexp" 2137
"C:/Users/Xande/Documents/GitHub/DMM_Vertical_Slice/Content/DavidsMightyMen/Characters/Enemy_grunt_export/MetaHumans/Common/Lookdev_UHM/Eye/Textures/T_Eye_N.ubulk" 2138
"C:/Users/Xande/Documents/GitHub/DMM_Vertical_Slice/Content/DavidsMightyMen/Characters/Enemy_grunt_export/MetaHumans/Common/Lookdev_UHM/Eye/Textures/T_Eye_N.uasset" 2139
"C:/Users/Xande/Documents/GitHub/DMM_Vertical_Slice/Content/DavidsMightyMen/Characters/Enemy_grunt_export/MetaHumans/Common/Lookdev_UHM/Eye/Textures/T_Eye_N.uexp" 2140
"C:/Users/Xande/Documents/GitHub/DMM_Vertical_Slice/Content/DavidsMightyMen/Characters/Enemy_grunt_export/MetaHumans/Common/Lookdev_UHM/Eye/Textures/T_EyeSclera_N.ubulk" 2141
"C:/Users/Xande/Documents/GitHub/DMM_Vertical_Slice/Content/DavidsMightyMen/Characters/Enemy_grunt_export/MetaHumans/Common/Lookdev_UHM/Eye/Textures/T_EyeSclera_N.uasset" 2142
"C:/Users/Xande/Documents/GitHub/DMM_Vertical_Slice/Content/DavidsMightyMen/Characters/Enemy_grunt_export/MetaHumans/Common/Lookdev_UHM/Eye/Textures/T_EyeSclera_N.uexp" 2143
"C:/Users/Xande/Documents/GitHub/DMM_Vertical_Slice/Content/DavidsMightyMen/Characters/Enemy_grunt_export/MetaHumans/Common/Lookdev_UHM/Eye/Textures/T_EyeSclera_D.ubulk" 2144
"C:/Users/Xande/Documents/GitHub/DMM_Vertical_Slice/Content/DavidsMightyMen/Characters/Enemy_grunt_export/MetaHumans/Common/Lookdev_UHM/Eye/Textures/T_EyeSclera_D.uasset" 2145
"C:/Users/Xande/Documents/GitHub/DMM_Vertical_Slice/Content/DavidsMightyMen/Characters/Enemy_grunt_export/MetaHumans/Common/Lookdev_UHM/Eye/Textures/T_EyeSclera_D.uexp" 2146
"C:/Users/Xande/Documents/GitHub/DMM_Vertical_Slice/Content/DavidsMightyMen/Characters/Enemy_grunt_export/MetaHumans/Common/Lookdev_UHM/Eye/Textures/T_EyeMidPlaneDisplacement.ubulk" 2147
"C:/Users/Xande/Documents/GitHub/DMM_Vertical_Slice/Content/DavidsMightyMen/Characters/Enemy_grunt_export/MetaHumans/Common/Lookdev_UHM/Eye/Textures/T_EyeMidPlaneDisplacement.uasset" 2148
"C:/Users/Xande/Documents/GitHub/DMM_Vertical_Slice/Content/DavidsMightyMen/Characters/Enemy_grunt_export/MetaHumans/Common/Lookdev_UHM/Eye/Textures/T_EyeMidPlaneDisplacement.uexp" 2149
"C:/Users/Xande/Documents/GitHub/DMM_Vertical_Slice/Content/DavidsMightyMen/Characters/Enemy_grunt_export/MetaHumans/Common/Lookdev_UHM/Eye/Textures/T_EV_DustPanner_01.ubulk" 2150
"C:/Users/Xande/Documents/GitHub/DMM_Vertical_Slice/Content/DavidsMightyMen/Characters/Enemy_grunt_export/MetaHumans/Common/Lookdev_UHM/Eye/Textures/T_EV_DustPanner_01.uasset" 2151
"C:/Users/Xande/Documents/GitHub/DMM_Vertical_Slice/Content/DavidsMightyMen/Characters/Enemy_grunt_export/MetaHumans/Common/Lookdev_UHM/Eye/Textures/T_EV_DustPanner_01.uexp" 2152
"C:/Users/Xande/Documents/GitHub/DMM_Vertical_Slice/Content/DavidsMightyMen/Characters/Enemy_grunt_export/MetaHumans/Common/Lookdev_UHM/Eye/Textures/T_Base_Tile_DetailNormal.ubulk" 2153
"C:/Users/Xande/Documents/GitHub/DMM_Vertical_Slice/Content/DavidsMightyMen/Characters/Enemy_grunt_export/MetaHumans/Common/Lookdev_UHM/Eye/Textures/T_Base_Tile_DetailNormal.uasset" 2154
"C:/Users/Xande/Documents/GitHub/DMM_Vertical_Slice/Content/DavidsMightyMen/Characters/Enemy_grunt_export/MetaHumans/Common/Lookdev_UHM/Eye/Textures/T_Base_Tile_DetailNormal.uexp" 2155
"C:/Users/Xande/Documents/GitHub/DMM_Vertical_Slice/Content/DavidsMightyMen/Characters/Enemy_grunt_export/MetaHumans/Common/Lookdev_UHM/Eye/Textures/T_alice_sun_painted.uasset" 2156
"C:/Users/Xande/Documents/GitHub/DMM_Vertical_Slice/Content/DavidsMightyMen/Characters/Enemy_grunt_export/MetaHumans/Common/Lookdev_UHM/Eye/Textures/T_alice_sun_painted.uexp" 2157
"C:/Users/Xande/Documents/GitHub/DMM_Vertical_Slice/Content/DavidsMightyMen/Characters/Enemy_grunt_export/MetaHumans/Common/Lookdev_UHM/Eye/Textures/Iris/T_iris_H_N.ubulk" 2158
"C:/Users/Xande/Documents/GitHub/DMM_Vertical_Slice/Content/DavidsMightyMen/Characters/Enemy_grunt_export/MetaHumans/Common/Lookdev_UHM/Eye/Textures/Iris/T_iris_H_N.uasset" 2159
"C:/Users/Xande/Documents/GitHub/DMM_Vertical_Slice/Content/DavidsMightyMen/Characters/Enemy_grunt_export/MetaHumans/Common/Lookdev_UHM/Eye/Textures/Iris/T_iris_H_N.uexp" 2160
"C:/Users/Xande/Documents/GitHub/DMM_Vertical_Slice/Content/DavidsMightyMen/Characters/Enemy_grunt_export/MetaHumans/Common/Lookdev_UHM/Eye/Textures/Iris/T_Iris_H_M.ubulk" 2161
"C:/Users/Xande/Documents/GitHub/DMM_Vertical_Slice/Content/DavidsMightyMen/Characters/Enemy_grunt_export/MetaHumans/Common/Lookdev_UHM/Eye/Textures/Iris/T_Iris_H_M.uasset" 2162
"C:/Users/Xande/Documents/GitHub/DMM_Vertical_Slice/Content/DavidsMightyMen/Characters/Enemy_grunt_export/MetaHumans/Common/Lookdev_UHM/Eye/Textures/Iris/T_Iris_H_M.uexp" 2163
"C:/Users/Xande/Documents/GitHub/DMM_Vertical_Slice/Content/DavidsMightyMen/Characters/Enemy_grunt_export/MetaHumans/Common/Lookdev_UHM/Eye/Textures/Iris/feather_N.ubulk" 2164
"C:/Users/Xande/Documents/GitHub/DMM_Vertical_Slice/Content/DavidsMightyMen/Characters/Enemy_grunt_export/MetaHumans/Common/Lookdev_UHM/Eye/Textures/Iris/feather_N.uasset" 2165
"C:/Users/Xande/Documents/GitHub/DMM_Vertical_Slice/Content/DavidsMightyMen/Characters/Enemy_grunt_export/MetaHumans/Common/Lookdev_UHM/Eye/Textures/Iris/feather_N.uexp" 2166
"C:/Users/Xande/Documents/GitHub/DMM_Vertical_Slice/Content/DavidsMightyMen/Characters/Enemy_grunt_export/MetaHumans/Common/Lookdev_UHM/Eye/Material_Functions/MF_refractedUVs.uasset" 2167
"C:/Users/Xande/Documents/GitHub/DMM_Vertical_Slice/Content/DavidsMightyMen/Characters/Enemy_grunt_export/MetaHumans/Common/Lookdev_UHM/Eye/Material_Functions/MF_refractedUVs.uexp" 2168
"C:/Users/Xande/Documents/GitHub/DMM_Vertical_Slice/Content/DavidsMightyMen/Characters/Enemy_grunt_export/MetaHumans/Common/Lookdev_UHM/Eye/Material_Functions/MF_pupilScale.uasset" 2169
"C:/Users/Xande/Documents/GitHub/DMM_Vertical_Slice/Content/DavidsMightyMen/Characters/Enemy_grunt_export/MetaHumans/Common/Lookdev_UHM/Eye/Material_Functions/MF_pupilScale.uexp" 2170
"C:/Users/Xande/Documents/GitHub/DMM_Vertical_Slice/Content/DavidsMightyMen/Characters/Enemy_grunt_export/MetaHumans/Common/Lookdev_UHM/Eye/Material_Functions/MF_customIris.uasset" 2171
"C:/Users/Xande/Documents/GitHub/DMM_Vertical_Slice/Content/DavidsMightyMen/Characters/Enemy_grunt_export/MetaHumans/Common/Lookdev_UHM/Eye/Material_Functions/MF_customIris.uexp" 2172
"C:/Users/Xande/Documents/GitHub/DMM_Vertical_Slice/Content/DavidsMightyMen/Characters/Enemy_grunt_export/MetaHumans/Common/Lookdev_UHM/Eye/Material_Functions/MF_circularMask.uasset" 2173
"C:/Users/Xande/Documents/GitHub/DMM_Vertical_Slice/Content/DavidsMightyMen/Characters/Enemy_grunt_export/MetaHumans/Common/Lookdev_UHM/Eye/Material_Functions/MF_circularMask.uexp" 2174
"C:/Users/Xande/Documents/GitHub/DMM_Vertical_Slice/Content/DavidsMightyMen/Characters/Enemy_grunt_export/MetaHumans/Common/Lookdev_UHM/Common/Textures/T_TilingNoise_001.ubulk" 2175
"C:/Users/Xande/Documents/GitHub/DMM_Vertical_Slice/Content/DavidsMightyMen/Characters/Enemy_grunt_export/MetaHumans/Common/Lookdev_UHM/Common/Textures/T_TilingNoise_001.uasset" 2176
"C:/Users/Xande/Documents/GitHub/DMM_Vertical_Slice/Content/DavidsMightyMen/Characters/Enemy_grunt_export/MetaHumans/Common/Lookdev_UHM/Common/Textures/T_TilingNoise_001.uexp" 2177
"C:/Users/Xande/Documents/GitHub/DMM_Vertical_Slice/Content/DavidsMightyMen/Characters/Enemy_grunt_export/MetaHumans/Common/Lookdev_UHM/Common/Material_Functions/MF_normalRotator.uasset" 2178
"C:/Users/Xande/Documents/GitHub/DMM_Vertical_Slice/Content/DavidsMightyMen/Characters/Enemy_grunt_export/MetaHumans/Common/Lookdev_UHM/Common/Material_Functions/MF_normalRotator.uexp" 2179
"C:/Users/Xande/Documents/GitHub/DMM_Vertical_Slice/Content/DavidsMightyMen/Characters/Enemy_grunt_export/MetaHumans/Common/Lookdev_UHM/Eye/Materials/M_eye_eyeball_unified.uasset" 2180
"C:/Users/Xande/Documents/GitHub/DMM_Vertical_Slice/Content/DavidsMightyMen/Characters/Enemy_grunt_export/MetaHumans/Common/Lookdev_UHM/Eye/Materials/M_eye_eyeball_unified.uexp" 2181
"C:/Users/Xande/Documents/GitHub/DMM_Vertical_Slice/Content/DavidsMightyMen/Characters/Enemy_grunt_export/MetaHumans/Common/Lookdev_UHM/Eye/Materials/MI_eye_eyeball_unified_MH_preset_left.uasset" 2182
"C:/Users/Xande/Documents/GitHub/DMM_Vertical_Slice/Content/DavidsMightyMen/Characters/Enemy_grunt_export/MetaHumans/Common/Lookdev_UHM/Eye/Materials/MI_eye_eyeball_unified_MH_preset_left.uexp" 2183
"C:/Users/Xande/Documents/GitHub/DMM_Vertical_Slice/Content/DavidsMightyMen/Characters/Enemy_grunt_export/MetaHumans/Common/Lookdev_UHM/Eye/Materials/Baked/MI_EyeL_Baked.uasset" 2184
"C:/Users/Xande/Documents/GitHub/DMM_Vertical_Slice/Content/DavidsMightyMen/Characters/Enemy_grunt_export/MetaHumans/Common/Lookdev_UHM/Eye/Materials/Baked/MI_EyeL_Baked.uexp" 2185
"C:/Users/Xande/Documents/GitHub/DMM_Vertical_Slice/Content/DavidsMightyMen/Characters/Enemy_grunt_export/Sk_Character2/Face/Baked/T_EyeIrisR_BC.ubulk" 2186
"C:/Users/Xande/Documents/GitHub/DMM_Vertical_Slice/Content/DavidsMightyMen/Characters/Enemy_grunt_export/Sk_Character2/Face/Baked/T_EyeIrisR_BC.uasset" 2187
"C:/Users/Xande/Documents/GitHub/DMM_Vertical_Slice/Content/DavidsMightyMen/Characters/Enemy_grunt_export/Sk_Character2/Face/Baked/T_EyeIrisR_BC.uexp" 2188
"C:/Users/Xande/Documents/GitHub/DMM_Vertical_Slice/Content/DavidsMightyMen/Characters/Enemy_grunt_export/Sk_Character2/Face/Baked/T_EyeIrisR_N.ubulk" 2189
"C:/Users/Xande/Documents/GitHub/DMM_Vertical_Slice/Content/DavidsMightyMen/Characters/Enemy_grunt_export/Sk_Character2/Face/Baked/T_EyeIrisR_N.uasset" 2190
"C:/Users/Xande/Documents/GitHub/DMM_Vertical_Slice/Content/DavidsMightyMen/Characters/Enemy_grunt_export/Sk_Character2/Face/Baked/T_EyeIrisR_N.uexp" 2191
"C:/Users/Xande/Documents/GitHub/DMM_Vertical_Slice/Content/DavidsMightyMen/Characters/Enemy_grunt_export/Sk_Character2/Face/Baked/T_EyeScleraR_BC.ubulk" 2192
"C:/Users/Xande/Documents/GitHub/DMM_Vertical_Slice/Content/DavidsMightyMen/Characters/Enemy_grunt_export/Sk_Character2/Face/Baked/T_EyeScleraR_BC.uasset" 2193
"C:/Users/Xande/Documents/GitHub/DMM_Vertical_Slice/Content/DavidsMightyMen/Characters/Enemy_grunt_export/Sk_Character2/Face/Baked/T_EyeScleraR_BC.uexp" 2194
"C:/Users/Xande/Documents/GitHub/DMM_Vertical_Slice/Content/DavidsMightyMen/Characters/Enemy_grunt_export/Sk_Character2/Face/Baked/T_EyeScleraR_N.ubulk" 2195
"C:/Users/Xande/Documents/GitHub/DMM_Vertical_Slice/Content/DavidsMightyMen/Characters/Enemy_grunt_export/Sk_Character2/Face/Baked/T_EyeScleraR_N.uasset" 2196
"C:/Users/Xande/Documents/GitHub/DMM_Vertical_Slice/Content/DavidsMightyMen/Characters/Enemy_grunt_export/Sk_Character2/Face/Baked/T_EyeScleraR_N.uexp" 2197
"C:/Users/Xande/Documents/GitHub/DMM_Vertical_Slice/Content/DavidsMightyMen/Characters/Enemy_grunt_export/Sk_Character2/Face/Materials/MI_EyeR_Baked.uasset" 2198
"C:/Users/Xande/Documents/GitHub/DMM_Vertical_Slice/Content/DavidsMightyMen/Characters/Enemy_grunt_export/Sk_Character2/Face/Materials/MI_EyeR_Baked.uexp" 2199
"C:/Users/Xande/Documents/GitHub/DMM_Vertical_Slice/Content/DavidsMightyMen/Characters/Enemy_grunt_export/Sk_Character2/Face/Baked/T_EyeIrisL_BC.ubulk" 2200
"C:/Users/Xande/Documents/GitHub/DMM_Vertical_Slice/Content/DavidsMightyMen/Characters/Enemy_grunt_export/Sk_Character2/Face/Baked/T_EyeIrisL_BC.uasset" 2201
"C:/Users/Xande/Documents/GitHub/DMM_Vertical_Slice/Content/DavidsMightyMen/Characters/Enemy_grunt_export/Sk_Character2/Face/Baked/T_EyeIrisL_BC.uexp" 2202
"C:/Users/Xande/Documents/GitHub/DMM_Vertical_Slice/Content/DavidsMightyMen/Characters/Enemy_grunt_export/Sk_Character2/Face/Baked/T_EyeIrisL_N.ubulk" 2203
"C:/Users/Xande/Documents/GitHub/DMM_Vertical_Slice/Content/DavidsMightyMen/Characters/Enemy_grunt_export/Sk_Character2/Face/Baked/T_EyeIrisL_N.uasset" 2204
"C:/Users/Xande/Documents/GitHub/DMM_Vertical_Slice/Content/DavidsMightyMen/Characters/Enemy_grunt_export/Sk_Character2/Face/Baked/T_EyeIrisL_N.uexp" 2205
"C:/Users/Xande/Documents/GitHub/DMM_Vertical_Slice/Content/DavidsMightyMen/Characters/Enemy_grunt_export/Sk_Character2/Face/Baked/T_EyeScleraL_BC.ubulk" 2206
"C:/Users/Xande/Documents/GitHub/DMM_Vertical_Slice/Content/DavidsMightyMen/Characters/Enemy_grunt_export/Sk_Character2/Face/Baked/T_EyeScleraL_BC.uasset" 2207
"C:/Users/Xande/Documents/GitHub/DMM_Vertical_Slice/Content/DavidsMightyMen/Characters/Enemy_grunt_export/Sk_Character2/Face/Baked/T_EyeScleraL_BC.uexp" 2208
"C:/Users/Xande/Documents/GitHub/DMM_Vertical_Slice/Content/DavidsMightyMen/Characters/Enemy_grunt_export/Sk_Character2/Face/Baked/T_EyeScleraL_N.ubulk" 2209
"C:/Users/Xande/Documents/GitHub/DMM_Vertical_Slice/Content/DavidsMightyMen/Characters/Enemy_grunt_export/Sk_Character2/Face/Baked/T_EyeScleraL_N.uasset" 2210
"C:/Users/Xande/Documents/GitHub/DMM_Vertical_Slice/Content/DavidsMightyMen/Characters/Enemy_grunt_export/Sk_Character2/Face/Baked/T_EyeScleraL_N.uexp" 2211
"C:/Users/Xande/Documents/GitHub/DMM_Vertical_Slice/Content/DavidsMightyMen/Characters/Enemy_grunt_export/Sk_Character2/Face/Materials/MI_EyeL_Baked.uasset" 2212
"C:/Users/Xande/Documents/GitHub/DMM_Vertical_Slice/Content/DavidsMightyMen/Characters/Enemy_grunt_export/Sk_Character2/Face/Materials/MI_EyeL_Baked.uexp" 2213
"C:/Users/Xande/Documents/GitHub/DMM_Vertical_Slice/Content/DavidsMightyMen/Characters/Enemy_grunt_export/MetaHumans/Common/Materials/M_Hide.uasset" 2214
"C:/Users/Xande/Documents/GitHub/DMM_Vertical_Slice/Content/DavidsMightyMen/Characters/Enemy_grunt_export/MetaHumans/Common/Materials/M_Hide.uexp" 2215
"C:/Users/Xande/Documents/GitHub/DMM_Vertical_Slice/Content/DavidsMightyMen/Characters/Enemy_grunt_export/MetaHumans/Common/Face/PHYS_Face.uasset" 2216
"C:/Users/Xande/Documents/GitHub/DMM_Vertical_Slice/Content/DavidsMightyMen/Characters/Enemy_grunt_export/MetaHumans/Common/Face/PHYS_Face.uexp" 2217
"C:/Users/Xande/Documents/GitHub/DMM_Vertical_Slice/Content/DavidsMightyMen/Characters/Enemy_grunt_export/MetaHumans/Common/Face/Face_Archetype_Skeleton.uasset" 2218
"C:/Users/Xande/Documents/GitHub/DMM_Vertical_Slice/Content/DavidsMightyMen/Characters/Enemy_grunt_export/MetaHumans/Common/Face/Face_Archetype_Skeleton.uexp" 2219
"C:/Users/Xande/Documents/GitHub/DMM_Vertical_Slice/Content/DavidsMightyMen/Characters/Enemy_grunt_export/MetaHumans/Common/Face/ABP_Face_PostProcess.uasset" 2220
"C:/Users/Xande/Documents/GitHub/DMM_Vertical_Slice/Content/DavidsMightyMen/Characters/Enemy_grunt_export/MetaHumans/Common/Face/ABP_Face_PostProcess.uexp" 2221
"C:/Users/Xande/Documents/GitHub/DMM_Vertical_Slice/Content/DavidsMightyMen/Characters/Enemy_grunt_export/Sk_Character2/Face/SKM_Sk_Character2_FaceMesh.uasset" 2222
"C:/Users/Xande/Documents/GitHub/DMM_Vertical_Slice/Content/DavidsMightyMen/Characters/Enemy_grunt_export/Sk_Character2/Face/SKM_Sk_Character2_FaceMesh.uexp" 2223
"C:/Users/Xande/Documents/GitHub/DMM_Vertical_Slice/Content/DavidsMightyMen/Audio/Voice_Lines/DMM_Sounds_and_VA/Grunt/Grunt_Hit/Grunt_Getting_Hit_1.ubulk" 2224
"C:/Users/Xande/Documents/GitHub/DMM_Vertical_Slice/Content/DavidsMightyMen/Audio/Voice_Lines/DMM_Sounds_and_VA/Grunt/Grunt_Hit/Grunt_Getting_Hit_1.uasset" 2225
"C:/Users/Xande/Documents/GitHub/DMM_Vertical_Slice/Content/DavidsMightyMen/Audio/Voice_Lines/DMM_Sounds_and_VA/Grunt/Grunt_Hit/Grunt_Getting_Hit_1.uexp" 2226
"C:/Users/Xande/Documents/GitHub/DMM_Vertical_Slice/Content/DavidsMightyMen/Audio/Voice_Lines/DMM_Sounds_and_VA/Grunt/Grunt_Hit/Grunt_Getting_Hit_2.ubulk" 2227
"C:/Users/Xande/Documents/GitHub/DMM_Vertical_Slice/Content/DavidsMightyMen/Audio/Voice_Lines/DMM_Sounds_and_VA/Grunt/Grunt_Hit/Grunt_Getting_Hit_2.uasset" 2228
"C:/Users/Xande/Documents/GitHub/DMM_Vertical_Slice/Content/DavidsMightyMen/Audio/Voice_Lines/DMM_Sounds_and_VA/Grunt/Grunt_Hit/Grunt_Getting_Hit_2.uexp" 2229
"C:/Users/Xande/Documents/GitHub/DMM_Vertical_Slice/Content/DavidsMightyMen/Audio/Voice_Lines/DMM_Sounds_and_VA/Grunt/Grunt_Hit/Grunt_Getting_Hit_3.ubulk" 2230
"C:/Users/Xande/Documents/GitHub/DMM_Vertical_Slice/Content/DavidsMightyMen/Audio/Voice_Lines/DMM_Sounds_and_VA/Grunt/Grunt_Hit/Grunt_Getting_Hit_3.uasset" 2231
"C:/Users/Xande/Documents/GitHub/DMM_Vertical_Slice/Content/DavidsMightyMen/Audio/Voice_Lines/DMM_Sounds_and_VA/Grunt/Grunt_Hit/Grunt_Getting_Hit_3.uexp" 2232
"C:/Users/Xande/Documents/GitHub/DMM_Vertical_Slice/Content/DavidsMightyMen/Audio/Voice_Lines/DMM_Sounds_and_VA/Grunt/Grunt_Hit/Grunt_Getting_Hit_4.ubulk" 2233
"C:/Users/Xande/Documents/GitHub/DMM_Vertical_Slice/Content/DavidsMightyMen/Audio/Voice_Lines/DMM_Sounds_and_VA/Grunt/Grunt_Hit/Grunt_Getting_Hit_4.uasset" 2234
"C:/Users/Xande/Documents/GitHub/DMM_Vertical_Slice/Content/DavidsMightyMen/Audio/Voice_Lines/DMM_Sounds_and_VA/Grunt/Grunt_Hit/Grunt_Getting_Hit_4.uexp" 2235
"C:/Users/Xande/Documents/GitHub/DMM_Vertical_Slice/Content/DavidsMightyMen/Audio/Voice_Lines/DMM_Sounds_and_VA/Grunt/Grunt_Hit/Grunt_Getting_Hit_5.ubulk" 2236
"C:/Users/Xande/Documents/GitHub/DMM_Vertical_Slice/Content/DavidsMightyMen/Audio/Voice_Lines/DMM_Sounds_and_VA/Grunt/Grunt_Hit/Grunt_Getting_Hit_5.uasset" 2237
"C:/Users/Xande/Documents/GitHub/DMM_Vertical_Slice/Content/DavidsMightyMen/Audio/Voice_Lines/DMM_Sounds_and_VA/Grunt/Grunt_Hit/Grunt_Getting_Hit_5.uexp" 2238
"C:/Users/Xande/Documents/GitHub/DMM_Vertical_Slice/Content/DavidsMightyMen/Audio/Voice_Lines/DMM_Sounds_and_VA/Grunt/Grunt_Hit/Grunt_Getting_Hit.uasset" 2239
"C:/Users/Xande/Documents/GitHub/DMM_Vertical_Slice/Content/DavidsMightyMen/Audio/Voice_Lines/DMM_Sounds_and_VA/Grunt/Grunt_Hit/Grunt_Getting_Hit.uexp" 2240
"C:/Users/Xande/Documents/GitHub/DMM_Vertical_Slice/Content/DavidsMightyMen/Audio/Voice_Lines/DMM_Sounds_and_VA/Grunt/Grunt_Death/Grunt_Death_1.ubulk" 2241
"C:/Users/Xande/Documents/GitHub/DMM_Vertical_Slice/Content/DavidsMightyMen/Audio/Voice_Lines/DMM_Sounds_and_VA/Grunt/Grunt_Death/Grunt_Death_1.uasset" 2242
"C:/Users/Xande/Documents/GitHub/DMM_Vertical_Slice/Content/DavidsMightyMen/Audio/Voice_Lines/DMM_Sounds_and_VA/Grunt/Grunt_Death/Grunt_Death_1.uexp" 2243
"C:/Users/Xande/Documents/GitHub/DMM_Vertical_Slice/Content/DavidsMightyMen/Audio/Voice_Lines/DMM_Sounds_and_VA/Grunt/Grunt_Death/Grunt_Death_2.ubulk" 2244
"C:/Users/Xande/Documents/GitHub/DMM_Vertical_Slice/Content/DavidsMightyMen/Audio/Voice_Lines/DMM_Sounds_and_VA/Grunt/Grunt_Death/Grunt_Death_2.uasset" 2245
"C:/Users/Xande/Documents/GitHub/DMM_Vertical_Slice/Content/DavidsMightyMen/Audio/Voice_Lines/DMM_Sounds_and_VA/Grunt/Grunt_Death/Grunt_Death_2.uexp" 2246
"C:/Users/Xande/Documents/GitHub/DMM_Vertical_Slice/Content/DavidsMightyMen/Audio/Voice_Lines/DMM_Sounds_and_VA/Grunt/Grunt_Death/Grunt_Death_3.ubulk" 2247
"C:/Users/Xande/Documents/GitHub/DMM_Vertical_Slice/Content/DavidsMightyMen/Audio/Voice_Lines/DMM_Sounds_and_VA/Grunt/Grunt_Death/Grunt_Death_3.uasset" 2248
"C:/Users/Xande/Documents/GitHub/DMM_Vertical_Slice/Content/DavidsMightyMen/Audio/Voice_Lines/DMM_Sounds_and_VA/Grunt/Grunt_Death/Grunt_Death_3.uexp" 2249
"C:/Users/Xande/Documents/GitHub/DMM_Vertical_Slice/Content/DavidsMightyMen/Audio/Voice_Lines/DMM_Sounds_and_VA/Grunt/Grunt_Death/Grunt_Death.uasset" 2250
"C:/Users/Xande/Documents/GitHub/DMM_Vertical_Slice/Content/DavidsMightyMen/Audio/Voice_Lines/DMM_Sounds_and_VA/Grunt/Grunt_Death/Grunt_Death.uexp" 2251
"C:/Users/Xande/Documents/GitHub/DMM_Vertical_Slice/Content/DavidsMightyMen/Core/Blueprints/Character_BPS/BP_Enemy_Grunt.uasset" 2252
"C:/Users/Xande/Documents/GitHub/DMM_Vertical_Slice/Content/DavidsMightyMen/Core/Blueprints/Character_BPS/BP_Enemy_Grunt.uexp" 2253
"C:/Users/Xande/Documents/GitHub/DMM_Vertical_Slice/Content/DavidsMightyMen/Core/Input/Actions/IA_MouseLook.uasset" 2254
"C:/Users/Xande/Documents/GitHub/DMM_Vertical_Slice/Content/DavidsMightyMen/Core/Input/Actions/IA_MouseLook.uexp" 2255
"C:/Users/Xande/Documents/GitHub/DMM_Vertical_Slice/Content/DavidsMightyMen/Core/Input/IMC_MouseLook.uasset" 2256
"C:/Users/Xande/Documents/GitHub/DMM_Vertical_Slice/Content/DavidsMightyMen/Core/Input/IMC_MouseLook.uexp" 2257
"C:/Users/Xande/Documents/GitHub/DMM_Vertical_Slice/Content/DavidsMightyMen/Core/Input/Actions/IA_StrongAttack.uasset" 2258
"C:/Users/Xande/Documents/GitHub/DMM_Vertical_Slice/Content/DavidsMightyMen/Core/Input/Actions/IA_StrongAttack.uexp" 2259
"C:/Users/Xande/Documents/GitHub/DMM_Vertical_Slice/Content/DavidsMightyMen/Core/Input/Actions/IA_Shield.uasset" 2260
"C:/Users/Xande/Documents/GitHub/DMM_Vertical_Slice/Content/DavidsMightyMen/Core/Input/Actions/IA_Shield.uexp" 2261
"C:/Users/Xande/Documents/GitHub/DMM_Vertical_Slice/Content/DavidsMightyMen/Core/Input/Actions/IA_QuickAttack.uasset" 2262
"C:/Users/Xande/Documents/GitHub/DMM_Vertical_Slice/Content/DavidsMightyMen/Core/Input/Actions/IA_QuickAttack.uexp" 2263
"C:/Users/Xande/Documents/GitHub/DMM_Vertical_Slice/Content/DavidsMightyMen/Core/Input/Actions/IA_Move.uasset" 2264
"C:/Users/Xande/Documents/GitHub/DMM_Vertical_Slice/Content/DavidsMightyMen/Core/Input/Actions/IA_Move.uexp" 2265
"C:/Users/Xande/Documents/GitHub/DMM_Vertical_Slice/Content/DavidsMightyMen/Core/Input/Actions/IA_Look.uasset" 2266
"C:/Users/Xande/Documents/GitHub/DMM_Vertical_Slice/Content/DavidsMightyMen/Core/Input/Actions/IA_Look.uexp" 2267
"C:/Users/Xande/Documents/GitHub/DMM_Vertical_Slice/Content/DavidsMightyMen/Core/Input/Actions/IA_LockOn.uasset" 2268
"C:/Users/Xande/Documents/GitHub/DMM_Vertical_Slice/Content/DavidsMightyMen/Core/Input/Actions/IA_LockOn.uexp" 2269
"C:/Users/Xande/Documents/GitHub/DMM_Vertical_Slice/Content/DavidsMightyMen/Core/Input/Actions/IA_Jump.uasset" 2270
"C:/Users/Xande/Documents/GitHub/DMM_Vertical_Slice/Content/DavidsMightyMen/Core/Input/Actions/IA_Jump.uexp" 2271
"C:/Users/Xande/Documents/GitHub/DMM_Vertical_Slice/Content/DavidsMightyMen/Core/Input/Actions/IA_ChargeAttack.uasset" 2272
"C:/Users/Xande/Documents/GitHub/DMM_Vertical_Slice/Content/DavidsMightyMen/Core/Input/Actions/IA_ChargeAttack.uexp" 2273
"C:/Users/Xande/Documents/GitHub/DMM_Vertical_Slice/Content/DavidsMightyMen/Core/Input/Actions/IA_Pause.uasset" 2274
"C:/Users/Xande/Documents/GitHub/DMM_Vertical_Slice/Content/DavidsMightyMen/Core/Input/Actions/IA_Pause.uexp" 2275
"C:/Users/Xande/Documents/GitHub/DMM_Vertical_Slice/Content/DavidsMightyMen/Core/Input/IMC_Default.uasset" 2276
"C:/Users/Xande/Documents/GitHub/DMM_Vertical_Slice/Content/DavidsMightyMen/Core/Input/IMC_Default.uexp" 2277
"C:/Users/Xande/Documents/GitHub/DMM_Vertical_Slice/Content/DavidsMightyMen/Core/Input/Touch/UI_Thumbstick.uasset" 2278
"C:/Users/Xande/Documents/GitHub/DMM_Vertical_Slice/Content/DavidsMightyMen/Core/Input/Touch/UI_Thumbstick.uexp" 2279
"C:/Users/Xande/Documents/GitHub/DMM_Vertical_Slice/Content/DavidsMightyMen/Core/Input/Touch/BPI_TouchInterface.uasset" 2280
"C:/Users/Xande/Documents/GitHub/DMM_Vertical_Slice/Content/DavidsMightyMen/Core/Input/Touch/BPI_TouchInterface.uexp" 2281
"C:/Users/Xande/Documents/GitHub/DMM_Vertical_Slice/Content/DavidsMightyMen/Core/Input/Touch/UI_TouchSimple.uasset" 2282
"C:/Users/Xande/Documents/GitHub/DMM_Vertical_Slice/Content/DavidsMightyMen/Core/Input/Touch/UI_TouchSimple.uexp" 2283
"C:/Users/Xande/Documents/GitHub/DMM_Vertical_Slice/Content/DavidsMightyMen/Core/Blueprints/BP_PlayerController.uasset" 2284
"C:/Users/Xande/Documents/GitHub/DMM_Vertical_Slice/Content/DavidsMightyMen/Core/Blueprints/BP_PlayerController.uexp" 2285
"C:/Users/Xande/Documents/GitHub/DMM_Vertical_Slice/Content/DavidsMightyMen/Characters/Garments/Purple.uasset" 2286
"C:/Users/Xande/Documents/GitHub/DMM_Vertical_Slice/Content/DavidsMightyMen/Characters/Garments/Purple.uexp" 2287
"C:/Users/Xande/Documents/GitHub/DMM_Vertical_Slice/Content/DavidsMightyMen/Characters/Garments/Gold.uasset" 2288
"C:/Users/Xande/Documents/GitHub/DMM_Vertical_Slice/Content/DavidsMightyMen/Characters/Garments/Gold.uexp" 2289
"C:/Users/Xande/Documents/GitHub/DMM_Vertical_Slice/Content/DavidsMightyMen/Characters/Garments/Davidhair.ubulk" 2290
"C:/Users/Xande/Documents/GitHub/DMM_Vertical_Slice/Content/DavidsMightyMen/Characters/Garments/Davidhair.uasset" 2291
"C:/Users/Xande/Documents/GitHub/DMM_Vertical_Slice/Content/DavidsMightyMen/Characters/Garments/Davidhair.uexp" 2292
"C:/Users/Xande/Documents/GitHub/DMM_Vertical_Slice/Content/DavidsMightyMen/Characters/Enemy_grunt_export/Sk_Character2/Grooms/Eyebrows_M_Wide_CardsMesh_Group0_LOD3.ubulk" 2293
"C:/Users/Xande/Documents/GitHub/DMM_Vertical_Slice/Content/DavidsMightyMen/Characters/Enemy_grunt_export/Sk_Character2/Grooms/Eyebrows_M_Wide_CardsMesh_Group0_LOD3.uasset" 2294
"C:/Users/Xande/Documents/GitHub/DMM_Vertical_Slice/Content/DavidsMightyMen/Characters/Enemy_grunt_export/Sk_Character2/Grooms/Eyebrows_M_Wide_CardsMesh_Group0_LOD3.uexp" 2295
"C:/Users/Xande/Documents/GitHub/DMM_Vertical_Slice/Content/DavidsMightyMen/Characters/CustomAnimations/SwordSlash/Animations/SwordSlash4_Sequence.uasset" 2296
"C:/Users/Xande/Documents/GitHub/DMM_Vertical_Slice/Content/DavidsMightyMen/Characters/CustomAnimations/SwordSlash/Animations/SwordSlash4_Sequence.uexp" 2297
"C:/Users/Xande/Documents/GitHub/DMM_Vertical_Slice/Content/DavidsMightyMen/Characters/CustomAnimations/SwordSlash/Animations/Montages/SwordSlash4_Sequence_Montage.uasset" 2298
"C:/Users/Xande/Documents/GitHub/DMM_Vertical_Slice/Content/DavidsMightyMen/Characters/CustomAnimations/SwordSlash/Animations/Montages/SwordSlash4_Sequence_Montage.uexp" 2299
"C:/Users/Xande/Documents/GitHub/DMM_Vertical_Slice/Content/DavidsMightyMen/Characters/CustomAnimations/SwordSlash/Animations/SwordSlash3_Sequence.uasset" 2300
"C:/Users/Xande/Documents/GitHub/DMM_Vertical_Slice/Content/DavidsMightyMen/Characters/CustomAnimations/SwordSlash/Animations/SwordSlash3_Sequence.uexp" 2301
"C:/Users/Xande/Documents/GitHub/DMM_Vertical_Slice/Content/DavidsMightyMen/Characters/CustomAnimations/SwordSlash/Animations/Montages/SwordSlash3_Sequence_Montage.uasset" 2302
"C:/Users/Xande/Documents/GitHub/DMM_Vertical_Slice/Content/DavidsMightyMen/Characters/CustomAnimations/SwordSlash/Animations/Montages/SwordSlash3_Sequence_Montage.uexp" 2303
"C:/Users/Xande/Documents/GitHub/DMM_Vertical_Slice/Content/DavidsMightyMen/Characters/CustomAnimations/SwordSlash/Animations/SwordSlash2_Sequence.uasset" 2304
"C:/Users/Xande/Documents/GitHub/DMM_Vertical_Slice/Content/DavidsMightyMen/Characters/CustomAnimations/SwordSlash/Animations/SwordSlash2_Sequence.uexp" 2305
"C:/Users/Xande/Documents/GitHub/DMM_Vertical_Slice/Content/DavidsMightyMen/Characters/CustomAnimations/SwordSlash/Animations/Montages/SwordSlash2_Sequence_Montage.uasset" 2306
"C:/Users/Xande/Documents/GitHub/DMM_Vertical_Slice/Content/DavidsMightyMen/Characters/CustomAnimations/SwordSlash/Animations/Montages/SwordSlash2_Sequence_Montage.uexp" 2307
"C:/Users/Xande/Documents/GitHub/DMM_Vertical_Slice/Content/DavidsMightyMen/Characters/CustomAnimations/SwordSlash/Animations/Montages/SwordSlash1_Sequence_Montage.uasset" 2308
"C:/Users/Xande/Documents/GitHub/DMM_Vertical_Slice/Content/DavidsMightyMen/Characters/CustomAnimations/SwordSlash/Animations/Montages/SwordSlash1_Sequence_Montage.uexp" 2309
"C:/Users/Xande/Documents/GitHub/DMM_Vertical_Slice/Content/DavidsMightyMen/Characters/CustomAnimations/ShieldBlock/Animations/ExitBlock_Sequence.uasset" 2310
"C:/Users/Xande/Documents/GitHub/DMM_Vertical_Slice/Content/DavidsMightyMen/Characters/CustomAnimations/ShieldBlock/Animations/ExitBlock_Sequence.uexp" 2311
"C:/Users/Xande/Documents/GitHub/DMM_Vertical_Slice/Content/DavidsMightyMen/Characters/CustomAnimations/ShieldBlock/Animations/EnterBlockPosition_Sequence.uasset" 2312
"C:/Users/Xande/Documents/GitHub/DMM_Vertical_Slice/Content/DavidsMightyMen/Characters/CustomAnimations/ShieldBlock/Animations/EnterBlockPosition_Sequence.uexp" 2313
"C:/Users/Xande/Documents/GitHub/DMM_Vertical_Slice/Content/DavidsMightyMen/Characters/CustomAnimations/ShieldBlock/Animations/CustomBlockIdle_Sequence.uasset" 2314
"C:/Users/Xande/Documents/GitHub/DMM_Vertical_Slice/Content/DavidsMightyMen/Characters/CustomAnimations/ShieldBlock/Animations/CustomBlockIdle_Sequence.uexp" 2315
"C:/Users/Xande/Documents/GitHub/DMM_Vertical_Slice/Content/DavidsMightyMen/Characters/CustomAnimations/ShieldBlock/Animations/BlockHit_Sequence.uasset" 2316
"C:/Users/Xande/Documents/GitHub/DMM_Vertical_Slice/Content/DavidsMightyMen/Characters/CustomAnimations/ShieldBlock/Animations/BlockHit_Sequence.uexp" 2317
"C:/Users/Xande/Documents/GitHub/DMM_Vertical_Slice/Content/DavidsMightyMen/Audio/Voice_Lines/DMM_Sounds_and_VA/David/David_Attacking/David_Attacking_1.ubulk" 2318
"C:/Users/Xande/Documents/GitHub/DMM_Vertical_Slice/Content/DavidsMightyMen/Audio/Voice_Lines/DMM_Sounds_and_VA/David/David_Attacking/David_Attacking_1.uasset" 2319
"C:/Users/Xande/Documents/GitHub/DMM_Vertical_Slice/Content/DavidsMightyMen/Audio/Voice_Lines/DMM_Sounds_and_VA/David/David_Attacking/David_Attacking_1.uexp" 2320
"C:/Users/Xande/Documents/GitHub/DMM_Vertical_Slice/Content/DavidsMightyMen/Audio/Voice_Lines/DMM_Sounds_and_VA/David/David_Attacking/David_Attacking_2.ubulk" 2321
"C:/Users/Xande/Documents/GitHub/DMM_Vertical_Slice/Content/DavidsMightyMen/Audio/Voice_Lines/DMM_Sounds_and_VA/David/David_Attacking/David_Attacking_2.uasset" 2322
"C:/Users/Xande/Documents/GitHub/DMM_Vertical_Slice/Content/DavidsMightyMen/Audio/Voice_Lines/DMM_Sounds_and_VA/David/David_Attacking/David_Attacking_2.uexp" 2323
"C:/Users/Xande/Documents/GitHub/DMM_Vertical_Slice/Content/DavidsMightyMen/Audio/Voice_Lines/DMM_Sounds_and_VA/David/David_Attacking/David_Attacking_3.ubulk" 2324
"C:/Users/Xande/Documents/GitHub/DMM_Vertical_Slice/Content/DavidsMightyMen/Audio/Voice_Lines/DMM_Sounds_and_VA/David/David_Attacking/David_Attacking_3.uasset" 2325
"C:/Users/Xande/Documents/GitHub/DMM_Vertical_Slice/Content/DavidsMightyMen/Audio/Voice_Lines/DMM_Sounds_and_VA/David/David_Attacking/David_Attacking_3.uexp" 2326
"C:/Users/Xande/Documents/GitHub/DMM_Vertical_Slice/Content/DavidsMightyMen/Audio/Voice_Lines/DMM_Sounds_and_VA/David/David_Attacking/David_Attacking_4.ubulk" 2327
"C:/Users/Xande/Documents/GitHub/DMM_Vertical_Slice/Content/DavidsMightyMen/Audio/Voice_Lines/DMM_Sounds_and_VA/David/David_Attacking/David_Attacking_4.uasset" 2328
"C:/Users/Xande/Documents/GitHub/DMM_Vertical_Slice/Content/DavidsMightyMen/Audio/Voice_Lines/DMM_Sounds_and_VA/David/David_Attacking/David_Attacking_4.uexp" 2329
"C:/Users/Xande/Documents/GitHub/DMM_Vertical_Slice/Content/DavidsMightyMen/Audio/Voice_Lines/DMM_Sounds_and_VA/David/David_Attacking/David_Attacking_5.ubulk" 2330
"C:/Users/Xande/Documents/GitHub/DMM_Vertical_Slice/Content/DavidsMightyMen/Audio/Voice_Lines/DMM_Sounds_and_VA/David/David_Attacking/David_Attacking_5.uasset" 2331
"C:/Users/Xande/Documents/GitHub/DMM_Vertical_Slice/Content/DavidsMightyMen/Audio/Voice_Lines/DMM_Sounds_and_VA/David/David_Attacking/David_Attacking_5.uexp" 2332
"C:/Users/Xande/Documents/GitHub/DMM_Vertical_Slice/Content/DavidsMightyMen/Audio/Voice_Lines/DMM_Sounds_and_VA/David/David_Attacking/David_Attacking.uasset" 2333
"C:/Users/Xande/Documents/GitHub/DMM_Vertical_Slice/Content/DavidsMightyMen/Audio/Voice_Lines/DMM_Sounds_and_VA/David/David_Attacking/David_Attacking.uexp" 2334
"C:/Users/Xande/Documents/GitHub/DMM_Vertical_Slice/Content/DavidsMightyMen/Audio/Voice_Lines/DMM_Sounds_and_VA/David/David_Death/David_Death_1.ubulk" 2335
"C:/Users/Xande/Documents/GitHub/DMM_Vertical_Slice/Content/DavidsMightyMen/Audio/Voice_Lines/DMM_Sounds_and_VA/David/David_Death/David_Death_1.uasset" 2336
"C:/Users/Xande/Documents/GitHub/DMM_Vertical_Slice/Content/DavidsMightyMen/Audio/Voice_Lines/DMM_Sounds_and_VA/David/David_Death/David_Death_1.uexp" 2337
"C:/Users/Xande/Documents/GitHub/DMM_Vertical_Slice/Content/DavidsMightyMen/Audio/Voice_Lines/DMM_Sounds_and_VA/David/David_Getting_Hit/David_Getting_HIt_1.ubulk" 2338
"C:/Users/Xande/Documents/GitHub/DMM_Vertical_Slice/Content/DavidsMightyMen/Audio/Voice_Lines/DMM_Sounds_and_VA/David/David_Getting_Hit/David_Getting_HIt_1.uasset" 2339
"C:/Users/Xande/Documents/GitHub/DMM_Vertical_Slice/Content/DavidsMightyMen/Audio/Voice_Lines/DMM_Sounds_and_VA/David/David_Getting_Hit/David_Getting_HIt_1.uexp" 2340
"C:/Users/Xande/Documents/GitHub/DMM_Vertical_Slice/Content/DavidsMightyMen/Audio/Voice_Lines/DMM_Sounds_and_VA/David/David_Getting_Hit/David_Getting_Hit_2.ubulk" 2341
"C:/Users/Xande/Documents/GitHub/DMM_Vertical_Slice/Content/DavidsMightyMen/Audio/Voice_Lines/DMM_Sounds_and_VA/David/David_Getting_Hit/David_Getting_Hit_2.uasset" 2342
"C:/Users/Xande/Documents/GitHub/DMM_Vertical_Slice/Content/DavidsMightyMen/Audio/Voice_Lines/DMM_Sounds_and_VA/David/David_Getting_Hit/David_Getting_Hit_2.uexp" 2343
"C:/Users/Xande/Documents/GitHub/DMM_Vertical_Slice/Content/DavidsMightyMen/Audio/Voice_Lines/DMM_Sounds_and_VA/David/David_Getting_Hit/David_Getting_HIt_3.ubulk" 2344
"C:/Users/Xande/Documents/GitHub/DMM_Vertical_Slice/Content/DavidsMightyMen/Audio/Voice_Lines/DMM_Sounds_and_VA/David/David_Getting_Hit/David_Getting_HIt_3.uasset" 2345
"C:/Users/Xande/Documents/GitHub/DMM_Vertical_Slice/Content/DavidsMightyMen/Audio/Voice_Lines/DMM_Sounds_and_VA/David/David_Getting_Hit/David_Getting_HIt_3.uexp" 2346
"C:/Users/Xande/Documents/GitHub/DMM_Vertical_Slice/Content/DavidsMightyMen/Audio/Voice_Lines/DMM_Sounds_and_VA/David/David_Getting_Hit/David_Getting_Hit_4.ubulk" 2347
"C:/Users/Xande/Documents/GitHub/DMM_Vertical_Slice/Content/DavidsMightyMen/Audio/Voice_Lines/DMM_Sounds_and_VA/David/David_Getting_Hit/David_Getting_Hit_4.uasset" 2348
"C:/Users/Xande/Documents/GitHub/DMM_Vertical_Slice/Content/DavidsMightyMen/Audio/Voice_Lines/DMM_Sounds_and_VA/David/David_Getting_Hit/David_Getting_Hit_4.uexp" 2349
"C:/Users/Xande/Documents/GitHub/DMM_Vertical_Slice/Content/DavidsMightyMen/Audio/Voice_Lines/DMM_Sounds_and_VA/David/David_Getting_Hit/David_Getting_Hit_5.ubulk" 2350
"C:/Users/Xande/Documents/GitHub/DMM_Vertical_Slice/Content/DavidsMightyMen/Audio/Voice_Lines/DMM_Sounds_and_VA/David/David_Getting_Hit/David_Getting_Hit_5.uasset" 2351
"C:/Users/Xande/Documents/GitHub/DMM_Vertical_Slice/Content/DavidsMightyMen/Audio/Voice_Lines/DMM_Sounds_and_VA/David/David_Getting_Hit/David_Getting_Hit_5.uexp" 2352
"C:/Users/Xande/Documents/GitHub/DMM_Vertical_Slice/Content/DavidsMightyMen/Audio/Voice_Lines/DMM_Sounds_and_VA/David/David_Getting_Hit/David_Getting_Hit_6.ubulk" 2353
"C:/Users/Xande/Documents/GitHub/DMM_Vertical_Slice/Content/DavidsMightyMen/Audio/Voice_Lines/DMM_Sounds_and_VA/David/David_Getting_Hit/David_Getting_Hit_6.uasset" 2354
"C:/Users/Xande/Documents/GitHub/DMM_Vertical_Slice/Content/DavidsMightyMen/Audio/Voice_Lines/DMM_Sounds_and_VA/David/David_Getting_Hit/David_Getting_Hit_6.uexp" 2355
"C:/Users/Xande/Documents/GitHub/DMM_Vertical_Slice/Content/DavidsMightyMen/Audio/Voice_Lines/DMM_Sounds_and_VA/David/David_Getting_Hit/David_GettingHit.uasset" 2356
"C:/Users/Xande/Documents/GitHub/DMM_Vertical_Slice/Content/DavidsMightyMen/Audio/Voice_Lines/DMM_Sounds_and_VA/David/David_Getting_Hit/David_GettingHit.uexp" 2357
"C:/Users/Xande/Documents/GitHub/DMM_Vertical_Slice/Content/DavidsMightyMen/Core/Blueprints/Character_BPS/BP_MainPlayer.uasset" 2358
"C:/Users/Xande/Documents/GitHub/DMM_Vertical_Slice/Content/DavidsMightyMen/Core/Blueprints/Character_BPS/BP_MainPlayer.uexp" 2359
"C:/Users/Xande/Documents/GitHub/DMM_Vertical_Slice/Content/DavidsMightyMen/Characters/Player/Blueprints/Slice_GameMode.uasset" 2360
"C:/Users/Xande/Documents/GitHub/DMM_Vertical_Slice/Content/DavidsMightyMen/Characters/Player/Blueprints/Slice_GameMode.uexp" 2361
"C:/Users/Xande/Documents/GitHub/DMM_Vertical_Slice/Content/DavidsMightyMen/Art/FBX/Modular_Kits/Material/trimsheet_standardSurface1_OcclusionRoughnessMetallic_Raw.ubulk" 2362
"C:/Users/Xande/Documents/GitHub/DMM_Vertical_Slice/Content/DavidsMightyMen/Art/FBX/Modular_Kits/Material/trimsheet_standardSurface1_OcclusionRoughnessMetallic_Raw.uasset" 2363
"C:/Users/Xande/Documents/GitHub/DMM_Vertical_Slice/Content/DavidsMightyMen/Art/FBX/Modular_Kits/Material/trimsheet_standardSurface1_OcclusionRoughnessMetallic_Raw.uexp" 2364
"C:/Users/Xande/Documents/GitHub/DMM_Vertical_Slice/Content/DavidsMightyMen/Art/FBX/Modular_Kits/Material/trimsheet_standardSurface1_Normal_Raw.ubulk" 2365
"C:/Users/Xande/Documents/GitHub/DMM_Vertical_Slice/Content/DavidsMightyMen/Art/FBX/Modular_Kits/Material/trimsheet_standardSurface1_Normal_Raw.uasset" 2366
"C:/Users/Xande/Documents/GitHub/DMM_Vertical_Slice/Content/DavidsMightyMen/Art/FBX/Modular_Kits/Material/trimsheet_standardSurface1_Normal_Raw.uexp" 2367
"C:/Users/Xande/Documents/GitHub/DMM_Vertical_Slice/Content/DavidsMightyMen/Art/FBX/Modular_Kits/Material/trimsheet_standardSurface1_BaseColor_sRGB.ubulk" 2368
"C:/Users/Xande/Documents/GitHub/DMM_Vertical_Slice/Content/DavidsMightyMen/Art/FBX/Modular_Kits/Material/trimsheet_standardSurface1_BaseColor_sRGB.uasset" 2369
"C:/Users/Xande/Documents/GitHub/DMM_Vertical_Slice/Content/DavidsMightyMen/Art/FBX/Modular_Kits/Material/trimsheet_standardSurface1_BaseColor_sRGB.uexp" 2370
"C:/Users/Xande/Documents/GitHub/DMM_Vertical_Slice/Content/DavidsMightyMen/Art/FBX/Modular_Kits/Material/Modular_Kits.uasset" 2371
"C:/Users/Xande/Documents/GitHub/DMM_Vertical_Slice/Content/DavidsMightyMen/Art/FBX/Modular_Kits/Material/Modular_Kits.uexp" 2372
"C:/Users/Xande/Documents/GitHub/DMM_Vertical_Slice/Content/DavidsMightyMen/Art/FBX/Modular_Kits/FBX/wall_1.ubulk" 2373
"C:/Users/Xande/Documents/GitHub/DMM_Vertical_Slice/Content/DavidsMightyMen/Art/FBX/Modular_Kits/FBX/wall_1.uasset" 2374
"C:/Users/Xande/Documents/GitHub/DMM_Vertical_Slice/Content/DavidsMightyMen/Art/FBX/Modular_Kits/FBX/wall_1.uexp" 2375
"C:/Users/Xande/Documents/GitHub/DMM_Vertical_Slice/Content/DavidsMightyMen/Audio/Music/Whisper_of_the_Sands1.ubulk" 2376
"C:/Users/Xande/Documents/GitHub/DMM_Vertical_Slice/Content/DavidsMightyMen/Audio/Music/Whisper_of_the_Sands1.uasset" 2377
"C:/Users/Xande/Documents/GitHub/DMM_Vertical_Slice/Content/DavidsMightyMen/Audio/Music/Whisper_of_the_Sands1.uexp" 2378
"C:/Users/Xande/Documents/GitHub/DMM_Vertical_Slice/Content/DavidsMightyMen/Cinematics/PlayerIntro.uasset" 2379
"C:/Users/Xande/Documents/GitHub/DMM_Vertical_Slice/Content/DavidsMightyMen/Cinematics/PlayerIntro.uexp" 2380
"C:/Users/Xande/Documents/GitHub/DMM_Vertical_Slice/Content/DavidsMightyMen/Maps/Level_1_City/MainLevel1.uexp" 2381
"C:/Users/Xande/Documents/GitHub/DMM_Vertical_Slice/Content/DavidsMightyMen/Maps/Level_1_City/MainLevel1.umap" 2382
"../../../Engine/Content/EngineSky/VolumetricClouds/VT_PerlinWorley_Balanced.uasset" 2383
"../../../Engine/Content/EngineSky/VolumetricClouds/VT_PerlinWorley_Balanced.uexp" 2384
"../../../Engine/Content/EngineSky/VolumetricClouds/T_Profile_08.ubulk" 2385
"../../../Engine/Content/EngineSky/VolumetricClouds/T_Profile_08.uasset" 2386
"../../../Engine/Content/EngineSky/VolumetricClouds/T_Profile_08.uexp" 2387
"../../../Engine/Content/EngineSky/VolumetricClouds/T_CloudPattern.ubulk" 2388
"../../../Engine/Content/EngineSky/VolumetricClouds/T_CloudPattern.uasset" 2389
"../../../Engine/Content/EngineSky/VolumetricClouds/T_CloudPattern.uexp" 2390
"../../../Engine/Content/EngineSky/VolumetricClouds/T_CloudMask.ubulk" 2391
"../../../Engine/Content/EngineSky/VolumetricClouds/T_CloudMask.uasset" 2392
"../../../Engine/Content/EngineSky/VolumetricClouds/T_CloudMask.uexp" 2393
"../../../Engine/Content/Functions/Engine_MaterialFunctions02/Utility/BreakOutFloat4Components.uasset" 2394
"../../../Engine/Content/Functions/Engine_MaterialFunctions02/Utility/BreakOutFloat4Components.uexp" 2395
"../../../Engine/Content/EngineResources/DefaultVolumeTexture2D.uasset" 2396
"../../../Engine/Content/EngineResources/DefaultVolumeTexture2D.uexp" 2397
"../../../Engine/Content/EngineResources/DefaultVolumeTexture.uasset" 2398
"../../../Engine/Content/EngineResources/DefaultVolumeTexture.uexp" 2399
"../../../Engine/Content/EngineSky/VolumetricClouds/VT_Lightning.uasset" 2400
"../../../Engine/Content/EngineSky/VolumetricClouds/VT_Lightning.uexp" 2401
"../../../Engine/Content/Functions/Engine_MaterialFunctions01/Units/Km-to-Cm.uasset" 2402
"../../../Engine/Content/Functions/Engine_MaterialFunctions01/Units/Km-to-Cm.uexp" 2403
"../../../Engine/Content/EngineSky/VolumetricClouds/m_SimpleVolumetricCloud.uasset" 2404
"../../../Engine/Content/EngineSky/VolumetricClouds/m_SimpleVolumetricCloud.uexp" 2405
"../../../Engine/Content/EngineSky/VolumetricClouds/m_SimpleVolumetricCloud_Inst.uasset" 2406
"../../../Engine/Content/EngineSky/VolumetricClouds/m_SimpleVolumetricCloud_Inst.uexp" 2407
"C:/Users/Xande/Documents/GitHub/DMM_Vertical_Slice/Content/DavidsMightyMen/Art/FBX/Barrel/Wooden_Barrel_standardSurface2_OcclusionRoughnessMetallic_Raw.ubulk" 2408
"C:/Users/Xande/Documents/GitHub/DMM_Vertical_Slice/Content/DavidsMightyMen/Art/FBX/Barrel/Wooden_Barrel_standardSurface2_OcclusionRoughnessMetallic_Raw.uasset" 2409
"C:/Users/Xande/Documents/GitHub/DMM_Vertical_Slice/Content/DavidsMightyMen/Art/FBX/Barrel/Wooden_Barrel_standardSurface2_OcclusionRoughnessMetallic_Raw.uexp" 2410
"C:/Users/Xande/Documents/GitHub/DMM_Vertical_Slice/Content/DavidsMightyMen/Art/FBX/Barrel/Wooden_Barrel_standardSurface2_Normal_Raw.ubulk" 2411
"C:/Users/Xande/Documents/GitHub/DMM_Vertical_Slice/Content/DavidsMightyMen/Art/FBX/Barrel/Wooden_Barrel_standardSurface2_Normal_Raw.uasset" 2412
"C:/Users/Xande/Documents/GitHub/DMM_Vertical_Slice/Content/DavidsMightyMen/Art/FBX/Barrel/Wooden_Barrel_standardSurface2_Normal_Raw.uexp" 2413
"C:/Users/Xande/Documents/GitHub/DMM_Vertical_Slice/Content/DavidsMightyMen/Art/FBX/Barrel/Wooden_Barrel_standardSurface2_BaseColor_sRGB.ubulk" 2414
"C:/Users/Xande/Documents/GitHub/DMM_Vertical_Slice/Content/DavidsMightyMen/Art/FBX/Barrel/Wooden_Barrel_standardSurface2_BaseColor_sRGB.uasset" 2415
"C:/Users/Xande/Documents/GitHub/DMM_Vertical_Slice/Content/DavidsMightyMen/Art/FBX/Barrel/Wooden_Barrel_standardSurface2_BaseColor_sRGB.uexp" 2416
"C:/Users/Xande/Documents/GitHub/DMM_Vertical_Slice/Content/DavidsMightyMen/Art/FBX/Barrel/Berrel.uasset" 2417
"C:/Users/Xande/Documents/GitHub/DMM_Vertical_Slice/Content/DavidsMightyMen/Art/FBX/Barrel/Berrel.uexp" 2418
"C:/Users/Xande/Documents/GitHub/DMM_Vertical_Slice/Content/DavidsMightyMen/Art/FBX/Barrel/Wooden_Barrel.ubulk" 2419
"C:/Users/Xande/Documents/GitHub/DMM_Vertical_Slice/Content/DavidsMightyMen/Art/FBX/Barrel/Wooden_Barrel.uasset" 2420
"C:/Users/Xande/Documents/GitHub/DMM_Vertical_Slice/Content/DavidsMightyMen/Art/FBX/Barrel/Wooden_Barrel.uexp" 2421
"../../../Engine/Content/Functions/Engine_MaterialFunctions01/ImageAdjustment/CheapContrast.uasset" 2422
"../../../Engine/Content/Functions/Engine_MaterialFunctions01/ImageAdjustment/CheapContrast.uexp" 2423
"C:/Users/Xande/Documents/GitHub/DMM_Vertical_Slice/Content/DavidsMightyMen/MaterialLibrary/Textures/T_GridChecker_A.ubulk" 2424
"C:/Users/Xande/Documents/GitHub/DMM_Vertical_Slice/Content/DavidsMightyMen/MaterialLibrary/Textures/T_GridChecker_A.uasset" 2425
"C:/Users/Xande/Documents/GitHub/DMM_Vertical_Slice/Content/DavidsMightyMen/MaterialLibrary/Textures/T_GridChecker_A.uexp" 2426
"C:/Users/Xande/Documents/GitHub/DMM_Vertical_Slice/Content/DavidsMightyMen/MaterialLibrary/Materials/MF_ProcGrid.uasset" 2427
"C:/Users/Xande/Documents/GitHub/DMM_Vertical_Slice/Content/DavidsMightyMen/MaterialLibrary/Materials/MF_ProcGrid.uexp" 2428
"C:/Users/Xande/Documents/GitHub/DMM_Vertical_Slice/Content/DavidsMightyMen/MaterialLibrary/Materials/M_PrototypeGrid.uasset" 2429
"C:/Users/Xande/Documents/GitHub/DMM_Vertical_Slice/Content/DavidsMightyMen/MaterialLibrary/Materials/M_PrototypeGrid.uexp" 2430
"C:/Users/Xande/Documents/GitHub/DMM_Vertical_Slice/Content/DavidsMightyMen/MaterialLibrary/Materials/MI_PrototypeGrid_Gray.uasset" 2431
"C:/Users/Xande/Documents/GitHub/DMM_Vertical_Slice/Content/DavidsMightyMen/MaterialLibrary/Materials/MI_PrototypeGrid_Gray.uexp" 2432
"C:/Users/Xande/Documents/GitHub/DMM_Vertical_Slice/Content/DavidsMightyMen/MaterialLibrary/Meshes/SM_Cube.ubulk" 2433
"C:/Users/Xande/Documents/GitHub/DMM_Vertical_Slice/Content/DavidsMightyMen/MaterialLibrary/Meshes/SM_Cube.uasset" 2434
"C:/Users/Xande/Documents/GitHub/DMM_Vertical_Slice/Content/DavidsMightyMen/MaterialLibrary/Meshes/SM_Cube.uexp" 2435
"../../../Engine/Content/Functions/Engine_MaterialFunctions02/Math/InverseTransformMatrix.uasset" 2436
"../../../Engine/Content/Functions/Engine_MaterialFunctions02/Math/InverseTransformMatrix.uexp" 2437
"../../../Engine/Content/Functions/Engine_MaterialFunctions02/Math/CreateThirdOrthogonalVector.uasset" 2438
"../../../Engine/Content/Functions/Engine_MaterialFunctions02/Math/CreateThirdOrthogonalVector.uexp" 2439
"../../../Engine/Content/EngineVolumetrics/Fogsheet/Materials/T_EV_BlankWhite_01.uasset" 2440
"../../../Engine/Content/EngineVolumetrics/Fogsheet/Materials/T_EV_BlankWhite_01.uexp" 2441
"../../../Engine/Content/Functions/Engine_MaterialFunctions02/Math/TransformToZVector.uasset" 2442
"../../../Engine/Content/Functions/Engine_MaterialFunctions02/Math/TransformToZVector.uexp" 2443
"../../../Engine/Content/Functions/Engine_MaterialFunctions01/Texturing/ParallaxOcclusionMapping.uasset" 2444
"../../../Engine/Content/Functions/Engine_MaterialFunctions01/Texturing/ParallaxOcclusionMapping.uexp" 2445
"C:/Users/Xande/Documents/GitHub/DMM_Vertical_Slice/Content/DavidsMightyMen/MaterialLibrary/Brick/Brick_Wall_roughness.ubulk" 2446
"C:/Users/Xande/Documents/GitHub/DMM_Vertical_Slice/Content/DavidsMightyMen/MaterialLibrary/Brick/Brick_Wall_roughness.uasset" 2447
"C:/Users/Xande/Documents/GitHub/DMM_Vertical_Slice/Content/DavidsMightyMen/MaterialLibrary/Brick/Brick_Wall_roughness.uexp" 2448
"C:/Users/Xande/Documents/GitHub/DMM_Vertical_Slice/Content/DavidsMightyMen/MaterialLibrary/Brick/Brick_Wall_normal.ubulk" 2449
"C:/Users/Xande/Documents/GitHub/DMM_Vertical_Slice/Content/DavidsMightyMen/MaterialLibrary/Brick/Brick_Wall_normal.uasset" 2450
"C:/Users/Xande/Documents/GitHub/DMM_Vertical_Slice/Content/DavidsMightyMen/MaterialLibrary/Brick/Brick_Wall_normal.uexp" 2451
"C:/Users/Xande/Documents/GitHub/DMM_Vertical_Slice/Content/DavidsMightyMen/MaterialLibrary/Brick/Brick_Wall_height.ubulk" 2452
"C:/Users/Xande/Documents/GitHub/DMM_Vertical_Slice/Content/DavidsMightyMen/MaterialLibrary/Brick/Brick_Wall_height.uasset" 2453
"C:/Users/Xande/Documents/GitHub/DMM_Vertical_Slice/Content/DavidsMightyMen/MaterialLibrary/Brick/Brick_Wall_height.uexp" 2454
"C:/Users/Xande/Documents/GitHub/DMM_Vertical_Slice/Content/DavidsMightyMen/MaterialLibrary/Brick/Brick_Wall_basecolor.ubulk" 2455
"C:/Users/Xande/Documents/GitHub/DMM_Vertical_Slice/Content/DavidsMightyMen/MaterialLibrary/Brick/Brick_Wall_basecolor.uasset" 2456
"C:/Users/Xande/Documents/GitHub/DMM_Vertical_Slice/Content/DavidsMightyMen/MaterialLibrary/Brick/Brick_Wall_basecolor.uexp" 2457
"C:/Users/Xande/Documents/GitHub/DMM_Vertical_Slice/Content/DavidsMightyMen/MaterialLibrary/Brick/Brick_Wall_ambientocclusion.ubulk" 2458
"C:/Users/Xande/Documents/GitHub/DMM_Vertical_Slice/Content/DavidsMightyMen/MaterialLibrary/Brick/Brick_Wall_ambientocclusion.uasset" 2459
"C:/Users/Xande/Documents/GitHub/DMM_Vertical_Slice/Content/DavidsMightyMen/MaterialLibrary/Brick/Brick_Wall_ambientocclusion.uexp" 2460
"C:/Users/Xande/Documents/GitHub/DMM_Vertical_Slice/Content/DavidsMightyMen/MaterialLibrary/Brick/Brick.uasset" 2461
"C:/Users/Xande/Documents/GitHub/DMM_Vertical_Slice/Content/DavidsMightyMen/MaterialLibrary/Brick/Brick.uexp" 2462
"C:/Users/Xande/Documents/GitHub/DMM_Vertical_Slice/Content/DavidsMightyMen/MaterialLibrary/Brick/Brick_Instances/Brick_Inst_WallBorders.uasset" 2463
"C:/Users/Xande/Documents/GitHub/DMM_Vertical_Slice/Content/DavidsMightyMen/MaterialLibrary/Brick/Brick_Instances/Brick_Inst_WallBorders.uexp" 2464
"C:/Users/Xande/Documents/GitHub/DMM_Vertical_Slice/Content/DavidsMightyMen/MaterialLibrary/Brick/Brick_Instances/Brick_Inst_Wall.uasset" 2465
"C:/Users/Xande/Documents/GitHub/DMM_Vertical_Slice/Content/DavidsMightyMen/MaterialLibrary/Brick/Brick_Instances/Brick_Inst_Wall.uexp" 2466
"C:/Users/Xande/Documents/GitHub/DMM_Vertical_Slice/Content/DavidsMightyMen/MaterialLibrary/Brick/Brick_Instances/Brick_Inst_HouseWall.uasset" 2467
"C:/Users/Xande/Documents/GitHub/DMM_Vertical_Slice/Content/DavidsMightyMen/MaterialLibrary/Brick/Brick_Instances/Brick_Inst_HouseWall.uexp" 2468
"C:/Users/Xande/Documents/GitHub/DMM_Vertical_Slice/Content/DavidsMightyMen/Art/FBX/Crate/Wooden_Crate_Body_OcclusionRoughnessMetallic_Raw.ubulk" 2469
"C:/Users/Xande/Documents/GitHub/DMM_Vertical_Slice/Content/DavidsMightyMen/Art/FBX/Crate/Wooden_Crate_Body_OcclusionRoughnessMetallic_Raw.uasset" 2470
"C:/Users/Xande/Documents/GitHub/DMM_Vertical_Slice/Content/DavidsMightyMen/Art/FBX/Crate/Wooden_Crate_Body_OcclusionRoughnessMetallic_Raw.uexp" 2471
"C:/Users/Xande/Documents/GitHub/DMM_Vertical_Slice/Content/DavidsMightyMen/Art/FBX/Crate/Wooden_Crate_Body_Normal_Raw.ubulk" 2472
"C:/Users/Xande/Documents/GitHub/DMM_Vertical_Slice/Content/DavidsMightyMen/Art/FBX/Crate/Wooden_Crate_Body_Normal_Raw.uasset" 2473
"C:/Users/Xande/Documents/GitHub/DMM_Vertical_Slice/Content/DavidsMightyMen/Art/FBX/Crate/Wooden_Crate_Body_Normal_Raw.uexp" 2474
"C:/Users/Xande/Documents/GitHub/DMM_Vertical_Slice/Content/DavidsMightyMen/Art/FBX/Crate/Wooden_Crate_Body_BaseColor_sRGB.ubulk" 2475
"C:/Users/Xande/Documents/GitHub/DMM_Vertical_Slice/Content/DavidsMightyMen/Art/FBX/Crate/Wooden_Crate_Body_BaseColor_sRGB.uasset" 2476
"C:/Users/Xande/Documents/GitHub/DMM_Vertical_Slice/Content/DavidsMightyMen/Art/FBX/Crate/Wooden_Crate_Body_BaseColor_sRGB.uexp" 2477
"C:/Users/Xande/Documents/GitHub/DMM_Vertical_Slice/Content/DavidsMightyMen/Art/FBX/Crate/Body.uasset" 2478
"C:/Users/Xande/Documents/GitHub/DMM_Vertical_Slice/Content/DavidsMightyMen/Art/FBX/Crate/Body.uexp" 2479
"C:/Users/Xande/Documents/GitHub/DMM_Vertical_Slice/Content/DavidsMightyMen/Art/FBX/Crate/Wooden_Crate_Tops_OcclusionRoughnessMetallic_Raw.ubulk" 2480
"C:/Users/Xande/Documents/GitHub/DMM_Vertical_Slice/Content/DavidsMightyMen/Art/FBX/Crate/Wooden_Crate_Tops_OcclusionRoughnessMetallic_Raw.uasset" 2481
"C:/Users/Xande/Documents/GitHub/DMM_Vertical_Slice/Content/DavidsMightyMen/Art/FBX/Crate/Wooden_Crate_Tops_OcclusionRoughnessMetallic_Raw.uexp" 2482
"C:/Users/Xande/Documents/GitHub/DMM_Vertical_Slice/Content/DavidsMightyMen/Art/FBX/Crate/Wooden_Crate_Tops_Normal_Raw.ubulk" 2483
"C:/Users/Xande/Documents/GitHub/DMM_Vertical_Slice/Content/DavidsMightyMen/Art/FBX/Crate/Wooden_Crate_Tops_Normal_Raw.uasset" 2484
"C:/Users/Xande/Documents/GitHub/DMM_Vertical_Slice/Content/DavidsMightyMen/Art/FBX/Crate/Wooden_Crate_Tops_Normal_Raw.uexp" 2485
"C:/Users/Xande/Documents/GitHub/DMM_Vertical_Slice/Content/DavidsMightyMen/Art/FBX/Crate/Wooden_Crate_Tops_BaseColor_sRGB.ubulk" 2486
"C:/Users/Xande/Documents/GitHub/DMM_Vertical_Slice/Content/DavidsMightyMen/Art/FBX/Crate/Wooden_Crate_Tops_BaseColor_sRGB.uasset" 2487
"C:/Users/Xande/Documents/GitHub/DMM_Vertical_Slice/Content/DavidsMightyMen/Art/FBX/Crate/Wooden_Crate_Tops_BaseColor_sRGB.uexp" 2488
"C:/Users/Xande/Documents/GitHub/DMM_Vertical_Slice/Content/DavidsMightyMen/Art/FBX/Crate/Top.uasset" 2489
"C:/Users/Xande/Documents/GitHub/DMM_Vertical_Slice/Content/DavidsMightyMen/Art/FBX/Crate/Top.uexp" 2490
"C:/Users/Xande/Documents/GitHub/DMM_Vertical_Slice/Content/DavidsMightyMen/Art/FBX/Crate/Wooden_Crate_Legs_OcclusionRoughnessMetallic_Raw.ubulk" 2491
"C:/Users/Xande/Documents/GitHub/DMM_Vertical_Slice/Content/DavidsMightyMen/Art/FBX/Crate/Wooden_Crate_Legs_OcclusionRoughnessMetallic_Raw.uasset" 2492
"C:/Users/Xande/Documents/GitHub/DMM_Vertical_Slice/Content/DavidsMightyMen/Art/FBX/Crate/Wooden_Crate_Legs_OcclusionRoughnessMetallic_Raw.uexp" 2493
"C:/Users/Xande/Documents/GitHub/DMM_Vertical_Slice/Content/DavidsMightyMen/Art/FBX/Crate/Wooden_Crate_Legs_Normal_Raw.ubulk" 2494
"C:/Users/Xande/Documents/GitHub/DMM_Vertical_Slice/Content/DavidsMightyMen/Art/FBX/Crate/Wooden_Crate_Legs_Normal_Raw.uasset" 2495
"C:/Users/Xande/Documents/GitHub/DMM_Vertical_Slice/Content/DavidsMightyMen/Art/FBX/Crate/Wooden_Crate_Legs_Normal_Raw.uexp" 2496
"C:/Users/Xande/Documents/GitHub/DMM_Vertical_Slice/Content/DavidsMightyMen/Art/FBX/Crate/Wooden_Crate_Legs_BaseColor_sRGB.ubulk" 2497
"C:/Users/Xande/Documents/GitHub/DMM_Vertical_Slice/Content/DavidsMightyMen/Art/FBX/Crate/Wooden_Crate_Legs_BaseColor_sRGB.uasset" 2498
"C:/Users/Xande/Documents/GitHub/DMM_Vertical_Slice/Content/DavidsMightyMen/Art/FBX/Crate/Wooden_Crate_Legs_BaseColor_sRGB.uexp" 2499
"C:/Users/Xande/Documents/GitHub/DMM_Vertical_Slice/Content/DavidsMightyMen/Art/FBX/Crate/Legs.uasset" 2500
"C:/Users/Xande/Documents/GitHub/DMM_Vertical_Slice/Content/DavidsMightyMen/Art/FBX/Crate/Legs.uexp" 2501
"C:/Users/Xande/Documents/GitHub/DMM_Vertical_Slice/Content/DavidsMightyMen/Art/FBX/Crate/Wooden_Crate.ubulk" 2502
"C:/Users/Xande/Documents/GitHub/DMM_Vertical_Slice/Content/DavidsMightyMen/Art/FBX/Crate/Wooden_Crate.uasset" 2503
"C:/Users/Xande/Documents/GitHub/DMM_Vertical_Slice/Content/DavidsMightyMen/Art/FBX/Crate/Wooden_Crate.uexp" 2504
"C:/Users/Xande/Documents/GitHub/DMM_Vertical_Slice/Content/DavidsMightyMen/Art/FBX/Market_Stall/Market_Stall_Bars_OcclusionRoughnessMetallic_Raw.ubulk" 2505
"C:/Users/Xande/Documents/GitHub/DMM_Vertical_Slice/Content/DavidsMightyMen/Art/FBX/Market_Stall/Market_Stall_Bars_OcclusionRoughnessMetallic_Raw.uasset" 2506
"C:/Users/Xande/Documents/GitHub/DMM_Vertical_Slice/Content/DavidsMightyMen/Art/FBX/Market_Stall/Market_Stall_Bars_OcclusionRoughnessMetallic_Raw.uexp" 2507
"C:/Users/Xande/Documents/GitHub/DMM_Vertical_Slice/Content/DavidsMightyMen/Art/FBX/Market_Stall/Market_Stall_Bars_Normal_Raw.ubulk" 2508
"C:/Users/Xande/Documents/GitHub/DMM_Vertical_Slice/Content/DavidsMightyMen/Art/FBX/Market_Stall/Market_Stall_Bars_Normal_Raw.uasset" 2509
"C:/Users/Xande/Documents/GitHub/DMM_Vertical_Slice/Content/DavidsMightyMen/Art/FBX/Market_Stall/Market_Stall_Bars_Normal_Raw.uexp" 2510
"C:/Users/Xande/Documents/GitHub/DMM_Vertical_Slice/Content/DavidsMightyMen/Art/FBX/Market_Stall/Market_Stall_Bars_BaseColor_sRGB.ubulk" 2511
"C:/Users/Xande/Documents/GitHub/DMM_Vertical_Slice/Content/DavidsMightyMen/Art/FBX/Market_Stall/Market_Stall_Bars_BaseColor_sRGB.uasset" 2512
"C:/Users/Xande/Documents/GitHub/DMM_Vertical_Slice/Content/DavidsMightyMen/Art/FBX/Market_Stall/Market_Stall_Bars_BaseColor_sRGB.uexp" 2513
"C:/Users/Xande/Documents/GitHub/DMM_Vertical_Slice/Content/DavidsMightyMen/Art/FBX/Market_Stall/Market_STall.uasset" 2514
"C:/Users/Xande/Documents/GitHub/DMM_Vertical_Slice/Content/DavidsMightyMen/Art/FBX/Market_Stall/Market_STall.uexp" 2515
"C:/Users/Xande/Documents/GitHub/DMM_Vertical_Slice/Content/DavidsMightyMen/Art/FBX/Market_Stall/Cloth.ubulk" 2516
"C:/Users/Xande/Documents/GitHub/DMM_Vertical_Slice/Content/DavidsMightyMen/Art/FBX/Market_Stall/Cloth.uasset" 2517
"C:/Users/Xande/Documents/GitHub/DMM_Vertical_Slice/Content/DavidsMightyMen/Art/FBX/Market_Stall/Cloth.uexp" 2518
"C:/Users/Xande/Documents/GitHub/DMM_Vertical_Slice/Content/DavidsMightyMen/Art/FBX/Market_Stall/Legs.ubulk" 2519
"C:/Users/Xande/Documents/GitHub/DMM_Vertical_Slice/Content/DavidsMightyMen/Art/FBX/Market_Stall/Legs.uasset" 2520
"C:/Users/Xande/Documents/GitHub/DMM_Vertical_Slice/Content/DavidsMightyMen/Art/FBX/Market_Stall/Legs.uexp" 2521
"C:/Users/Xande/Documents/GitHub/DMM_Vertical_Slice/Content/DavidsMightyMen/Art/FBX/Market_Stall/Table.ubulk" 2522
"C:/Users/Xande/Documents/GitHub/DMM_Vertical_Slice/Content/DavidsMightyMen/Art/FBX/Market_Stall/Table.uasset" 2523
"C:/Users/Xande/Documents/GitHub/DMM_Vertical_Slice/Content/DavidsMightyMen/Art/FBX/Market_Stall/Table.uexp" 2524
"C:/Users/Xande/Documents/GitHub/DMM_Vertical_Slice/Content/DavidsMightyMen/MaterialLibrary/Cobble_Stone/Cobble_Stone_OcclusionRoughnessMetallic.ubulk" 2525
"C:/Users/Xande/Documents/GitHub/DMM_Vertical_Slice/Content/DavidsMightyMen/MaterialLibrary/Cobble_Stone/Cobble_Stone_OcclusionRoughnessMetallic.uasset" 2526
"C:/Users/Xande/Documents/GitHub/DMM_Vertical_Slice/Content/DavidsMightyMen/MaterialLibrary/Cobble_Stone/Cobble_Stone_OcclusionRoughnessMetallic.uexp" 2527
"C:/Users/Xande/Documents/GitHub/DMM_Vertical_Slice/Content/DavidsMightyMen/MaterialLibrary/Cobble_Stone/Cobble_Stone_Normal.ubulk" 2528
"C:/Users/Xande/Documents/GitHub/DMM_Vertical_Slice/Content/DavidsMightyMen/MaterialLibrary/Cobble_Stone/Cobble_Stone_Normal.uasset" 2529
"C:/Users/Xande/Documents/GitHub/DMM_Vertical_Slice/Content/DavidsMightyMen/MaterialLibrary/Cobble_Stone/Cobble_Stone_Normal.uexp" 2530
"C:/Users/Xande/Documents/GitHub/DMM_Vertical_Slice/Content/DavidsMightyMen/MaterialLibrary/Cobble_Stone/Cobble_Stone_BaseColor.ubulk" 2531
"C:/Users/Xande/Documents/GitHub/DMM_Vertical_Slice/Content/DavidsMightyMen/MaterialLibrary/Cobble_Stone/Cobble_Stone_BaseColor.uasset" 2532
"C:/Users/Xande/Documents/GitHub/DMM_Vertical_Slice/Content/DavidsMightyMen/MaterialLibrary/Cobble_Stone/Cobble_Stone_BaseColor.uexp" 2533
"C:/Users/Xande/Documents/GitHub/DMM_Vertical_Slice/Content/DavidsMightyMen/MaterialLibrary/Cobble_Stone/Cobble_Stone.uasset" 2534
"C:/Users/Xande/Documents/GitHub/DMM_Vertical_Slice/Content/DavidsMightyMen/MaterialLibrary/Cobble_Stone/Cobble_Stone.uexp" 2535
"C:/Users/Xande/Documents/GitHub/DMM_Vertical_Slice/Content/DavidsMightyMen/MaterialLibrary/Cobble_Stone/Cobble_Instances/Cobble_Stone_Inst_Floor.uasset" 2536
"C:/Users/Xande/Documents/GitHub/DMM_Vertical_Slice/Content/DavidsMightyMen/MaterialLibrary/Cobble_Stone/Cobble_Instances/Cobble_Stone_Inst_Floor.uexp" 2537
"C:/Users/Xande/Documents/GitHub/DMM_Vertical_Slice/Content/DavidsMightyMen/Audio/MasterSoundClassMute.uasset" 2538
"C:/Users/Xande/Documents/GitHub/DMM_Vertical_Slice/Content/DavidsMightyMen/Audio/MasterSoundClassMute.uexp" 2539
"C:/Users/Xande/Documents/GitHub/DMM_Vertical_Slice/Content/DavidsMightyMen/UI/MainMenu/Widgets/Credits_WB.uasset" 2540
"C:/Users/Xande/Documents/GitHub/DMM_Vertical_Slice/Content/DavidsMightyMen/UI/MainMenu/Widgets/Credits_WB.uexp" 2541
"C:/Users/Xande/Documents/GitHub/DMM_Vertical_Slice/Content/DavidsMightyMen/UI/MainMenu/Styling/IconStyle_BP.uasset" 2542
"C:/Users/Xande/Documents/GitHub/DMM_Vertical_Slice/Content/DavidsMightyMen/UI/MainMenu/Styling/IconStyle_BP.uexp" 2543
"C:/Users/Xande/Documents/GitHub/DMM_Vertical_Slice/Content/DavidsMightyMen/UI/MainMenu/Styling/IconBase_BP.uasset" 2544
"C:/Users/Xande/Documents/GitHub/DMM_Vertical_Slice/Content/DavidsMightyMen/UI/MainMenu/Styling/IconBase_BP.uexp" 2545
"C:/Users/Xande/Documents/GitHub/DMM_Vertical_Slice/Content/DavidsMightyMen/Audio/SFX/UI_SFX/thunder.ubulk" 2546
"C:/Users/Xande/Documents/GitHub/DMM_Vertical_Slice/Content/DavidsMightyMen/Audio/SFX/UI_SFX/thunder.uasset" 2547
"C:/Users/Xande/Documents/GitHub/DMM_Vertical_Slice/Content/DavidsMightyMen/Audio/SFX/UI_SFX/thunder.uexp" 2548
"C:/Users/Xande/Documents/GitHub/DMM_Vertical_Slice/Content/DavidsMightyMen/UI/MainMenu/Styling/DMMmenutitle.uasset" 2549
"C:/Users/Xande/Documents/GitHub/DMM_Vertical_Slice/Content/DavidsMightyMen/UI/MainMenu/Styling/DMMmenutitle.uexp" 2550
"C:/Users/Xande/Documents/GitHub/DMM_Vertical_Slice/Content/DavidsMightyMen/UI/MainMenu/Widgets/MainMenu_WB.uasset" 2551
"C:/Users/Xande/Documents/GitHub/DMM_Vertical_Slice/Content/DavidsMightyMen/UI/MainMenu/Widgets/MainMenu_WB.uexp" 2552
"C:/Users/Xande/Documents/GitHub/DMM_Vertical_Slice/Content/DavidsMightyMen/UI/MainMenu/GameMode/MainMenuGameMode.uasset" 2553
"C:/Users/Xande/Documents/GitHub/DMM_Vertical_Slice/Content/DavidsMightyMen/UI/MainMenu/GameMode/MainMenuGameMode.uexp" 2554
"C:/Users/Xande/Documents/GitHub/DMM_Vertical_Slice/Content/DavidsMightyMen/UI/MainMenu/GameMode/StartingCamera_BP.uasset" 2555
"C:/Users/Xande/Documents/GitHub/DMM_Vertical_Slice/Content/DavidsMightyMen/UI/MainMenu/GameMode/StartingCamera_BP.uexp" 2556
"C:/Users/Xande/Documents/GitHub/DMM_Vertical_Slice/Content/DavidsMightyMen/Audio/Music/Knights_of_the_Crimson_Dawn.ubulk" 2557
"C:/Users/Xande/Documents/GitHub/DMM_Vertical_Slice/Content/DavidsMightyMen/Audio/Music/Knights_of_the_Crimson_Dawn.uasset" 2558
"C:/Users/Xande/Documents/GitHub/DMM_Vertical_Slice/Content/DavidsMightyMen/Audio/Music/Knights_of_the_Crimson_Dawn.uexp" 2559
"C:/Users/Xande/Documents/GitHub/DMM_Vertical_Slice/Content/DavidsMightyMen/UI/MainMenu/MenuMaps/MainMenuMap.uexp" 2560
"C:/Users/Xande/Documents/GitHub/DMM_Vertical_Slice/Content/DavidsMightyMen/UI/MainMenu/MenuMaps/MainMenuMap.umap" 2561
"C:/Users/Xande/Documents/GitHub/DMM_Vertical_Slice/Content/DavidsMightyMen/Maps/Level_1_City/SubLevels/Player_and_Allies.uexp" 2562
"C:/Users/Xande/Documents/GitHub/DMM_Vertical_Slice/Content/DavidsMightyMen/Maps/Level_1_City/SubLevels/Player_and_Allies.umap" 2563
"C:/Users/Xande/Documents/GitHub/DMM_Vertical_Slice/Content/DavidsMightyMen/MaterialLibrary/Wood/Wood_normal.ubulk" 2564
"C:/Users/Xande/Documents/GitHub/DMM_Vertical_Slice/Content/DavidsMightyMen/MaterialLibrary/Wood/Wood_normal.uasset" 2565
"C:/Users/Xande/Documents/GitHub/DMM_Vertical_Slice/Content/DavidsMightyMen/MaterialLibrary/Wood/Wood_normal.uexp" 2566
"C:/Users/Xande/Documents/GitHub/DMM_Vertical_Slice/Content/DavidsMightyMen/MaterialLibrary/Wood/Wood_basecolor.ubulk" 2567
"C:/Users/Xande/Documents/GitHub/DMM_Vertical_Slice/Content/DavidsMightyMen/MaterialLibrary/Wood/Wood_basecolor.uasset" 2568
"C:/Users/Xande/Documents/GitHub/DMM_Vertical_Slice/Content/DavidsMightyMen/MaterialLibrary/Wood/Wood_basecolor.uexp" 2569
"C:/Users/Xande/Documents/GitHub/DMM_Vertical_Slice/Content/DavidsMightyMen/MaterialLibrary/Wood/Wood_ambientocclusion.ubulk" 2570
"C:/Users/Xande/Documents/GitHub/DMM_Vertical_Slice/Content/DavidsMightyMen/MaterialLibrary/Wood/Wood_ambientocclusion.uasset" 2571
"C:/Users/Xande/Documents/GitHub/DMM_Vertical_Slice/Content/DavidsMightyMen/MaterialLibrary/Wood/Wood_ambientocclusion.uexp" 2572
"C:/Users/Xande/Documents/GitHub/DMM_Vertical_Slice/Content/DavidsMightyMen/MaterialLibrary/Wood/Wood.uasset" 2573
"C:/Users/Xande/Documents/GitHub/DMM_Vertical_Slice/Content/DavidsMightyMen/MaterialLibrary/Wood/Wood.uexp" 2574
"C:/Users/Xande/Documents/GitHub/DMM_Vertical_Slice/Content/DavidsMightyMen/MaterialLibrary/Wood/Wood_Instances/Wood_Inst_WellPot.uasset" 2575
"C:/Users/Xande/Documents/GitHub/DMM_Vertical_Slice/Content/DavidsMightyMen/MaterialLibrary/Wood/Wood_Instances/Wood_Inst_WellPot.uexp" 2576
"C:/Users/Xande/Documents/GitHub/DMM_Vertical_Slice/Content/DavidsMightyMen/MaterialLibrary/Wood/Wood_Instances/Wood_Inst_WellPole.uasset" 2577
"C:/Users/Xande/Documents/GitHub/DMM_Vertical_Slice/Content/DavidsMightyMen/MaterialLibrary/Wood/Wood_Instances/Wood_Inst_WellPole.uexp" 2578
"C:/Users/Xande/Documents/GitHub/DMM_Vertical_Slice/Content/DavidsMightyMen/MaterialLibrary/Wood/Wood_Instances/Brown.uasset" 2579
"C:/Users/Xande/Documents/GitHub/DMM_Vertical_Slice/Content/DavidsMightyMen/MaterialLibrary/Wood/Wood_Instances/Brown.uexp" 2580
"C:/Users/Xande/Documents/GitHub/DMM_Vertical_Slice/Content/DavidsMightyMen/MaterialLibrary/Materials/M_FlatCol.uasset" 2581
"C:/Users/Xande/Documents/GitHub/DMM_Vertical_Slice/Content/DavidsMightyMen/MaterialLibrary/Materials/M_FlatCol.uexp" 2582
"C:/Users/Xande/Documents/GitHub/DMM_Vertical_Slice/Content/DavidsMightyMen/MaterialLibrary/Materials/MI_DefaultColorway.uasset" 2583
"C:/Users/Xande/Documents/GitHub/DMM_Vertical_Slice/Content/DavidsMightyMen/MaterialLibrary/Materials/MI_DefaultColorway.uexp" 2584
"C:/Users/Xande/Documents/GitHub/DMM_Vertical_Slice/Content/DavidsMightyMen/MaterialLibrary/Brick/Brick_Instances/Brick_Inst_WellTop.uasset" 2585
"C:/Users/Xande/Documents/GitHub/DMM_Vertical_Slice/Content/DavidsMightyMen/MaterialLibrary/Brick/Brick_Instances/Brick_Inst_WellTop.uexp" 2586
"C:/Users/Xande/Documents/GitHub/DMM_Vertical_Slice/Content/DavidsMightyMen/MaterialLibrary/Brick/Brick_Instances/Brick_Inst_WellBottom.uasset" 2587
"C:/Users/Xande/Documents/GitHub/DMM_Vertical_Slice/Content/DavidsMightyMen/MaterialLibrary/Brick/Brick_Instances/Brick_Inst_WellBottom.uexp" 2588
"C:/Users/Xande/Documents/GitHub/DMM_Vertical_Slice/Content/DavidsMightyMen/Art/FBX/Wooden_Fence/Wodden_Fence_Legs_OcclusionRoughnessMetallic_Raw.ubulk" 2589
"C:/Users/Xande/Documents/GitHub/DMM_Vertical_Slice/Content/DavidsMightyMen/Art/FBX/Wooden_Fence/Wodden_Fence_Legs_OcclusionRoughnessMetallic_Raw.uasset" 2590
"C:/Users/Xande/Documents/GitHub/DMM_Vertical_Slice/Content/DavidsMightyMen/Art/FBX/Wooden_Fence/Wodden_Fence_Legs_OcclusionRoughnessMetallic_Raw.uexp" 2591
"C:/Users/Xande/Documents/GitHub/DMM_Vertical_Slice/Content/DavidsMightyMen/Art/FBX/Wooden_Fence/Wodden_Fence_Legs_Normal_Raw.ubulk" 2592
"C:/Users/Xande/Documents/GitHub/DMM_Vertical_Slice/Content/DavidsMightyMen/Art/FBX/Wooden_Fence/Wodden_Fence_Legs_Normal_Raw.uasset" 2593
"C:/Users/Xande/Documents/GitHub/DMM_Vertical_Slice/Content/DavidsMightyMen/Art/FBX/Wooden_Fence/Wodden_Fence_Legs_Normal_Raw.uexp" 2594
"C:/Users/Xande/Documents/GitHub/DMM_Vertical_Slice/Content/DavidsMightyMen/Art/FBX/Wooden_Fence/Wodden_Fence_Legs_BaseColor_sRGB.ubulk" 2595
"C:/Users/Xande/Documents/GitHub/DMM_Vertical_Slice/Content/DavidsMightyMen/Art/FBX/Wooden_Fence/Wodden_Fence_Legs_BaseColor_sRGB.uasset" 2596
"C:/Users/Xande/Documents/GitHub/DMM_Vertical_Slice/Content/DavidsMightyMen/Art/FBX/Wooden_Fence/Wodden_Fence_Legs_BaseColor_sRGB.uexp" 2597
"C:/Users/Xande/Documents/GitHub/DMM_Vertical_Slice/Content/DavidsMightyMen/Art/FBX/Wooden_Fence/Legs.uasset" 2598
"C:/Users/Xande/Documents/GitHub/DMM_Vertical_Slice/Content/DavidsMightyMen/Art/FBX/Wooden_Fence/Legs.uexp" 2599
"C:/Users/Xande/Documents/GitHub/DMM_Vertical_Slice/Content/DavidsMightyMen/Art/FBX/Wooden_Fence/Wodden_Fence_Top_OcclusionRoughnessMetallic_Raw.ubulk" 2600
"C:/Users/Xande/Documents/GitHub/DMM_Vertical_Slice/Content/DavidsMightyMen/Art/FBX/Wooden_Fence/Wodden_Fence_Top_OcclusionRoughnessMetallic_Raw.uasset" 2601
"C:/Users/Xande/Documents/GitHub/DMM_Vertical_Slice/Content/DavidsMightyMen/Art/FBX/Wooden_Fence/Wodden_Fence_Top_OcclusionRoughnessMetallic_Raw.uexp" 2602
"C:/Users/Xande/Documents/GitHub/DMM_Vertical_Slice/Content/DavidsMightyMen/Art/FBX/Wooden_Fence/Wodden_Fence_Top_Normal_Raw.ubulk" 2603
"C:/Users/Xande/Documents/GitHub/DMM_Vertical_Slice/Content/DavidsMightyMen/Art/FBX/Wooden_Fence/Wodden_Fence_Top_Normal_Raw.uasset" 2604
"C:/Users/Xande/Documents/GitHub/DMM_Vertical_Slice/Content/DavidsMightyMen/Art/FBX/Wooden_Fence/Wodden_Fence_Top_Normal_Raw.uexp" 2605
"C:/Users/Xande/Documents/GitHub/DMM_Vertical_Slice/Content/DavidsMightyMen/Art/FBX/Wooden_Fence/Wodden_Fence_Top_BaseColor_sRGB.ubulk" 2606
"C:/Users/Xande/Documents/GitHub/DMM_Vertical_Slice/Content/DavidsMightyMen/Art/FBX/Wooden_Fence/Wodden_Fence_Top_BaseColor_sRGB.uasset" 2607
"C:/Users/Xande/Documents/GitHub/DMM_Vertical_Slice/Content/DavidsMightyMen/Art/FBX/Wooden_Fence/Wodden_Fence_Top_BaseColor_sRGB.uexp" 2608
"C:/Users/Xande/Documents/GitHub/DMM_Vertical_Slice/Content/DavidsMightyMen/Art/FBX/Wooden_Fence/Top.uasset" 2609
"C:/Users/Xande/Documents/GitHub/DMM_Vertical_Slice/Content/DavidsMightyMen/Art/FBX/Wooden_Fence/Top.uexp" 2610
"C:/Users/Xande/Documents/GitHub/DMM_Vertical_Slice/Content/DavidsMightyMen/Art/FBX/Wooden_Fence/Wodden_Fence_Body_OcclusionRoughnessMetallic_Raw.ubulk" 2611
"C:/Users/Xande/Documents/GitHub/DMM_Vertical_Slice/Content/DavidsMightyMen/Art/FBX/Wooden_Fence/Wodden_Fence_Body_OcclusionRoughnessMetallic_Raw.uasset" 2612
"C:/Users/Xande/Documents/GitHub/DMM_Vertical_Slice/Content/DavidsMightyMen/Art/FBX/Wooden_Fence/Wodden_Fence_Body_OcclusionRoughnessMetallic_Raw.uexp" 2613
"C:/Users/Xande/Documents/GitHub/DMM_Vertical_Slice/Content/DavidsMightyMen/Art/FBX/Wooden_Fence/Wodden_Fence_Body_Normal_Raw.ubulk" 2614
"C:/Users/Xande/Documents/GitHub/DMM_Vertical_Slice/Content/DavidsMightyMen/Art/FBX/Wooden_Fence/Wodden_Fence_Body_Normal_Raw.uasset" 2615
"C:/Users/Xande/Documents/GitHub/DMM_Vertical_Slice/Content/DavidsMightyMen/Art/FBX/Wooden_Fence/Wodden_Fence_Body_Normal_Raw.uexp" 2616
"C:/Users/Xande/Documents/GitHub/DMM_Vertical_Slice/Content/DavidsMightyMen/Art/FBX/Wooden_Fence/Wodden_Fence_Body_BaseColor_sRGB.ubulk" 2617
"C:/Users/Xande/Documents/GitHub/DMM_Vertical_Slice/Content/DavidsMightyMen/Art/FBX/Wooden_Fence/Wodden_Fence_Body_BaseColor_sRGB.uasset" 2618
"C:/Users/Xande/Documents/GitHub/DMM_Vertical_Slice/Content/DavidsMightyMen/Art/FBX/Wooden_Fence/Wodden_Fence_Body_BaseColor_sRGB.uexp" 2619
"C:/Users/Xande/Documents/GitHub/DMM_Vertical_Slice/Content/DavidsMightyMen/Art/FBX/Wooden_Fence/Body.uasset" 2620
"C:/Users/Xande/Documents/GitHub/DMM_Vertical_Slice/Content/DavidsMightyMen/Art/FBX/Wooden_Fence/Body.uexp" 2621
"C:/Users/Xande/Documents/GitHub/DMM_Vertical_Slice/Content/DavidsMightyMen/Art/FBX/Wooden_Fence/Wodden_Fence.ubulk" 2622
"C:/Users/Xande/Documents/GitHub/DMM_Vertical_Slice/Content/DavidsMightyMen/Art/FBX/Wooden_Fence/Wodden_Fence.uasset" 2623
"C:/Users/Xande/Documents/GitHub/DMM_Vertical_Slice/Content/DavidsMightyMen/Art/FBX/Wooden_Fence/Wodden_Fence.uexp" 2624
"C:/Users/Xande/Documents/GitHub/DMM_Vertical_Slice/Content/DavidsMightyMen/Maps/Level_1_City/SL_Blockouts/_GENERATED/lsoss/Boolean_6B286692.ubulk" 2625
"C:/Users/Xande/Documents/GitHub/DMM_Vertical_Slice/Content/DavidsMightyMen/Maps/Level_1_City/SL_Blockouts/_GENERATED/lsoss/Boolean_6B286692.uasset" 2626
"C:/Users/Xande/Documents/GitHub/DMM_Vertical_Slice/Content/DavidsMightyMen/Maps/Level_1_City/SL_Blockouts/_GENERATED/lsoss/Boolean_6B286692.uexp" 2627
"C:/Users/Xande/Documents/GitHub/DMM_Vertical_Slice/Content/DavidsMightyMen/Maps/Level_1_City/SL_Blockouts/_GENERATED/lsoss/Boolean_CE1974AA.ubulk" 2628
"C:/Users/Xande/Documents/GitHub/DMM_Vertical_Slice/Content/DavidsMightyMen/Maps/Level_1_City/SL_Blockouts/_GENERATED/lsoss/Boolean_CE1974AA.uasset" 2629
"C:/Users/Xande/Documents/GitHub/DMM_Vertical_Slice/Content/DavidsMightyMen/Maps/Level_1_City/SL_Blockouts/_GENERATED/lsoss/Boolean_CE1974AA.uexp" 2630
"C:/Users/Xande/Documents/GitHub/DMM_Vertical_Slice/Content/DavidsMightyMen/Maps/Level_1_City/SL_Blockouts/_GENERATED/User/Boolean_B3032A9D.ubulk" 2631
"C:/Users/Xande/Documents/GitHub/DMM_Vertical_Slice/Content/DavidsMightyMen/Maps/Level_1_City/SL_Blockouts/_GENERATED/User/Boolean_B3032A9D.uasset" 2632
"C:/Users/Xande/Documents/GitHub/DMM_Vertical_Slice/Content/DavidsMightyMen/Maps/Level_1_City/SL_Blockouts/_GENERATED/User/Boolean_B3032A9D.uexp" 2633
"C:/Users/Xande/Documents/GitHub/DMM_Vertical_Slice/Content/DavidsMightyMen/Maps/Level_1_City/SL_Blockouts/_GENERATED/User/Boolean_DC517380.ubulk" 2634
"C:/Users/Xande/Documents/GitHub/DMM_Vertical_Slice/Content/DavidsMightyMen/Maps/Level_1_City/SL_Blockouts/_GENERATED/User/Boolean_DC517380.uasset" 2635
"C:/Users/Xande/Documents/GitHub/DMM_Vertical_Slice/Content/DavidsMightyMen/Maps/Level_1_City/SL_Blockouts/_GENERATED/User/Boolean_DC517380.uexp" 2636
"C:/Users/Xande/Documents/GitHub/DMM_Vertical_Slice/Content/DavidsMightyMen/Maps/Level_1_City/SL_Blockouts/_GENERATED/User/Cylinder_C81C785F.ubulk" 2637
"C:/Users/Xande/Documents/GitHub/DMM_Vertical_Slice/Content/DavidsMightyMen/Maps/Level_1_City/SL_Blockouts/_GENERATED/User/Cylinder_C81C785F.uasset" 2638
"C:/Users/Xande/Documents/GitHub/DMM_Vertical_Slice/Content/DavidsMightyMen/Maps/Level_1_City/SL_Blockouts/_GENERATED/User/Cylinder_C81C785F.uexp" 2639
"C:/Users/Xande/Documents/GitHub/DMM_Vertical_Slice/Content/DavidsMightyMen/Maps/Level_1_City/SubLevels/OutskirtBuildings.uexp" 2640
"C:/Users/Xande/Documents/GitHub/DMM_Vertical_Slice/Content/DavidsMightyMen/Maps/Level_1_City/SubLevels/OutskirtBuildings.umap" 2641
"C:/Users/Xande/Documents/GitHub/DMM_Vertical_Slice/Content/DavidsMightyMen/VFX/T_Fire_Tiled_D.ubulk" 2642
"C:/Users/Xande/Documents/GitHub/DMM_Vertical_Slice/Content/DavidsMightyMen/VFX/T_Fire_Tiled_D.uasset" 2643
"C:/Users/Xande/Documents/GitHub/DMM_Vertical_Slice/Content/DavidsMightyMen/VFX/T_Fire_Tiled_D.uexp" 2644
"C:/Users/Xande/Documents/GitHub/DMM_Vertical_Slice/Content/DavidsMightyMen/VFX/T_Fire_SubUV.ubulk" 2645
"C:/Users/Xande/Documents/GitHub/DMM_Vertical_Slice/Content/DavidsMightyMen/VFX/T_Fire_SubUV.uasset" 2646
"C:/Users/Xande/Documents/GitHub/DMM_Vertical_Slice/Content/DavidsMightyMen/VFX/T_Fire_SubUV.uexp" 2647
"C:/Users/Xande/Documents/GitHub/DMM_Vertical_Slice/Content/DavidsMightyMen/VFX/M_Fire_SubUV.uasset" 2648
"C:/Users/Xande/Documents/GitHub/DMM_Vertical_Slice/Content/DavidsMightyMen/VFX/M_Fire_SubUV.uexp" 2649
"C:/Users/Xande/Documents/GitHub/DMM_Vertical_Slice/Content/DavidsMightyMen/VFX/VFX_Fire.uasset" 2650
"C:/Users/Xande/Documents/GitHub/DMM_Vertical_Slice/Content/DavidsMightyMen/VFX/VFX_Fire.uexp" 2651
"C:/Users/Xande/Documents/GitHub/DMM_Vertical_Slice/Content/DavidsMightyMen/Art/FBX/Wall_Torch/Wall_Torch_Wood_OcclusionRoughnessMetallic_Raw.ubulk" 2652
"C:/Users/Xande/Documents/GitHub/DMM_Vertical_Slice/Content/DavidsMightyMen/Art/FBX/Wall_Torch/Wall_Torch_Wood_OcclusionRoughnessMetallic_Raw.uasset" 2653
"C:/Users/Xande/Documents/GitHub/DMM_Vertical_Slice/Content/DavidsMightyMen/Art/FBX/Wall_Torch/Wall_Torch_Wood_OcclusionRoughnessMetallic_Raw.uexp" 2654
"C:/Users/Xande/Documents/GitHub/DMM_Vertical_Slice/Content/DavidsMightyMen/Art/FBX/Wall_Torch/Wall_Torch_Wood_Normal_Raw.ubulk" 2655
"C:/Users/Xande/Documents/GitHub/DMM_Vertical_Slice/Content/DavidsMightyMen/Art/FBX/Wall_Torch/Wall_Torch_Wood_Normal_Raw.uasset" 2656
"C:/Users/Xande/Documents/GitHub/DMM_Vertical_Slice/Content/DavidsMightyMen/Art/FBX/Wall_Torch/Wall_Torch_Wood_Normal_Raw.uexp" 2657
"C:/Users/Xande/Documents/GitHub/DMM_Vertical_Slice/Content/DavidsMightyMen/Art/FBX/Wall_Torch/Wall_Torch_Wood_BaseColor_sRGB.ubulk" 2658
"C:/Users/Xande/Documents/GitHub/DMM_Vertical_Slice/Content/DavidsMightyMen/Art/FBX/Wall_Torch/Wall_Torch_Wood_BaseColor_sRGB.uasset" 2659
"C:/Users/Xande/Documents/GitHub/DMM_Vertical_Slice/Content/DavidsMightyMen/Art/FBX/Wall_Torch/Wall_Torch_Wood_BaseColor_sRGB.uexp" 2660
"C:/Users/Xande/Documents/GitHub/DMM_Vertical_Slice/Content/DavidsMightyMen/Art/FBX/Wall_Torch/Wood.uasset" 2661
"C:/Users/Xande/Documents/GitHub/DMM_Vertical_Slice/Content/DavidsMightyMen/Art/FBX/Wall_Torch/Wood.uexp" 2662
"C:/Users/Xande/Documents/GitHub/DMM_Vertical_Slice/Content/DavidsMightyMen/Art/FBX/Wall_Torch/Wall_Torch_Bars_OcclusionRoughnessMetallic_Raw.ubulk" 2663
"C:/Users/Xande/Documents/GitHub/DMM_Vertical_Slice/Content/DavidsMightyMen/Art/FBX/Wall_Torch/Wall_Torch_Bars_OcclusionRoughnessMetallic_Raw.uasset" 2664
"C:/Users/Xande/Documents/GitHub/DMM_Vertical_Slice/Content/DavidsMightyMen/Art/FBX/Wall_Torch/Wall_Torch_Bars_OcclusionRoughnessMetallic_Raw.uexp" 2665
"C:/Users/Xande/Documents/GitHub/DMM_Vertical_Slice/Content/DavidsMightyMen/Art/FBX/Wall_Torch/Wall_Torch_Bars_Normal_Raw.ubulk" 2666
"C:/Users/Xande/Documents/GitHub/DMM_Vertical_Slice/Content/DavidsMightyMen/Art/FBX/Wall_Torch/Wall_Torch_Bars_Normal_Raw.uasset" 2667
"C:/Users/Xande/Documents/GitHub/DMM_Vertical_Slice/Content/DavidsMightyMen/Art/FBX/Wall_Torch/Wall_Torch_Bars_Normal_Raw.uexp" 2668
"C:/Users/Xande/Documents/GitHub/DMM_Vertical_Slice/Content/DavidsMightyMen/Art/FBX/Wall_Torch/Wall_Torch_Bars_BaseColor_sRGB.ubulk" 2669
"C:/Users/Xande/Documents/GitHub/DMM_Vertical_Slice/Content/DavidsMightyMen/Art/FBX/Wall_Torch/Wall_Torch_Bars_BaseColor_sRGB.uasset" 2670
"C:/Users/Xande/Documents/GitHub/DMM_Vertical_Slice/Content/DavidsMightyMen/Art/FBX/Wall_Torch/Wall_Torch_Bars_BaseColor_sRGB.uexp" 2671
"C:/Users/Xande/Documents/GitHub/DMM_Vertical_Slice/Content/DavidsMightyMen/Art/FBX/Wall_Torch/Iron.uasset" 2672
"C:/Users/Xande/Documents/GitHub/DMM_Vertical_Slice/Content/DavidsMightyMen/Art/FBX/Wall_Torch/Iron.uexp" 2673
"C:/Users/Xande/Documents/GitHub/DMM_Vertical_Slice/Content/DavidsMightyMen/Art/FBX/Wall_Torch/Wall_Torch.ubulk" 2674
"C:/Users/Xande/Documents/GitHub/DMM_Vertical_Slice/Content/DavidsMightyMen/Art/FBX/Wall_Torch/Wall_Torch.uasset" 2675
"C:/Users/Xande/Documents/GitHub/DMM_Vertical_Slice/Content/DavidsMightyMen/Art/FBX/Wall_Torch/Wall_Torch.uexp" 2676
"C:/Users/Xande/Documents/GitHub/DMM_Vertical_Slice/Content/DavidsMightyMen/VFX/BP_TorchVFX.uasset" 2677
"C:/Users/Xande/Documents/GitHub/DMM_Vertical_Slice/Content/DavidsMightyMen/VFX/BP_TorchVFX.uexp" 2678
"C:/Users/Xande/Documents/GitHub/DMM_Vertical_Slice/Content/DavidsMightyMen/VFX/AustinVFX/smoke_texture.uasset" 2679
"C:/Users/Xande/Documents/GitHub/DMM_Vertical_Slice/Content/DavidsMightyMen/VFX/AustinVFX/smoke_texture.uexp" 2680
"C:/Users/Xande/Documents/GitHub/DMM_Vertical_Slice/Content/DavidsMightyMen/VFX/AustinVFX/Smoke_Austin.uasset" 2681
"C:/Users/Xande/Documents/GitHub/DMM_Vertical_Slice/Content/DavidsMightyMen/VFX/AustinVFX/Smoke_Austin.uexp" 2682
"C:/Users/Xande/Documents/GitHub/DMM_Vertical_Slice/Content/DavidsMightyMen/Maps/_GENERATED/User/DivineSphere.ubulk" 2683
"C:/Users/Xande/Documents/GitHub/DMM_Vertical_Slice/Content/DavidsMightyMen/Maps/_GENERATED/User/DivineSphere.uasset" 2684
"C:/Users/Xande/Documents/GitHub/DMM_Vertical_Slice/Content/DavidsMightyMen/Maps/_GENERATED/User/DivineSphere.uexp" 2685
"../../../Engine/Plugins/Experimental/Landmass/Content/PreviewContent/Water/Textures/T_Foam_DistanceField_Fade_02.ubulk" 2686
"../../../Engine/Plugins/Experimental/Landmass/Content/PreviewContent/Water/Textures/T_Foam_DistanceField_Fade_02.uasset" 2687
"../../../Engine/Plugins/Experimental/Landmass/Content/PreviewContent/Water/Textures/T_Foam_DistanceField_Fade_02.uexp" 2688
"../../../Engine/Content/Functions/Engine_MaterialFunctions03/ComplexMotion/Motion_4WayChaos.uasset" 2689
"../../../Engine/Content/Functions/Engine_MaterialFunctions03/ComplexMotion/Motion_4WayChaos.uexp" 2690
"C:/Users/Xande/Documents/GitHub/DMM_Vertical_Slice/Content/DavidsMightyMen/VFX/AustinVFX/M_Orb.uasset" 2691
"C:/Users/Xande/Documents/GitHub/DMM_Vertical_Slice/Content/DavidsMightyMen/VFX/AustinVFX/M_Orb.uexp" 2692
"C:/Users/Xande/Documents/GitHub/DMM_Vertical_Slice/Content/DavidsMightyMen/VFX/AustinVFX/VFX_DivineOrb.uasset" 2693
"C:/Users/Xande/Documents/GitHub/DMM_Vertical_Slice/Content/DavidsMightyMen/VFX/AustinVFX/VFX_DivineOrb.uexp" 2694
"C:/Users/Xande/Documents/GitHub/DMM_Vertical_Slice/Content/DavidsMightyMen/Art/FBX/Collectibles/BP_DivineOrb.uasset" 2695
"C:/Users/Xande/Documents/GitHub/DMM_Vertical_Slice/Content/DavidsMightyMen/Art/FBX/Collectibles/BP_DivineOrb.uexp" 2696
"C:/Users/Xande/Documents/GitHub/DMM_Vertical_Slice/Content/DavidsMightyMen/Maps/Level_1_City/_GENERATED/User/Boolean_B6572B00.ubulk" 2697
"C:/Users/Xande/Documents/GitHub/DMM_Vertical_Slice/Content/DavidsMightyMen/Maps/Level_1_City/_GENERATED/User/Boolean_B6572B00.uasset" 2698
"C:/Users/Xande/Documents/GitHub/DMM_Vertical_Slice/Content/DavidsMightyMen/Maps/Level_1_City/_GENERATED/User/Boolean_B6572B00.uexp" 2699
"C:/Users/Xande/Documents/GitHub/DMM_Vertical_Slice/Content/DavidsMightyMen/Maps/Level_1_City/_GENERATED/User/Boolean_5FBDD126.ubulk" 2700
"C:/Users/Xande/Documents/GitHub/DMM_Vertical_Slice/Content/DavidsMightyMen/Maps/Level_1_City/_GENERATED/User/Boolean_5FBDD126.uasset" 2701
"C:/Users/Xande/Documents/GitHub/DMM_Vertical_Slice/Content/DavidsMightyMen/Maps/Level_1_City/_GENERATED/User/Boolean_5FBDD126.uexp" 2702
"C:/Users/Xande/Documents/GitHub/DMM_Vertical_Slice/Content/DavidsMightyMen/Maps/Level_1_City/_GENERATED/User/Boolean_063653CE.ubulk" 2703
"C:/Users/Xande/Documents/GitHub/DMM_Vertical_Slice/Content/DavidsMightyMen/Maps/Level_1_City/_GENERATED/User/Boolean_063653CE.uasset" 2704
"C:/Users/Xande/Documents/GitHub/DMM_Vertical_Slice/Content/DavidsMightyMen/Maps/Level_1_City/_GENERATED/User/Boolean_063653CE.uexp" 2705
"C:/Users/Xande/Documents/GitHub/DMM_Vertical_Slice/Content/DavidsMightyMen/Maps/Level_1_City/_GENERATED/User/Boolean_012FBD04.ubulk" 2706
"C:/Users/Xande/Documents/GitHub/DMM_Vertical_Slice/Content/DavidsMightyMen/Maps/Level_1_City/_GENERATED/User/Boolean_012FBD04.uasset" 2707
"C:/Users/Xande/Documents/GitHub/DMM_Vertical_Slice/Content/DavidsMightyMen/Maps/Level_1_City/_GENERATED/User/Boolean_012FBD04.uexp" 2708
"C:/Users/Xande/Documents/GitHub/DMM_Vertical_Slice/Content/DavidsMightyMen/Art/FBX/Modular_Kits/FBX/wooden_pole.ubulk" 2709
"C:/Users/Xande/Documents/GitHub/DMM_Vertical_Slice/Content/DavidsMightyMen/Art/FBX/Modular_Kits/FBX/wooden_pole.uasset" 2710
"C:/Users/Xande/Documents/GitHub/DMM_Vertical_Slice/Content/DavidsMightyMen/Art/FBX/Modular_Kits/FBX/wooden_pole.uexp" 2711
"C:/Users/Xande/Documents/GitHub/DMM_Vertical_Slice/Content/DavidsMightyMen/Art/FBX/Modular_Kits/FBX/wall_curve.ubulk" 2712
"C:/Users/Xande/Documents/GitHub/DMM_Vertical_Slice/Content/DavidsMightyMen/Art/FBX/Modular_Kits/FBX/wall_curve.uasset" 2713
"C:/Users/Xande/Documents/GitHub/DMM_Vertical_Slice/Content/DavidsMightyMen/Art/FBX/Modular_Kits/FBX/wall_curve.uexp" 2714
"C:/Users/Xande/Documents/GitHub/DMM_Vertical_Slice/Content/DavidsMightyMen/Art/FBX/Modular_Kits/FBX/stair_4.ubulk" 2715
"C:/Users/Xande/Documents/GitHub/DMM_Vertical_Slice/Content/DavidsMightyMen/Art/FBX/Modular_Kits/FBX/stair_4.uasset" 2716
"C:/Users/Xande/Documents/GitHub/DMM_Vertical_Slice/Content/DavidsMightyMen/Art/FBX/Modular_Kits/FBX/stair_4.uexp" 2717
"C:/Users/Xande/Documents/GitHub/DMM_Vertical_Slice/Content/DavidsMightyMen/Art/FBX/Modular_Kits/Material/trimsheet_2_trimsheet2_OcclusionRoughnessMetallic_Raw.ubulk" 2718
"C:/Users/Xande/Documents/GitHub/DMM_Vertical_Slice/Content/DavidsMightyMen/Art/FBX/Modular_Kits/Material/trimsheet_2_trimsheet2_OcclusionRoughnessMetallic_Raw.uasset" 2719
"C:/Users/Xande/Documents/GitHub/DMM_Vertical_Slice/Content/DavidsMightyMen/Art/FBX/Modular_Kits/Material/trimsheet_2_trimsheet2_OcclusionRoughnessMetallic_Raw.uexp" 2720
"C:/Users/Xande/Documents/GitHub/DMM_Vertical_Slice/Content/DavidsMightyMen/Art/FBX/Modular_Kits/Material/trimsheet_2_trimsheet2_Normal_Raw.ubulk" 2721
"C:/Users/Xande/Documents/GitHub/DMM_Vertical_Slice/Content/DavidsMightyMen/Art/FBX/Modular_Kits/Material/trimsheet_2_trimsheet2_Normal_Raw.uasset" 2722
"C:/Users/Xande/Documents/GitHub/DMM_Vertical_Slice/Content/DavidsMightyMen/Art/FBX/Modular_Kits/Material/trimsheet_2_trimsheet2_Normal_Raw.uexp" 2723
"C:/Users/Xande/Documents/GitHub/DMM_Vertical_Slice/Content/DavidsMightyMen/Art/FBX/Modular_Kits/Material/trimsheet_2_trimsheet2_BaseColor_sRGB.ubulk" 2724
"C:/Users/Xande/Documents/GitHub/DMM_Vertical_Slice/Content/DavidsMightyMen/Art/FBX/Modular_Kits/Material/trimsheet_2_trimsheet2_BaseColor_sRGB.uasset" 2725
"C:/Users/Xande/Documents/GitHub/DMM_Vertical_Slice/Content/DavidsMightyMen/Art/FBX/Modular_Kits/Material/trimsheet_2_trimsheet2_BaseColor_sRGB.uexp" 2726
"C:/Users/Xande/Documents/GitHub/DMM_Vertical_Slice/Content/DavidsMightyMen/Art/FBX/Modular_Kits/Material/Castle.uasset" 2727
"C:/Users/Xande/Documents/GitHub/DMM_Vertical_Slice/Content/DavidsMightyMen/Art/FBX/Modular_Kits/Material/Castle.uexp" 2728
"C:/Users/Xande/Documents/GitHub/DMM_Vertical_Slice/Content/DavidsMightyMen/Art/FBX/Modular_Kits/Material/CastleInt.uasset" 2729
"C:/Users/Xande/Documents/GitHub/DMM_Vertical_Slice/Content/DavidsMightyMen/Art/FBX/Modular_Kits/Material/CastleInt.uexp" 2730
"C:/Users/Xande/Documents/GitHub/DMM_Vertical_Slice/Content/DavidsMightyMen/Art/FBX/Modular_Kits/FBX/pPlane1.ubulk" 2731
"C:/Users/Xande/Documents/GitHub/DMM_Vertical_Slice/Content/DavidsMightyMen/Art/FBX/Modular_Kits/FBX/pPlane1.uasset" 2732
"C:/Users/Xande/Documents/GitHub/DMM_Vertical_Slice/Content/DavidsMightyMen/Art/FBX/Modular_Kits/FBX/pPlane1.uexp" 2733
"C:/Users/Xande/Documents/GitHub/DMM_Vertical_Slice/Content/DavidsMightyMen/Art/FBX/Modular_Kits/FBX/pPipe5.ubulk" 2734
"C:/Users/Xande/Documents/GitHub/DMM_Vertical_Slice/Content/DavidsMightyMen/Art/FBX/Modular_Kits/FBX/pPipe5.uasset" 2735
"C:/Users/Xande/Documents/GitHub/DMM_Vertical_Slice/Content/DavidsMightyMen/Art/FBX/Modular_Kits/FBX/pPipe5.uexp" 2736
"C:/Users/Xande/Documents/GitHub/DMM_Vertical_Slice/Content/DavidsMightyMen/Art/FBX/Modular_Kits/FBX/pPipe4.ubulk" 2737
"C:/Users/Xande/Documents/GitHub/DMM_Vertical_Slice/Content/DavidsMightyMen/Art/FBX/Modular_Kits/FBX/pPipe4.uasset" 2738
"C:/Users/Xande/Documents/GitHub/DMM_Vertical_Slice/Content/DavidsMightyMen/Art/FBX/Modular_Kits/FBX/pPipe4.uexp" 2739
"C:/Users/Xande/Documents/GitHub/DMM_Vertical_Slice/Content/DavidsMightyMen/Art/FBX/Modular_Kits/FBX/polySurface30.ubulk" 2740
"C:/Users/Xande/Documents/GitHub/DMM_Vertical_Slice/Content/DavidsMightyMen/Art/FBX/Modular_Kits/FBX/polySurface30.uasset" 2741
"C:/Users/Xande/Documents/GitHub/DMM_Vertical_Slice/Content/DavidsMightyMen/Art/FBX/Modular_Kits/FBX/polySurface30.uexp" 2742
"C:/Users/Xande/Documents/GitHub/DMM_Vertical_Slice/Content/DavidsMightyMen/Art/FBX/Modular_Kits/FBX/polySurface102.ubulk" 2743
"C:/Users/Xande/Documents/GitHub/DMM_Vertical_Slice/Content/DavidsMightyMen/Art/FBX/Modular_Kits/FBX/polySurface102.uasset" 2744
"C:/Users/Xande/Documents/GitHub/DMM_Vertical_Slice/Content/DavidsMightyMen/Art/FBX/Modular_Kits/FBX/polySurface102.uexp" 2745
"C:/Users/Xande/Documents/GitHub/DMM_Vertical_Slice/Content/DavidsMightyMen/Art/FBX/Modular_Kits/FBX/polySurface100.ubulk" 2746
"C:/Users/Xande/Documents/GitHub/DMM_Vertical_Slice/Content/DavidsMightyMen/Art/FBX/Modular_Kits/FBX/polySurface100.uasset" 2747
"C:/Users/Xande/Documents/GitHub/DMM_Vertical_Slice/Content/DavidsMightyMen/Art/FBX/Modular_Kits/FBX/polySurface100.uexp" 2748
"C:/Users/Xande/Documents/GitHub/DMM_Vertical_Slice/Content/DavidsMightyMen/Art/FBX/Modular_Kits/FBX/platform.ubulk" 2749
"C:/Users/Xande/Documents/GitHub/DMM_Vertical_Slice/Content/DavidsMightyMen/Art/FBX/Modular_Kits/FBX/platform.uasset" 2750
"C:/Users/Xande/Documents/GitHub/DMM_Vertical_Slice/Content/DavidsMightyMen/Art/FBX/Modular_Kits/FBX/platform.uexp" 2751
"C:/Users/Xande/Documents/GitHub/DMM_Vertical_Slice/Content/DavidsMightyMen/Art/FBX/Modular_Kits/FBX/pillar.ubulk" 2752
"C:/Users/Xande/Documents/GitHub/DMM_Vertical_Slice/Content/DavidsMightyMen/Art/FBX/Modular_Kits/FBX/pillar.uasset" 2753
"C:/Users/Xande/Documents/GitHub/DMM_Vertical_Slice/Content/DavidsMightyMen/Art/FBX/Modular_Kits/FBX/pillar.uexp" 2754
"C:/Users/Xande/Documents/GitHub/DMM_Vertical_Slice/Content/DavidsMightyMen/Art/FBX/Modular_Kits/FBX/pCube54.ubulk" 2755
"C:/Users/Xande/Documents/GitHub/DMM_Vertical_Slice/Content/DavidsMightyMen/Art/FBX/Modular_Kits/FBX/pCube54.uasset" 2756
"C:/Users/Xande/Documents/GitHub/DMM_Vertical_Slice/Content/DavidsMightyMen/Art/FBX/Modular_Kits/FBX/pCube54.uexp" 2757
"C:/Users/Xande/Documents/GitHub/DMM_Vertical_Slice/Content/DavidsMightyMen/Art/FBX/Modular_Kits/FBX/pCube41.ubulk" 2758
"C:/Users/Xande/Documents/GitHub/DMM_Vertical_Slice/Content/DavidsMightyMen/Art/FBX/Modular_Kits/FBX/pCube41.uasset" 2759
"C:/Users/Xande/Documents/GitHub/DMM_Vertical_Slice/Content/DavidsMightyMen/Art/FBX/Modular_Kits/FBX/pCube41.uexp" 2760
"C:/Users/Xande/Documents/GitHub/DMM_Vertical_Slice/Content/DavidsMightyMen/Art/FBX/Modular_Kits/FBX/door_square.ubulk" 2761
"C:/Users/Xande/Documents/GitHub/DMM_Vertical_Slice/Content/DavidsMightyMen/Art/FBX/Modular_Kits/FBX/door_square.uasset" 2762
"C:/Users/Xande/Documents/GitHub/DMM_Vertical_Slice/Content/DavidsMightyMen/Art/FBX/Modular_Kits/FBX/door_square.uexp" 2763
"C:/Users/Xande/Documents/GitHub/DMM_Vertical_Slice/Content/DavidsMightyMen/Art/FBX/Modular_Kits/FBX/door_rounded.ubulk" 2764
"C:/Users/Xande/Documents/GitHub/DMM_Vertical_Slice/Content/DavidsMightyMen/Art/FBX/Modular_Kits/FBX/door_rounded.uasset" 2765
"C:/Users/Xande/Documents/GitHub/DMM_Vertical_Slice/Content/DavidsMightyMen/Art/FBX/Modular_Kits/FBX/door_rounded.uexp" 2766
"C:/Users/Xande/Documents/GitHub/DMM_Vertical_Slice/Content/DavidsMightyMen/Art/FBX/Modular_Kits/FBX/curve.ubulk" 2767
"C:/Users/Xande/Documents/GitHub/DMM_Vertical_Slice/Content/DavidsMightyMen/Art/FBX/Modular_Kits/FBX/curve.uasset" 2768
"C:/Users/Xande/Documents/GitHub/DMM_Vertical_Slice/Content/DavidsMightyMen/Art/FBX/Modular_Kits/FBX/curve.uexp" 2769
"C:/Users/Xande/Documents/GitHub/DMM_Vertical_Slice/Content/DavidsMightyMen/Art/FBX/Modular_Kits/FBX/balcony_holder.ubulk" 2770
"C:/Users/Xande/Documents/GitHub/DMM_Vertical_Slice/Content/DavidsMightyMen/Art/FBX/Modular_Kits/FBX/balcony_holder.uasset" 2771
"C:/Users/Xande/Documents/GitHub/DMM_Vertical_Slice/Content/DavidsMightyMen/Art/FBX/Modular_Kits/FBX/balcony_holder.uexp" 2772
"C:/Users/Xande/Documents/GitHub/DMM_Vertical_Slice/Content/DavidsMightyMen/Art/FBX/Modular_Kits/Material/trimsheet_3_Trimsheet3_OcclusionRoughnessMetallic_Raw.ubulk" 2773
"C:/Users/Xande/Documents/GitHub/DMM_Vertical_Slice/Content/DavidsMightyMen/Art/FBX/Modular_Kits/Material/trimsheet_3_Trimsheet3_OcclusionRoughnessMetallic_Raw.uasset" 2774
"C:/Users/Xande/Documents/GitHub/DMM_Vertical_Slice/Content/DavidsMightyMen/Art/FBX/Modular_Kits/Material/trimsheet_3_Trimsheet3_OcclusionRoughnessMetallic_Raw.uexp" 2775
"C:/Users/Xande/Documents/GitHub/DMM_Vertical_Slice/Content/DavidsMightyMen/Art/FBX/Modular_Kits/Material/trimsheet_3_Trimsheet3_Normal_Raw.ubulk" 2776
"C:/Users/Xande/Documents/GitHub/DMM_Vertical_Slice/Content/DavidsMightyMen/Art/FBX/Modular_Kits/Material/trimsheet_3_Trimsheet3_Normal_Raw.uasset" 2777
"C:/Users/Xande/Documents/GitHub/DMM_Vertical_Slice/Content/DavidsMightyMen/Art/FBX/Modular_Kits/Material/trimsheet_3_Trimsheet3_Normal_Raw.uexp" 2778
"C:/Users/Xande/Documents/GitHub/DMM_Vertical_Slice/Content/DavidsMightyMen/Art/FBX/Modular_Kits/Material/trimsheet_3_Trimsheet3_BaseColor_sRGB.ubulk" 2779
"C:/Users/Xande/Documents/GitHub/DMM_Vertical_Slice/Content/DavidsMightyMen/Art/FBX/Modular_Kits/Material/trimsheet_3_Trimsheet3_BaseColor_sRGB.uasset" 2780
"C:/Users/Xande/Documents/GitHub/DMM_Vertical_Slice/Content/DavidsMightyMen/Art/FBX/Modular_Kits/Material/trimsheet_3_Trimsheet3_BaseColor_sRGB.uexp" 2781
"C:/Users/Xande/Documents/GitHub/DMM_Vertical_Slice/Content/DavidsMightyMen/Art/FBX/Modular_Kits/Material/Props.uasset" 2782
"C:/Users/Xande/Documents/GitHub/DMM_Vertical_Slice/Content/DavidsMightyMen/Art/FBX/Modular_Kits/Material/Props.uexp" 2783
"C:/Users/Xande/Documents/GitHub/DMM_Vertical_Slice/Content/DavidsMightyMen/Art/FBX/Modular_Kits/Material/Props_Inst.uasset" 2784
"C:/Users/Xande/Documents/GitHub/DMM_Vertical_Slice/Content/DavidsMightyMen/Art/FBX/Modular_Kits/Material/Props_Inst.uexp" 2785
"C:/Users/Xande/Documents/GitHub/DMM_Vertical_Slice/Content/DavidsMightyMen/Art/FBX/Modular_Kits/FBX/chair.ubulk" 2786
"C:/Users/Xande/Documents/GitHub/DMM_Vertical_Slice/Content/DavidsMightyMen/Art/FBX/Modular_Kits/FBX/chair.uasset" 2787
"C:/Users/Xande/Documents/GitHub/DMM_Vertical_Slice/Content/DavidsMightyMen/Art/FBX/Modular_Kits/FBX/chair.uexp" 2788
"C:/Users/Xande/Documents/GitHub/DMM_Vertical_Slice/Content/DavidsMightyMen/Art/FBX/Modular_Kits/Material/ModularInt.uasset" 2789
"C:/Users/Xande/Documents/GitHub/DMM_Vertical_Slice/Content/DavidsMightyMen/Art/FBX/Modular_Kits/Material/ModularInt.uexp" 2790
"C:/Users/Xande/Documents/GitHub/DMM_Vertical_Slice/Content/DavidsMightyMen/Art/FBX/Modular_Kits/FBX/potter_1.ubulk" 2791
"C:/Users/Xande/Documents/GitHub/DMM_Vertical_Slice/Content/DavidsMightyMen/Art/FBX/Modular_Kits/FBX/potter_1.uasset" 2792
"C:/Users/Xande/Documents/GitHub/DMM_Vertical_Slice/Content/DavidsMightyMen/Art/FBX/Modular_Kits/FBX/potter_1.uexp" 2793
"C:/Users/Xande/Documents/GitHub/DMM_Vertical_Slice/Content/DavidsMightyMen/Art/FBX/Modular_Kits/FBX/wagon.ubulk" 2794
"C:/Users/Xande/Documents/GitHub/DMM_Vertical_Slice/Content/DavidsMightyMen/Art/FBX/Modular_Kits/FBX/wagon.uasset" 2795
"C:/Users/Xande/Documents/GitHub/DMM_Vertical_Slice/Content/DavidsMightyMen/Art/FBX/Modular_Kits/FBX/wagon.uexp" 2796
"C:/Users/Xande/Documents/GitHub/DMM_Vertical_Slice/Content/DavidsMightyMen/Art/FBX/Modular_Kits/FBX/well.ubulk" 2797
"C:/Users/Xande/Documents/GitHub/DMM_Vertical_Slice/Content/DavidsMightyMen/Art/FBX/Modular_Kits/FBX/well.uasset" 2798
"C:/Users/Xande/Documents/GitHub/DMM_Vertical_Slice/Content/DavidsMightyMen/Art/FBX/Modular_Kits/FBX/well.uexp" 2799
"C:/Users/Xande/Documents/GitHub/DMM_Vertical_Slice/Content/DavidsMightyMen/Art/FBX/Modular_Kits/FBX/window.ubulk" 2800
"C:/Users/Xande/Documents/GitHub/DMM_Vertical_Slice/Content/DavidsMightyMen/Art/FBX/Modular_Kits/FBX/window.uasset" 2801
"C:/Users/Xande/Documents/GitHub/DMM_Vertical_Slice/Content/DavidsMightyMen/Art/FBX/Modular_Kits/FBX/window.uexp" 2802
"C:/Users/Xande/Documents/GitHub/DMM_Vertical_Slice/Content/DavidsMightyMen/Maps/Level_1_City/SubLevels/Kitbashing.uexp" 2803
"C:/Users/Xande/Documents/GitHub/DMM_Vertical_Slice/Content/DavidsMightyMen/Maps/Level_1_City/SubLevels/Kitbashing.umap" 2804
"C:/Users/Xande/Documents/GitHub/DMM_Vertical_Slice/Content/DavidsMightyMen/Maps/Level_1_City/SubLevels/Enemies.uexp" 2805
"C:/Users/Xande/Documents/GitHub/DMM_Vertical_Slice/Content/DavidsMightyMen/Maps/Level_1_City/SubLevels/Enemies.umap" 2806
"C:/Users/Xande/Documents/GitHub/DMM_Vertical_Slice/Content/DavidsMightyMen/Maps/Level_1_City/SubLevels/DesertPostProcess.uexp" 2807
"C:/Users/Xande/Documents/GitHub/DMM_Vertical_Slice/Content/DavidsMightyMen/Maps/Level_1_City/SubLevels/DesertPostProcess.umap" 2808
"../../../Engine/Content/EngineMaterials/DefaultPhysicalMaterial.uasset" 2809
"../../../Engine/Content/EngineMaterials/DefaultPhysicalMaterial.uexp" 2810
"../../../Engine/Content/Functions/Engine_MaterialFunctions02/ExampleContent/Textures/water_d.ubulk" 2811
"../../../Engine/Content/Functions/Engine_MaterialFunctions02/ExampleContent/Textures/water_d.uasset" 2812
"../../../Engine/Content/Functions/Engine_MaterialFunctions02/ExampleContent/Textures/water_d.uexp" 2813
"C:/Users/Xande/Documents/GitHub/DMM_Vertical_Slice/Content/DavidsMightyMen/MaterialLibrary/Sand/Sand_OcclusionRoughnessMetallic.ubulk" 2814
"C:/Users/Xande/Documents/GitHub/DMM_Vertical_Slice/Content/DavidsMightyMen/MaterialLibrary/Sand/Sand_OcclusionRoughnessMetallic.uasset" 2815
"C:/Users/Xande/Documents/GitHub/DMM_Vertical_Slice/Content/DavidsMightyMen/MaterialLibrary/Sand/Sand_OcclusionRoughnessMetallic.uexp" 2816
"C:/Users/Xande/Documents/GitHub/DMM_Vertical_Slice/Content/DavidsMightyMen/MaterialLibrary/Sand/Sand_BaseColor.ubulk" 2817
"C:/Users/Xande/Documents/GitHub/DMM_Vertical_Slice/Content/DavidsMightyMen/MaterialLibrary/Sand/Sand_BaseColor.uasset" 2818
"C:/Users/Xande/Documents/GitHub/DMM_Vertical_Slice/Content/DavidsMightyMen/MaterialLibrary/Sand/Sand_BaseColor.uexp" 2819
"C:/Users/Xande/Documents/GitHub/DMM_Vertical_Slice/Content/DavidsMightyMen/MaterialLibrary/Sand/MainSandSetup_normal.ubulk" 2820
"C:/Users/Xande/Documents/GitHub/DMM_Vertical_Slice/Content/DavidsMightyMen/MaterialLibrary/Sand/MainSandSetup_normal.uasset" 2821
"C:/Users/Xande/Documents/GitHub/DMM_Vertical_Slice/Content/DavidsMightyMen/MaterialLibrary/Sand/MainSandSetup_normal.uexp" 2822
"C:/Users/Xande/Documents/GitHub/DMM_Vertical_Slice/Content/DavidsMightyMen/MaterialLibrary/Desert_Materials/M_AshSand.uasset" 2823
"C:/Users/Xande/Documents/GitHub/DMM_Vertical_Slice/Content/DavidsMightyMen/MaterialLibrary/Desert_Materials/M_AshSand.uexp" 2824
"C:/Users/Xande/Documents/GitHub/DMM_Vertical_Slice/Content/DavidsMightyMen/MaterialLibrary/Desert_Materials/MI_AshSand_Inst.uasset" 2825
"C:/Users/Xande/Documents/GitHub/DMM_Vertical_Slice/Content/DavidsMightyMen/MaterialLibrary/Desert_Materials/MI_AshSand_Inst.uexp" 2826
"C:/Users/Xande/Documents/GitHub/DMM_Vertical_Slice/Content/DavidsMightyMen/Maps/Level_1_City/SubLevels/DesertLandscape.uexp" 2827
"C:/Users/Xande/Documents/GitHub/DMM_Vertical_Slice/Content/DavidsMightyMen/Maps/Level_1_City/SubLevels/DesertLandscape.ubulk" 2828
"C:/Users/Xande/Documents/GitHub/DMM_Vertical_Slice/Content/DavidsMightyMen/Maps/Level_1_City/SubLevels/DesertLandscape.umap" 2829
"C:/Users/Xande/Documents/GitHub/DMM_Vertical_Slice/Content/DavidsMightyMen/Maps/Level_1_City/SubLevels/DayLighting.uexp" 2830
"C:/Users/Xande/Documents/GitHub/DMM_Vertical_Slice/Content/DavidsMightyMen/Maps/Level_1_City/SubLevels/DayLighting.umap" 2831
"C:/Users/Xande/Documents/GitHub/DMM_Vertical_Slice/Content/DavidsMightyMen/Maps/Level_1_City/SubLevels/CityLighting.uexp" 2832
"C:/Users/Xande/Documents/GitHub/DMM_Vertical_Slice/Content/DavidsMightyMen/Maps/Level_1_City/SubLevels/CityLighting.umap" 2833
"C:/Users/Xande/Documents/GitHub/DMM_Vertical_Slice/Content/DavidsMightyMen/Cinematics/WalkthroughCam.uasset" 2834
"C:/Users/Xande/Documents/GitHub/DMM_Vertical_Slice/Content/DavidsMightyMen/Cinematics/WalkthroughCam.uexp" 2835
"C:/Users/Xande/Documents/GitHub/DMM_Vertical_Slice/Content/DavidsMightyMen/Cinematics/OG_Intro1.uasset" 2836
"C:/Users/Xande/Documents/GitHub/DMM_Vertical_Slice/Content/DavidsMightyMen/Cinematics/OG_Intro1.uexp" 2837
"C:/Users/Xande/Documents/GitHub/DMM_Vertical_Slice/Content/DavidsMightyMen/Cinematics/LeftCornerActionShot.uasset" 2838
"C:/Users/Xande/Documents/GitHub/DMM_Vertical_Slice/Content/DavidsMightyMen/Cinematics/LeftCornerActionShot.uexp" 2839
"C:/Users/Xande/Documents/GitHub/DMM_Vertical_Slice/Content/DavidsMightyMen/Cinematics/Armory1.uasset" 2840
"C:/Users/Xande/Documents/GitHub/DMM_Vertical_Slice/Content/DavidsMightyMen/Cinematics/Armory1.uexp" 2841
"C:/Users/Xande/Documents/GitHub/DMM_Vertical_Slice/Content/DavidsMightyMen/Cinematics/PillarFalling.uasset" 2842
"C:/Users/Xande/Documents/GitHub/DMM_Vertical_Slice/Content/DavidsMightyMen/Cinematics/PillarFalling.uexp" 2843
"C:/Users/Xande/Documents/GitHub/DMM_Vertical_Slice/Content/DavidsMightyMen/Maps/Level_1_City/SubLevels/Cinematics.uexp" 2844
"C:/Users/Xande/Documents/GitHub/DMM_Vertical_Slice/Content/DavidsMightyMen/Maps/Level_1_City/SubLevels/Cinematics.umap" 2845
"../../../Engine/Content/BasicShapes/Cone.ubulk" 2846
"../../../Engine/Content/BasicShapes/Cone.uasset" 2847
"../../../Engine/Content/BasicShapes/Cone.uexp" 2848
"../../../Engine/Content/EditorMeshes/ColorCalibrator/M_GreyBall.uasset" 2849
"../../../Engine/Content/EditorMeshes/ColorCalibrator/M_GreyBall.uexp" 2850
"C:/Users/Xande/Documents/GitHub/DMM_Vertical_Slice/Content/DavidsMightyMen/MaterialLibrary/City_Sand/CitySand_roughness.ubulk" 2851
"C:/Users/Xande/Documents/GitHub/DMM_Vertical_Slice/Content/DavidsMightyMen/MaterialLibrary/City_Sand/CitySand_roughness.uasset" 2852
"C:/Users/Xande/Documents/GitHub/DMM_Vertical_Slice/Content/DavidsMightyMen/MaterialLibrary/City_Sand/CitySand_roughness.uexp" 2853
"C:/Users/Xande/Documents/GitHub/DMM_Vertical_Slice/Content/DavidsMightyMen/MaterialLibrary/City_Sand/CitySand_normal.ubulk" 2854
"C:/Users/Xande/Documents/GitHub/DMM_Vertical_Slice/Content/DavidsMightyMen/MaterialLibrary/City_Sand/CitySand_normal.uasset" 2855
"C:/Users/Xande/Documents/GitHub/DMM_Vertical_Slice/Content/DavidsMightyMen/MaterialLibrary/City_Sand/CitySand_normal.uexp" 2856
"C:/Users/Xande/Documents/GitHub/DMM_Vertical_Slice/Content/DavidsMightyMen/MaterialLibrary/City_Sand/CitySand_height.ubulk" 2857
"C:/Users/Xande/Documents/GitHub/DMM_Vertical_Slice/Content/DavidsMightyMen/MaterialLibrary/City_Sand/CitySand_height.uasset" 2858
"C:/Users/Xande/Documents/GitHub/DMM_Vertical_Slice/Content/DavidsMightyMen/MaterialLibrary/City_Sand/CitySand_height.uexp" 2859
"C:/Users/Xande/Documents/GitHub/DMM_Vertical_Slice/Content/DavidsMightyMen/MaterialLibrary/City_Sand/CitySand_basecolor.ubulk" 2860
"C:/Users/Xande/Documents/GitHub/DMM_Vertical_Slice/Content/DavidsMightyMen/MaterialLibrary/City_Sand/CitySand_basecolor.uasset" 2861
"C:/Users/Xande/Documents/GitHub/DMM_Vertical_Slice/Content/DavidsMightyMen/MaterialLibrary/City_Sand/CitySand_basecolor.uexp" 2862
"C:/Users/Xande/Documents/GitHub/DMM_Vertical_Slice/Content/DavidsMightyMen/MaterialLibrary/City_Sand/CitySand_ambientocclusion.ubulk" 2863
"C:/Users/Xande/Documents/GitHub/DMM_Vertical_Slice/Content/DavidsMightyMen/MaterialLibrary/City_Sand/CitySand_ambientocclusion.uasset" 2864
"C:/Users/Xande/Documents/GitHub/DMM_Vertical_Slice/Content/DavidsMightyMen/MaterialLibrary/City_Sand/CitySand_ambientocclusion.uexp" 2865
"C:/Users/Xande/Documents/GitHub/DMM_Vertical_Slice/Content/DavidsMightyMen/MaterialLibrary/City_Sand/City_Sand.uasset" 2866
"C:/Users/Xande/Documents/GitHub/DMM_Vertical_Slice/Content/DavidsMightyMen/MaterialLibrary/City_Sand/City_Sand.uexp" 2867
"C:/Users/Xande/Documents/GitHub/DMM_Vertical_Slice/Content/DavidsMightyMen/Maps/Level_1_City/_GENERATED/User/Boolean_CC5ED6D4.ubulk" 2868
"C:/Users/Xande/Documents/GitHub/DMM_Vertical_Slice/Content/DavidsMightyMen/Maps/Level_1_City/_GENERATED/User/Boolean_CC5ED6D4.uasset" 2869
"C:/Users/Xande/Documents/GitHub/DMM_Vertical_Slice/Content/DavidsMightyMen/Maps/Level_1_City/_GENERATED/User/Boolean_CC5ED6D4.uexp" 2870
"C:/Users/Xande/Documents/GitHub/DMM_Vertical_Slice/Content/DavidsMightyMen/Maps/Level_1_City/_GENERATED/User/Boolean_B97C508E.ubulk" 2871
"C:/Users/Xande/Documents/GitHub/DMM_Vertical_Slice/Content/DavidsMightyMen/Maps/Level_1_City/_GENERATED/User/Boolean_B97C508E.uasset" 2872
"C:/Users/Xande/Documents/GitHub/DMM_Vertical_Slice/Content/DavidsMightyMen/Maps/Level_1_City/_GENERATED/User/Boolean_B97C508E.uexp" 2873
"C:/Users/Xande/Documents/GitHub/DMM_Vertical_Slice/Content/DavidsMightyMen/Maps/Level_1_City/_GENERATED/User/Boolean_AF17FB9B.ubulk" 2874
"C:/Users/Xande/Documents/GitHub/DMM_Vertical_Slice/Content/DavidsMightyMen/Maps/Level_1_City/_GENERATED/User/Boolean_AF17FB9B.uasset" 2875
"C:/Users/Xande/Documents/GitHub/DMM_Vertical_Slice/Content/DavidsMightyMen/Maps/Level_1_City/_GENERATED/User/Boolean_AF17FB9B.uexp" 2876
"C:/Users/Xande/Documents/GitHub/DMM_Vertical_Slice/Content/DavidsMightyMen/Maps/Level_1_City/_GENERATED/User/Boolean_3948CE9E.ubulk" 2877
"C:/Users/Xande/Documents/GitHub/DMM_Vertical_Slice/Content/DavidsMightyMen/Maps/Level_1_City/_GENERATED/User/Boolean_3948CE9E.uasset" 2878
"C:/Users/Xande/Documents/GitHub/DMM_Vertical_Slice/Content/DavidsMightyMen/Maps/Level_1_City/_GENERATED/User/Boolean_3948CE9E.uexp" 2879
"C:/Users/Xande/Documents/GitHub/DMM_Vertical_Slice/Content/DavidsMightyMen/Maps/Level_1_City/SL_Blockouts/City_Blockout.uexp" 2880
"C:/Users/Xande/Documents/GitHub/DMM_Vertical_Slice/Content/DavidsMightyMen/Maps/Level_1_City/SL_Blockouts/City_Blockout.umap" 2881
